Found 311 materials in /media/raid/cloth/Bonn_train
Subsampling 200,000 positive values / material for the global pool.

[1/311] mat0001
  shape: K=100 views, V=262144 pixels, size=78,643,200, positive=67,833,231
  [per-mat] n=78,643,200  min=0  max=113.3  mean=0.08189  median=0.006165  std=1.06  geomean(>0)=0.008248
    quantiles: p    1=0  p    5=0  p   10=0  p   25=0.0008006  p   50=0.006165  p   75=0.02753  p   90=0.0882  p   95=0.1554  p   99=0.7559  p 99.9=13
    above-thr: >0.001=72.50%  >0.01=42.72%  >0.1= 8.67%  >0.5= 1.39%  >1= 0.81%  >5= 0.25%  >10= 0.13%  >100= 0.00%
[2/311] mat0002
  shape: K=100 views, V=1440348 pixels, size=432,104,400, positive=431,062,816
  [per-mat] n=432,104,400  min=0  max=136.4  mean=0.08071  median=0.00565  std=1.09  geomean(>0)=0.006516
    quantiles: p    1=0.0003676  p    5=0.0006008  p   10=0.0008125  p   25=0.001661  p   50=0.00565  p   75=0.01973  p   90=0.05609  p   95=0.1151  p   99=0.9595  p 99.9=12.92
    above-thr: >0.001=85.74%  >0.01=38.33%  >0.1= 5.70%  >0.5= 1.58%  >1= 0.97%  >5= 0.27%  >10= 0.13%  >100= 0.00%
[3/311] mat0005
  shape: K=100 views, V=1514100 pixels, size=454,230,000, positive=452,051,762
  [per-mat] n=454,230,000  min=0  max=111.9  mean=0.0612  median=0.007065  std=0.6932  geomean(>0)=0.008099
    quantiles: p    1=0.000411  p    5=0.000813  p   10=0.001143  p   25=0.002243  p   50=0.007065  p   75=0.02472  p   90=0.06036  p   95=0.1061  p   99=0.6821  p 99.9=8.672
    above-thr: >0.001=92.24%  >0.01=42.95%  >0.1= 5.36%  >0.5= 1.26%  >1= 0.75%  >5= 0.19%  >10= 0.08%  >100= 0.00%
[4/311] mat0006
  shape: K=100 views, V=1650526 pixels, size=495,157,800, positive=439,340,571
  [per-mat] n=495,157,800  min=0  max=148.1  mean=0.04581  median=0.004864  std=0.7564  geomean(>0)=0.006374
    quantiles: p    1=0  p    5=0  p   10=0  p   25=0.0007706  p   50=0.004864  p   75=0.02229  p   90=0.06561  p   95=0.1083  p   99=0.3174  p 99.9=5.07
    above-thr: >0.001=72.16%  >0.01=38.57%  >0.1= 5.65%  >0.5= 0.62%  >1= 0.35%  >5= 0.10%  >10= 0.05%  >100= 0.00%
[5/311] mat0008
  shape: K=100 views, V=346026 pixels, size=103,807,800, positive=103,798,142
  [per-mat] n=103,807,800  min=0  max=117.7  mean=0.2118  median=0.056  std=1.524  geomean(>0)=0.05508
    quantiles: p    1=0.003229  p    5=0.005524  p   10=0.009125  p   25=0.0251  p   50=0.056  p   75=0.1312  p   90=0.2322  p   95=0.3633  p   99=2.439  p 99.9=25.62
    above-thr: >0.001=99.99%  >0.01=89.03%  >0.1=33.60%  >0.5= 3.44%  >1= 1.90%  >5= 0.58%  >10= 0.32%  >100= 0.00%
[6/311] mat0009
  shape: K=100 views, V=262144 pixels, size=78,643,200, positive=78,526,763
  [per-mat] n=78,643,200  min=0  max=118.8  mean=0.1449  median=0.04504  std=1.244  geomean(>0)=0.03985
    quantiles: p    1=0.002026  p    5=0.003466  p   10=0.005615  p   25=0.01778  p   50=0.04504  p   75=0.0993  p   90=0.1658  p   95=0.2482  p   99=1.287  p 99.9=16.91
    above-thr: >0.001=99.84%  >0.01=83.29%  >0.1=24.76%  >0.5= 2.12%  >1= 1.20%  >5= 0.35%  >10= 0.18%  >100= 0.00%
[7/311] mat0010
  shape: K=100 views, V=303000 pixels, size=90,900,000, positive=90,666,371
  [per-mat] n=90,900,000  min=0  max=1.613  mean=0.02968  median=0.01761  std=0.02987  geomean(>0)=0.0167
    quantiles: p    1=0.0008416  p    5=0.002001  p   10=0.003103  p   25=0.007328  p   50=0.01761  p   75=0.04868  p   90=0.06958  p   95=0.08575  p   99=0.1271  p 99.9=0.2068
    above-thr: >0.001=98.61%  >0.01=67.30%  >0.1= 2.85%  >0.5= 0.00%  >1= 0.00%  >5= 0.00%  >10= 0.00%  >100= 0.00%
[8/311] mat0011
  shape: K=100 views, V=166848 pixels, size=50,054,400, positive=49,955,750
  [per-mat] n=50,054,400  min=0  max=4.879  mean=0.1291  median=0.1382  std=0.05164  geomean(>0)=0.1153
    quantiles: p    1=0.01083  p    5=0.05267  p   10=0.06305  p   25=0.08032  p   50=0.1382  p   75=0.1743  p   90=0.1921  p   95=0.1998  p   99=0.2117  p 99.9=0.223
    above-thr: >0.001=99.80%  >0.01=99.09%  >0.1=65.09%  >0.5= 0.00%  >1= 0.00%  >5= 0.00%  >10= 0.00%  >100= 0.00%
[9/311] mat0012
  shape: K=100 views, V=300490 pixels, size=90,147,000, positive=69,399,639
  [per-mat] n=90,147,000  min=0  max=2.385  mean=0.01676  median=0.002914  std=0.02461  geomean(>0)=0.007529
    quantiles: p    1=0  p    5=0  p   10=0  p   25=0.0003119  p   50=0.002914  p   75=0.03087  p   90=0.05136  p   95=0.06403  p   99=0.1036  p 99.9=0.1488
    above-thr: >0.001=67.64%  >0.01=35.86%  >0.1= 1.15%  >0.5= 0.00%  >1= 0.00%  >5= 0.00%  >10= 0.00%  >100= 0.00%
[10/311] mat0013
  shape: K=100 views, V=329334 pixels, size=98,800,200, positive=92,150,621
  [per-mat] n=98,800,200  min=0  max=25.38  mean=0.006532  median=0.002714  std=0.02094  geomean(>0)=0.002822
    quantiles: p    1=0  p    5=0  p   10=0.0001097  p   25=0.0008688  p   50=0.002714  p   75=0.008301  p   90=0.01654  p   95=0.02458  p   99=0.04453  p 99.9=0.09131
    above-thr: >0.001=73.15%  >0.01=19.62%  >0.1= 0.07%  >0.5= 0.00%  >1= 0.00%  >5= 0.00%  >10= 0.00%  >100= 0.00%
[11/311] mat0014
  shape: K=100 views, V=300490 pixels, size=90,147,000, positive=89,613,575
  [per-mat] n=90,147,000  min=0  max=25  mean=0.01873  median=0.008568  std=0.03613  geomean(>0)=0.008283
    quantiles: p    1=0.0002233  p    5=0.0008249  p   10=0.001265  p   25=0.002707  p   50=0.008568  p   75=0.02637  p   90=0.04956  p   95=0.06525  p   99=0.09875  p 99.9=0.1909
    above-thr: >0.001=93.15%  >0.01=46.92%  >0.1= 0.97%  >0.5= 0.01%  >1= 0.01%  >5= 0.00%  >10= 0.00%  >100= 0.00%
[12/311] mat0015
  shape: K=100 views, V=303356 pixels, size=91,006,800, positive=90,989,435
  [per-mat] n=91,006,800  min=0  max=10.05  mean=0.01261  median=0.008041  std=0.01505  geomean(>0)=0.007517
    quantiles: p    1=0.0006146  p    5=0.001225  p   10=0.001767  p   25=0.00358  p   50=0.008041  p   75=0.01608  p   90=0.0294  p   95=0.03976  p   99=0.06586  p 99.9=0.1242
    above-thr: >0.001=96.83%  >0.01=42.41%  >0.1= 0.28%  >0.5= 0.00%  >1= 0.00%  >5= 0.00%  >10= 0.00%  >100= 0.00%
[13/311] mat0016
  shape: K=100 views, V=299911 pixels, size=89,973,300, positive=89,744,871
  [per-mat] n=89,973,300  min=0  max=13.56  mean=0.01253  median=0.006916  std=0.01732  geomean(>0)=0.00685
    quantiles: p    1=0.0005741  p    5=0.001083  p   10=0.001535  p   25=0.002808  p   50=0.006916  p   75=0.01619  p   90=0.03101  p   95=0.04355  p   99=0.0694  p 99.9=0.1193
    above-thr: >0.001=95.82%  >0.01=39.13%  >0.1= 0.24%  >0.5= 0.00%  >1= 0.00%  >5= 0.00%  >10= 0.00%  >100= 0.00%
[14/311] mat0017
  shape: K=100 views, V=197806 pixels, size=59,341,800, positive=59,276,150
  [per-mat] n=59,341,800  min=0  max=2.771  mean=0.002099  median=0.001381  std=0.005573  geomean(>0)=0.00143
    quantiles: p    1=0.0003254  p    5=0.0005021  p   10=0.0006361  p   25=0.0009265  p   50=0.001381  p   75=0.002077  p   90=0.003099  p   95=0.004318  p   99=0.01248  p 99.9=0.09283
    above-thr: >0.001=70.77%  >0.01= 1.27%  >0.1= 0.08%  >0.5= 0.00%  >1= 0.00%  >5= 0.00%  >10= 0.00%  >100= 0.00%
[15/311] mat0018
  shape: K=100 views, V=273508 pixels, size=82,052,400, positive=82,037,296
  [per-mat] n=82,052,400  min=0  max=12.52  mean=0.003801  median=0.002287  std=0.01395  geomean(>0)=0.002451
    quantiles: p    1=0.0004628  p    5=0.0007377  p   10=0.0009437  p   25=0.001441  p   50=0.002287  p   75=0.003893  p   90=0.006618  p   95=0.00985  p   99=0.02878  p 99.9=0.08783
    above-thr: >0.001=88.45%  >0.01= 4.87%  >0.1= 0.08%  >0.5= 0.01%  >1= 0.00%  >5= 0.00%  >10= 0.00%  >100= 0.00%
[16/311] mat0019
  shape: K=100 views, V=340168 pixels, size=102,050,400, positive=79,206,190
  [per-mat] n=102,050,400  min=0  max=5.105  mean=0.04347  median=0.03912  std=0.04038  geomean(>0)=0.03402
    quantiles: p    1=0  p    5=0  p   10=0  p   25=0.0007367  p   50=0.03912  p   75=0.07434  p   90=0.1009  p   95=0.1137  p   99=0.1462  p 99.9=0.189
    above-thr: >0.001=74.26%  >0.01=66.85%  >0.1=10.45%  >0.5= 0.00%  >1= 0.00%  >5= 0.00%  >10= 0.00%  >100= 0.00%
[17/311] mat0020
  shape: K=100 views, V=468930 pixels, size=140,679,000, positive=140,322,243
  [per-mat] n=140,679,000  min=0  max=112.1  mean=0.02363  median=0.005211  std=0.3002  geomean(>0)=0.005538
    quantiles: p    1=0.0004783  p    5=0.0008893  p   10=0.001206  p   25=0.002144  p   50=0.005211  p   75=0.01204  p   90=0.02542  p   95=0.04373  p   99=0.2343  p 99.9=2.596
    above-thr: >0.001=93.38%  >0.01=30.10%  >0.1= 2.09%  >0.5= 0.53%  >1= 0.28%  >5= 0.04%  >10= 0.02%  >100= 0.00%
[18/311] mat0021
  shape: K=100 views, V=260484 pixels, size=78,145,200, positive=76,870,489
  [per-mat] n=78,145,200  min=0  max=112.2  mean=0.02567  median=0.005817  std=0.3107  geomean(>0)=0.006163
    quantiles: p    1=0  p    5=0.0007772  p   10=0.001173  p   25=0.002317  p   50=0.005817  p   75=0.01335  p   90=0.02808  p   95=0.04926  p   99=0.2646  p 99.9=2.738
    above-thr: >0.001=92.33%  >0.01=33.30%  >0.1= 2.40%  >0.5= 0.57%  >1= 0.30%  >5= 0.05%  >10= 0.02%  >100= 0.00%
[19/311] mat0022
  shape: K=100 views, V=529074 pixels, size=158,722,200, positive=156,200,078
  [per-mat] n=158,722,200  min=0  max=118.6  mean=0.02828  median=0.01202  std=0.1259  geomean(>0)=0.01144
    quantiles: p    1=0  p    5=0.0009332  p   10=0.001414  p   25=0.003613  p   50=0.01202  p   75=0.03345  p   90=0.07697  p   95=0.1019  p   99=0.162  p 99.9=0.4639
    above-thr: >0.001=94.32%  >0.01=54.56%  >0.1= 5.29%  >0.5= 0.09%  >1= 0.04%  >5= 0.01%  >10= 0.00%  >100= 0.00%
[20/311] mat0023
  shape: K=100 views, V=262440 pixels, size=78,732,000, positive=78,507,703
  [per-mat] n=78,732,000  min=0  max=44.09  mean=0.1295  median=0.1125  std=0.09233  geomean(>0)=0.09988
    quantiles: p    1=0.006283  p    5=0.02524  p   10=0.03516  p   25=0.06085  p   50=0.1125  p   75=0.1813  p   90=0.2446  p   95=0.2859  p   99=0.3838  p 99.9=0.6475
    above-thr: >0.001=99.67%  >0.01=98.41%  >0.1=54.98%  >0.5= 0.25%  >1= 0.03%  >5= 0.00%  >10= 0.00%  >100= 0.00%
[21/311] mat0024
  shape: K=100 views, V=529074 pixels, size=158,722,200, positive=148,519,162
  [per-mat] n=158,722,200  min=0  max=95.56  mean=0.09205  median=0.04639  std=0.2143  geomean(>0)=0.03946
    quantiles: p    1=0  p    5=0  p   10=0.0008101  p   25=0.01289  p   50=0.04639  p   75=0.1375  p   90=0.2401  p   95=0.302  p   99=0.4304  p 99.9=0.9731
    above-thr: >0.001=89.26%  >0.01=77.08%  >0.1=32.33%  >0.5= 0.47%  >1= 0.10%  >5= 0.02%  >10= 0.01%  >100= 0.00%
[22/311] mat0025
  shape: K=100 views, V=632800 pixels, size=189,840,000, positive=175,365,850
  [per-mat] n=189,840,000  min=0  max=53.72  mean=0.034  median=0.01978  std=0.07963  geomean(>0)=0.01929
    quantiles: p    1=0  p    5=0  p   10=0.000906  p   25=0.006954  p   50=0.01978  p   75=0.04532  p   90=0.08319  p   95=0.1122  p   99=0.1794  p 99.9=0.353
    above-thr: >0.001=89.77%  >0.01=67.80%  >0.1= 6.72%  >0.5= 0.05%  >1= 0.02%  >5= 0.00%  >10= 0.00%  >100= 0.00%
[23/311] mat0026
  shape: K=100 views, V=220884 pixels, size=66,265,200, positive=55,717,527
  [per-mat] n=66,265,200  min=0  max=76.88  mean=0.02955  median=0.008362  std=0.0843  geomean(>0)=0.0117
    quantiles: p    1=0  p    5=0  p   10=0  p   25=0.001311  p   50=0.008362  p   75=0.03412  p   90=0.09387  p   95=0.1289  p   99=0.1998  p 99.9=0.3503
    above-thr: >0.001=77.44%  >0.01=46.81%  >0.1= 8.95%  >0.5= 0.05%  >1= 0.02%  >5= 0.00%  >10= 0.00%  >100= 0.00%
[24/311] mat0028
  shape: K=100 views, V=738278 pixels, size=221,483,400, positive=220,973,674
  [per-mat] n=221,483,400  min=0  max=82.75  mean=0.1401  median=0.1064  std=0.2721  geomean(>0)=0.1023
    quantiles: p    1=0.01704  p    5=0.02924  p   10=0.03738  p   25=0.05997  p   50=0.1064  p   75=0.1694  p   90=0.2559  p   95=0.3391  p   99=0.583  p 99.9=2.332
    above-thr: >0.001=99.77%  >0.01=99.57%  >0.1=53.17%  >0.5= 1.66%  >1= 0.27%  >5= 0.04%  >10= 0.01%  >100= 0.00%
[25/311] mat0029
  shape: K=100 views, V=397631 pixels, size=119,289,300, positive=119,232,699
  [per-mat] n=119,289,300  min=0  max=80.06  mean=0.1418  median=0.1227  std=0.1651  geomean(>0)=0.1124
    quantiles: p    1=0.02287  p    5=0.0336  p   10=0.04208  p   25=0.06818  p   50=0.1227  p   75=0.1917  p   90=0.2563  p   95=0.3022  p   99=0.4397  p 99.9=0.8193
    above-thr: >0.001=99.95%  >0.01=99.75%  >0.1=58.86%  >0.5= 0.59%  >1= 0.06%  >5= 0.01%  >10= 0.00%  >100= 0.00%
[26/311] mat0030
  shape: K=100 views, V=360282 pixels, size=108,084,600, positive=107,623,357
  [per-mat] n=108,084,600  min=0  max=97.56  mean=0.1121  median=0.04373  std=0.6677  geomean(>0)=0.04433
    quantiles: p    1=0.002708  p    5=0.006195  p   10=0.009781  p   25=0.02032  p   50=0.04373  p   75=0.09467  p   90=0.1819  p   95=0.28  p   99=0.8271  p 99.9=8.938
    above-thr: >0.001=99.55%  >0.01=89.69%  >0.1=23.41%  >0.5= 1.97%  >1= 0.81%  >5= 0.19%  >10= 0.09%  >100= 0.00%
[27/311] mat0031
  shape: K=100 views, V=182991 pixels, size=54,897,300, positive=54,595,795
  [per-mat] n=54,897,300  min=0  max=97.38  mean=0.09575  median=0.03812  std=0.5576  geomean(>0)=0.03927
    quantiles: p    1=0.00234  p    5=0.0056  p   10=0.00856  p   25=0.0173  p   50=0.03812  p   75=0.08606  p   90=0.1703  p   95=0.2581  p   99=0.6816  p 99.9=6.41
    above-thr: >0.001=99.39%  >0.01=87.47%  >0.1=21.02%  >0.5= 1.62%  >1= 0.61%  >5= 0.13%  >10= 0.06%  >100= 0.00%
[28/311] mat0033
  shape: K=100 views, V=166996 pixels, size=50,098,800, positive=49,980,918
  [per-mat] n=50,098,800  min=0  max=78.94  mean=0.1595  median=0.0918  std=0.5481  geomean(>0)=0.08926
    quantiles: p    1=0.005932  p    5=0.01675  p   10=0.02632  p   25=0.04721  p   50=0.0918  p   75=0.1731  p   90=0.2793  p   95=0.3889  p   99=0.9473  p 99.9=7.09
    above-thr: >0.001=99.76%  >0.01=97.60%  >0.1=46.74%  >0.5= 2.98%  >1= 0.93%  >5= 0.16%  >10= 0.06%  >100= 0.00%
[29/311] mat0034
  shape: K=100 views, V=335650 pixels, size=100,695,000, positive=99,803,534
  [per-mat] n=100,695,000  min=0  max=95.44  mean=0.04218  median=0.01366  std=0.3518  geomean(>0)=0.01343
    quantiles: p    1=0.0002627  p    5=0.00142  p   10=0.002234  p   25=0.005234  p   50=0.01366  p   75=0.0318  p   90=0.06769  p   95=0.1057  p   99=0.3682  p 99.9=3.217
    above-thr: >0.001=97.29%  >0.01=59.09%  >0.1= 5.48%  >0.5= 0.73%  >1= 0.36%  >5= 0.06%  >10= 0.02%  >100= 0.00%
[30/311] mat0036
  shape: K=100 views, V=339375 pixels, size=101,812,500, positive=101,046,724
  [per-mat] n=101,812,500  min=0  max=109.9  mean=0.03213  median=0.009079  std=0.3228  geomean(>0)=0.009236
    quantiles: p    1=0.0005298  p    5=0.001226  p   10=0.001709  p   25=0.003475  p   50=0.009079  p   75=0.02075  p   90=0.04431  p   95=0.07703  p   99=0.3098  p 99.9=2.705
    above-thr: >0.001=96.89%  >0.01=47.05%  >0.1= 3.61%  >0.5= 0.61%  >1= 0.30%  >5= 0.05%  >10= 0.02%  >100= 0.00%
[31/311] mat0039
  shape: K=100 views, V=331320 pixels, size=99,396,000, positive=99,282,460
  [per-mat] n=99,396,000  min=0  max=99.25  mean=0.1448  median=0.1144  std=0.2513  geomean(>0)=0.1065
    quantiles: p    1=0.01001  p    5=0.02902  p   10=0.03928  p   25=0.06555  p   50=0.1144  p   75=0.1788  p   90=0.2568  p   95=0.3318  p   99=0.6587  p 99.9=1.536
    above-thr: >0.001=99.88%  >0.01=99.00%  >0.1=56.95%  >0.5= 1.97%  >1= 0.27%  >5= 0.02%  >10= 0.01%  >100= 0.00%
[32/311] mat0042
  shape: K=100 views, V=780516 pixels, size=234,154,800, positive=233,686,341
  [per-mat] n=234,154,800  min=0  max=67.94  mean=0.01286  median=0.005161  std=0.06992  geomean(>0)=0.005598
    quantiles: p    1=0.0006609  p    5=0.001084  p   10=0.00141  p   25=0.00239  p   50=0.005161  p   75=0.01154  p   90=0.02319  p   95=0.03833  p   99=0.141  p 99.9=0.3982
    above-thr: >0.001=96.09%  >0.01=29.07%  >0.1= 1.67%  >0.5= 0.07%  >1= 0.03%  >5= 0.00%  >10= 0.00%  >100= 0.00%
[33/311] mat0043
  shape: K=100 views, V=306636 pixels, size=91,990,800, positive=89,470,954
  [per-mat] n=91,990,800  min=0  max=102.1  mean=0.06875  median=0.007587  std=0.7487  geomean(>0)=0.009384
    quantiles: p    1=0  p    5=0.001173  p   10=0.001711  p   25=0.003103  p   50=0.007587  p   75=0.01944  p   90=0.0509  p   95=0.1138  p   99=0.9297  p 99.9=10.05
    above-thr: >0.001=96.04%  >0.01=42.19%  >0.1= 5.56%  >0.5= 1.60%  >1= 0.94%  >5= 0.23%  >10= 0.10%  >100= 0.00%
[34/311] mat0045
  shape: K=100 views, V=337631 pixels, size=101,289,300, positive=101,055,941
  [per-mat] n=101,289,300  min=0  max=91.25  mean=0.1281  median=0.1071  std=0.2032  geomean(>0)=0.09687
    quantiles: p    1=0.008743  p    5=0.0251  p   10=0.03397  p   25=0.05679  p   50=0.1071  p   75=0.1759  p   90=0.2401  p   95=0.283  p   99=0.3884  p 99.9=0.8667
    above-thr: >0.001=99.77%  >0.01=98.82%  >0.1=52.96%  >0.5= 0.32%  >1= 0.08%  >5= 0.02%  >10= 0.01%  >100= 0.00%
[35/311] mat0046
  shape: K=100 views, V=702556 pixels, size=210,766,800, positive=209,654,678
  [per-mat] n=210,766,800  min=0  max=106.9  mean=0.02875  median=0.00824  std=0.2806  geomean(>0)=0.008927
    quantiles: p    1=0.0007172  p    5=0.001423  p   10=0.001959  p   25=0.003706  p   50=0.00824  p   75=0.01775  p   90=0.04202  p   95=0.08453  p   99=0.2544  p 99.9=2.164
    above-thr: >0.001=97.97%  >0.01=43.21%  >0.1= 4.15%  >0.5= 0.45%  >1= 0.22%  >5= 0.04%  >10= 0.01%  >100= 0.00%
[36/311] mat0048
  shape: K=100 views, V=723110 pixels, size=216,933,000, positive=214,578,433
  [per-mat] n=216,933,000  min=0  max=106.1  mean=0.03734  median=0.01787  std=0.1111  geomean(>0)=0.01598
    quantiles: p    1=0  p    5=0.001277  p   10=0.00197  p   25=0.005238  p   50=0.01787  p   75=0.04691  p   90=0.09979  p   95=0.1361  p   99=0.2156  p 99.9=0.4104
    above-thr: >0.001=96.80%  >0.01=63.57%  >0.1= 9.96%  >0.5= 0.07%  >1= 0.03%  >5= 0.00%  >10= 0.00%  >100= 0.00%
[37/311] mat0049
  shape: K=100 views, V=360620 pixels, size=108,186,000, positive=89,339,467
  [per-mat] n=108,186,000  min=0  max=111.1  mean=0.02856  median=0.007523  std=0.107  geomean(>0)=0.01153
    quantiles: p    1=0  p    5=0  p   10=0  p   25=0.001147  p   50=0.007523  p   75=0.03314  p   90=0.09222  p   95=0.1231  p   99=0.1873  p 99.9=0.3223
    above-thr: >0.001=76.21%  >0.01=45.07%  >0.1= 8.50%  >0.5= 0.04%  >1= 0.02%  >5= 0.00%  >10= 0.00%  >100= 0.00%
[38/311] mat0051
  shape: K=100 views, V=335958 pixels, size=100,787,400, positive=99,998,444
  [per-mat] n=100,787,400  min=0  max=73.06  mean=0.0123  median=0.004646  std=0.05128  geomean(>0)=0.005026
    quantiles: p    1=0.0003738  p    5=0.0008731  p   10=0.001145  p   25=0.001947  p   50=0.004646  p   75=0.01057  p   90=0.0228  p   95=0.0419  p   99=0.1548  p 99.9=0.3291
    above-thr: >0.001=92.84%  >0.01=26.50%  >0.1= 1.94%  >0.5= 0.03%  >1= 0.01%  >5= 0.00%  >10= 0.00%  >100= 0.00%
[39/311] mat0053
  shape: K=100 views, V=651545 pixels, size=195,463,500, positive=193,546,833
  [per-mat] n=195,463,500  min=0  max=84.19  mean=0.04135  median=0.01065  std=0.354  geomean(>0)=0.01088
    quantiles: p    1=6.098e-05  p    5=0.001065  p   10=0.001574  p   25=0.003601  p   50=0.01065  p   75=0.02853  p   90=0.06696  p   95=0.114  p   99=0.3511  p 99.9=3.566
    above-thr: >0.001=95.60%  >0.01=51.56%  >0.1= 6.02%  >0.5= 0.71%  >1= 0.37%  >5= 0.07%  >10= 0.02%  >100= 0.00%
[40/311] mat0054
  shape: K=100 views, V=454116 pixels, size=136,234,800, positive=135,088,632
  [per-mat] n=136,234,800  min=0  max=89  mean=0.05996  median=0.01451  std=0.4294  geomean(>0)=0.015
    quantiles: p    1=0.0001662  p    5=0.001167  p   10=0.001993  p   25=0.004917  p   50=0.01451  p   75=0.04184  p   90=0.1102  p   95=0.1885  p   99=0.5415  p 99.9=4.617
    above-thr: >0.001=95.96%  >0.01=59.32%  >0.1=11.10%  >0.5= 1.09%  >1= 0.54%  >5= 0.09%  >10= 0.03%  >100= 0.00%
[41/311] mat0057
  shape: K=100 views, V=292462 pixels, size=87,738,600, positive=87,106,871
  [per-mat] n=87,738,600  min=0  max=100  mean=0.1485  median=0.08887  std=0.4716  geomean(>0)=0.08469
    quantiles: p    1=0.003164  p    5=0.01176  p   10=0.02095  p   25=0.04187  p   50=0.08887  p   75=0.1793  p   90=0.3035  p   95=0.4143  p   99=0.748  p 99.9=3.59
    above-thr: >0.001=99.27%  >0.01=95.89%  >0.1=46.06%  >0.5= 3.10%  >1= 0.48%  >5= 0.07%  >10= 0.04%  >100= 0.00%
[42/311] mat0060
  shape: K=100 views, V=611780 pixels, size=183,534,000, positive=183,032,888
  [per-mat] n=183,534,000  min=0  max=103.4  mean=0.07736  median=0.01564  std=0.599  geomean(>0)=0.01685
    quantiles: p    1=0.0009041  p    5=0.001629  p   10=0.002333  p   25=0.005161  p   50=0.01564  p   75=0.04556  p   90=0.1346  p   95=0.2484  p   99=0.728  p 99.9=6.898
    above-thr: >0.001=98.65%  >0.01=61.03%  >0.1=13.35%  >0.5= 1.80%  >1= 0.67%  >5= 0.14%  >10= 0.06%  >100= 0.00%
[43/311] mat0061
  shape: K=100 views, V=649740 pixels, size=194,922,000, positive=171,460,674
  [per-mat] n=194,922,000  min=0  max=100.8  mean=0.0997  median=0.03433  std=0.5061  geomean(>0)=0.04057
    quantiles: p    1=0  p    5=0  p   10=0  p   25=0.009491  p   50=0.03433  p   75=0.09766  p   90=0.2117  p   95=0.3225  p   99=0.8081  p 99.9=5.07
    above-thr: >0.001=86.76%  >0.01=74.33%  >0.1=24.47%  >0.5= 2.33%  >1= 0.69%  >5= 0.10%  >10= 0.05%  >100= 0.00%
[44/311] mat0062
  shape: K=100 views, V=231591 pixels, size=69,477,300, positive=67,608,605
  [per-mat] n=69,477,300  min=0  max=88.88  mean=0.02355  median=0.004345  std=0.301  geomean(>0)=0.00518
    quantiles: p    1=0  p    5=0.0005956  p   10=0.0009851  p   25=0.001856  p   50=0.004345  p   75=0.01143  p   90=0.02635  p   95=0.04776  p   99=0.2408  p 99.9=2.545
    above-thr: >0.001=89.76%  >0.01=28.18%  >0.1= 2.32%  >0.5= 0.52%  >1= 0.27%  >5= 0.04%  >10= 0.02%  >100= 0.00%
[45/311] mat0063
  shape: K=100 views, V=608536 pixels, size=182,560,800, positive=181,908,173
  [per-mat] n=182,560,800  min=0  max=101.4  mean=0.03679  median=0.007084  std=0.4042  geomean(>0)=0.007803
    quantiles: p    1=0.0005879  p    5=0.001147  p   10=0.001594  p   25=0.002989  p   50=0.007084  p   75=0.01682  p   90=0.03912  p   95=0.07501  p   99=0.4119  p 99.9=4.152
    above-thr: >0.001=96.40%  >0.01=39.48%  >0.1= 3.73%  >0.5= 0.85%  >1= 0.46%  >5= 0.08%  >10= 0.03%  >100= 0.00%
[46/311] mat0064
  shape: K=100 views, V=406638 pixels, size=121,991,400, positive=121,373,862
  [per-mat] n=121,991,400  min=0  max=111  mean=0.04791  median=0.01009  std=0.4953  geomean(>0)=0.01056
    quantiles: p    1=0.0006804  p    5=0.001389  p   10=0.001995  p   25=0.004147  p   50=0.01009  p   75=0.02281  p   90=0.05014  p   95=0.09265  p   99=0.5498  p 99.9=5.465
    above-thr: >0.001=97.71%  >0.01=50.30%  >0.1= 4.62%  >0.5= 1.08%  >1= 0.60%  >5= 0.11%  >10= 0.04%  >100= 0.00%
[47/311] mat0065
  shape: K=100 views, V=614592 pixels, size=184,377,600, positive=181,790,427
  [per-mat] n=184,377,600  min=0  max=89.44  mean=0.02595  median=0.01125  std=0.0833  geomean(>0)=0.01126
    quantiles: p    1=0  p    5=0.001009  p   10=0.001667  p   25=0.003857  p   50=0.01125  p   75=0.03232  p   90=0.06934  p   95=0.09491  p   99=0.1532  p 99.9=0.3591
    above-thr: >0.001=95.06%  >0.01=52.86%  >0.1= 4.33%  >0.5= 0.06%  >1= 0.03%  >5= 0.00%  >10= 0.00%  >100= 0.00%
[48/311] mat0067
  shape: K=100 views, V=662704 pixels, size=198,811,200, positive=170,248,301
  [per-mat] n=198,811,200  min=0  max=72.25  mean=0.02837  median=0.008575  std=0.07722  geomean(>0)=0.01193
    quantiles: p    1=0  p    5=0  p   10=0  p   25=0.001801  p   50=0.008575  p   75=0.03616  p   90=0.08716  p   95=0.1184  p   99=0.1791  p 99.9=0.3032
    above-thr: >0.001=80.29%  >0.01=47.21%  >0.1= 7.60%  >0.5= 0.05%  >1= 0.02%  >5= 0.00%  >10= 0.00%  >100= 0.00%
[49/311] mat0068
  shape: K=100 views, V=383732 pixels, size=115,119,600, positive=114,426,014
  [per-mat] n=115,119,600  min=0  max=28.09  mean=0.009553  median=0.005173  std=0.02758  geomean(>0)=0.005289
    quantiles: p    1=0.0003672  p    5=0.0009351  p   10=0.001314  p   25=0.002422  p   50=0.005173  p   75=0.01125  p   90=0.02058  p   95=0.02902  p   99=0.06232  p 99.9=0.1832
    above-thr: >0.001=94.24%  >0.01=28.55%  >0.1= 0.39%  >0.5= 0.02%  >1= 0.01%  >5= 0.00%  >10= 0.00%  >100= 0.00%
[50/311] mat0070
  shape: K=100 views, V=671824 pixels, size=201,547,200, positive=198,367,826
  [per-mat] n=201,547,200  min=0  max=104.5  mean=0.0363  median=0.01439  std=0.1889  geomean(>0)=0.01394
    quantiles: p    1=0  p    5=0.001152  p   10=0.001895  p   25=0.00465  p   50=0.01439  p   75=0.0394  p   90=0.08411  p   95=0.1204  p   99=0.2212  p 99.9=1.42
    above-thr: >0.001=95.84%  >0.01=58.63%  >0.1= 7.38%  >0.5= 0.30%  >1= 0.15%  >5= 0.02%  >10= 0.01%  >100= 0.00%
[51/311] mat0071
  shape: K=100 views, V=671824 pixels, size=201,547,200, positive=193,119,372
  [per-mat] n=201,547,200  min=0  max=96.5  mean=0.08211  median=0.03915  std=0.3487  geomean(>0)=0.0317
    quantiles: p    1=0  p    5=0.0002615  p   10=0.001753  p   25=0.01033  p   50=0.03915  p   75=0.1003  p   90=0.1815  p   95=0.2416  p   99=0.4409  p 99.9=3.295
    above-thr: >0.001=92.51%  >0.01=75.41%  >0.1=25.08%  >0.5= 0.81%  >1= 0.37%  >5= 0.06%  >10= 0.02%  >100= 0.00%
[52/311] mat0072
  shape: K=100 views, V=359122 pixels, size=107,736,600, positive=106,802,246
  [per-mat] n=107,736,600  min=0  max=92.81  mean=0.009935  median=0.00452  std=0.04751  geomean(>0)=0.004789
    quantiles: p    1=0.0002668  p    5=0.0008173  p   10=0.001134  p   25=0.002087  p   50=0.00452  p   75=0.01009  p   90=0.01984  p   95=0.02982  p   99=0.08185  p 99.9=0.322
    above-thr: >0.001=92.25%  >0.01=25.25%  >0.1= 0.75%  >0.5= 0.05%  >1= 0.02%  >5= 0.00%  >10= 0.00%  >100= 0.00%
[53/311] mat0073
  shape: K=100 views, V=416619 pixels, size=124,985,700, positive=118,860,130
  [per-mat] n=124,985,700  min=0  max=132.6  mean=0.07991  median=0.01903  std=0.8153  geomean(>0)=0.02032
    quantiles: p    1=0  p    5=4.774e-05  p   10=0.001534  p   25=0.005341  p   50=0.01903  p   75=0.06653  p   90=0.1487  p   95=0.1865  p   99=0.5464  p 99.9=6.883
    above-thr: >0.001=92.56%  >0.01=63.56%  >0.1=17.20%  >0.5= 1.08%  >1= 0.59%  >5= 0.14%  >10= 0.07%  >100= 0.00%
[54/311] mat0074
  shape: K=100 views, V=718612 pixels, size=215,583,600, positive=204,284,709
  [per-mat] n=215,583,600  min=0  max=96.19  mean=0.04875  median=0.02002  std=0.2399  geomean(>0)=0.01899
    quantiles: p    1=0  p    5=0  p   10=0.001341  p   25=0.006329  p   50=0.02002  p   75=0.05063  p   90=0.1019  p   95=0.1481  p   99=0.3667  p 99.9=2.127
    above-thr: >0.001=91.16%  >0.01=66.22%  >0.1=10.32%  >0.5= 0.64%  >1= 0.26%  >5= 0.03%  >10= 0.01%  >100= 0.00%
[55/311] mat0075
  shape: K=100 views, V=724890 pixels, size=217,467,000, positive=215,507,757
  [per-mat] n=217,467,000  min=0  max=122.2  mean=0.08469  median=0.04349  std=0.389  geomean(>0)=0.0376
    quantiles: p    1=0.0001101  p    5=0.002348  p   10=0.005196  p   25=0.01764  p   50=0.04349  p   75=0.09851  p   90=0.1732  p   95=0.2332  p   99=0.5122  p 99.9=2.836
    above-thr: >0.001=97.74%  >0.01=83.74%  >0.1=24.58%  >0.5= 1.04%  >1= 0.37%  >5= 0.05%  >10= 0.02%  >100= 0.00%
[56/311] mat0076
  shape: K=100 views, V=394200 pixels, size=118,260,000, positive=117,319,308
  [per-mat] n=118,260,000  min=0  max=105.4  mean=0.1255  median=0.08191  std=0.3806  geomean(>0)=0.07662
    quantiles: p    1=0.002439  p    5=0.0144  p   10=0.02284  p   25=0.0405  p   50=0.08191  p   75=0.1436  p   90=0.2167  p   95=0.2917  p   99=0.7524  p 99.9=4.062
    above-thr: >0.001=99.15%  >0.01=97.03%  >0.1=42.40%  >0.5= 1.83%  >1= 0.68%  >5= 0.07%  >10= 0.02%  >100= 0.00%
[57/311] mat0077
  shape: K=100 views, V=597488 pixels, size=179,246,400, positive=173,522,459
  [per-mat] n=179,246,400  min=0  max=9.32  mean=0.007962  median=0.00209  std=0.02527  geomean(>0)=0.002878
    quantiles: p    1=0  p    5=0.0003929  p   10=0.000597  p   25=0.0011  p   50=0.00209  p   75=0.006001  p   90=0.0163  p   95=0.03192  p   99=0.09784  p 99.9=0.2939
    above-thr: >0.001=77.88%  >0.01=15.77%  >0.1= 0.96%  >0.5= 0.03%  >1= 0.00%  >5= 0.00%  >10= 0.00%  >100= 0.00%
[58/311] mat0078
  shape: K=100 views, V=701855 pixels, size=210,556,500, positive=158,210,917
  [per-mat] n=210,556,500  min=0  max=16.55  mean=0.01456  median=0.001682  std=0.03798  geomean(>0)=0.004915
    quantiles: p    1=0  p    5=0  p   10=0  p   25=8.821e-06  p   50=0.001682  p   75=0.01944  p   90=0.03851  p   95=0.05612  p   99=0.1481  p 99.9=0.405
    above-thr: >0.001=58.24%  >0.01=32.78%  >0.1= 2.03%  >0.5= 0.06%  >1= 0.01%  >5= 0.00%  >10= 0.00%  >100= 0.00%
[59/311] mat0079
  shape: K=100 views, V=529540 pixels, size=158,862,000, positive=152,767,077
  [per-mat] n=158,862,000  min=0  max=6.547  mean=0.002655  median=0.001481  std=0.01242  geomean(>0)=0.001566
    quantiles: p    1=0  p    5=0.0002892  p   10=0.000479  p   25=0.0008526  p   50=0.001481  p   75=0.002348  p   90=0.003897  p   95=0.006481  p   99=0.02261  p 99.9=0.1166
    above-thr: >0.001=68.55%  >0.01= 2.89%  >0.1= 0.12%  >0.5= 0.01%  >1= 0.00%  >5= 0.00%  >10= 0.00%  >100= 0.00%
[60/311] mat0080
  shape: K=100 views, V=625288 pixels, size=187,586,400, positive=177,471,757
  [per-mat] n=187,586,400  min=0  max=16.5  mean=0.0773  median=0.02989  std=0.1455  geomean(>0)=0.02278
    quantiles: p    1=0  p    5=0  p   10=0.0007324  p   25=0.003769  p   50=0.02989  p   75=0.09363  p   90=0.1956  p   95=0.2981  p   99=0.6655  p 99.9=1.51
    above-thr: >0.001=87.64%  >0.01=64.73%  >0.1=23.72%  >0.5= 1.92%  >1= 0.34%  >5= 0.00%  >10= 0.00%  >100= 0.00%
[61/311] mat0081
  shape: K=100 views, V=593328 pixels, size=177,998,400, positive=170,619,029
  [per-mat] n=177,998,400  min=0  max=20.86  mean=0.05885  median=0.02579  std=0.1048  geomean(>0)=0.02347
    quantiles: p    1=0  p    5=0.0003257  p   10=0.001711  p   25=0.007042  p   50=0.02579  p   75=0.07184  p   90=0.1438  p   95=0.2114  p   99=0.47  p 99.9=1.11
    above-thr: >0.001=92.81%  >0.01=69.47%  >0.1=17.26%  >0.5= 0.86%  >1= 0.14%  >5= 0.00%  >10= 0.00%  >100= 0.00%
[62/311] mat0082
  shape: K=100 views, V=429605 pixels, size=128,881,500, positive=124,545,769
  [per-mat] n=128,881,500  min=0  max=21.78  mean=0.04403  median=0.01304  std=0.1032  geomean(>0)=0.01377
    quantiles: p    1=0  p    5=0.0004945  p   10=0.001271  p   25=0.003712  p   50=0.01304  p   75=0.04318  p   90=0.107  p   95=0.1776  p   99=0.4641  p 99.9=1.183
    above-thr: >0.001=92.06%  >0.01=55.88%  >0.1=10.87%  >0.5= 0.86%  >1= 0.16%  >5= 0.00%  >10= 0.00%  >100= 0.00%
[63/311] mat0083
  shape: K=100 views, V=330344 pixels, size=99,103,200, positive=98,825,693
  [per-mat] n=99,103,200  min=0  max=61.44  mean=0.01952  median=0.005775  std=0.09816  geomean(>0)=0.006843
    quantiles: p    1=0.0007181  p    5=0.001285  p   10=0.001724  p   25=0.002892  p   50=0.005775  p   75=0.01402  p   90=0.03195  p   95=0.05722  p   99=0.2382  p 99.9=1.176
    above-thr: >0.001=97.47%  >0.01=34.04%  >0.1= 2.64%  >0.5= 0.39%  >1= 0.13%  >5= 0.00%  >10= 0.00%  >100= 0.00%
[64/311] mat0084
  shape: K=100 views, V=169798 pixels, size=50,939,400, positive=50,594,088
  [per-mat] n=50,939,400  min=0  max=9.133  mean=0.02516  median=0.008659  std=0.05431  geomean(>0)=0.009546
    quantiles: p    1=0.0005541  p    5=0.00121  p   10=0.001719  p   25=0.003481  p   50=0.008659  p   75=0.02246  p   90=0.05923  p   95=0.1088  p   99=0.2576  p 99.9=0.5757
    above-thr: >0.001=96.73%  >0.01=46.03%  >0.1= 5.60%  >0.5= 0.16%  >1= 0.01%  >5= 0.00%  >10= 0.00%  >100= 0.00%
[65/311] mat0085
  shape: K=100 views, V=385220 pixels, size=115,566,000, positive=114,531,890
  [per-mat] n=115,566,000  min=0  max=7.109  mean=0.02828  median=0.009384  std=0.06261  geomean(>0)=0.01037
    quantiles: p    1=0.0004189  p    5=0.001255  p   10=0.001818  p   25=0.003853  p   50=0.009384  p   75=0.02328  p   90=0.06537  p   95=0.1276  p   99=0.3081  p 99.9=0.6572
    above-thr: >0.001=96.95%  >0.01=48.14%  >0.1= 6.61%  >0.5= 0.26%  >1= 0.02%  >5= 0.00%  >10= 0.00%  >100= 0.00%
[66/311] mat0086
  shape: K=100 views, V=639198 pixels, size=191,759,400, positive=190,540,255
  [per-mat] n=191,759,400  min=0  max=10.77  mean=0.01878  median=0.006752  std=0.04182  geomean(>0)=0.0075
    quantiles: p    1=0.0005212  p    5=0.00108  p   10=0.001472  p   25=0.002855  p   50=0.006752  p   75=0.01709  p   90=0.04037  p   95=0.07513  p   99=0.2032  p 99.9=0.4612
    above-thr: >0.001=95.92%  >0.01=38.98%  >0.1= 3.48%  >0.5= 0.08%  >1= 0.01%  >5= 0.00%  >10= 0.00%  >100= 0.00%
[67/311] mat0087
  shape: K=100 views, V=206624 pixels, size=61,987,200, positive=60,533,505
  [per-mat] n=61,987,200  min=0  max=4.426  mean=0.01403  median=0.004303  std=0.03237  geomean(>0)=0.004899
    quantiles: p    1=0  p    5=0.0004473  p   10=0.0007486  p   25=0.001515  p   50=0.004303  p   75=0.01308  p   90=0.0314  p   95=0.05786  p   99=0.1569  p 99.9=0.356
    above-thr: >0.001=84.79%  >0.01=30.92%  >0.1= 2.37%  >0.5= 0.03%  >1= 0.00%  >5= 0.00%  >10= 0.00%  >100= 0.00%
[68/311] mat0088
  shape: K=100 views, V=322869 pixels, size=96,860,700, positive=95,869,390
  [per-mat] n=96,860,700  min=0  max=12.13  mean=0.01685  median=0.007076  std=0.03324  geomean(>0)=0.007337
    quantiles: p    1=0  p    5=0.0009079  p   10=0.001302  p   25=0.002703  p   50=0.007076  p   75=0.01816  p   90=0.03757  p   95=0.0618  p   99=0.1559  p 99.9=0.3567
    above-thr: >0.001=93.91%  >0.01=40.91%  >0.1= 2.38%  >0.5= 0.03%  >1= 0.00%  >5= 0.00%  >10= 0.00%  >100= 0.00%
[69/311] mat0089
  shape: K=100 views, V=295293 pixels, size=88,587,900, positive=88,553,539
  [per-mat] n=88,587,900  min=0  max=12.14  mean=0.02587  median=0.0116  std=0.05575  geomean(>0)=0.01221
    quantiles: p    1=0.001408  p    5=0.002186  p   10=0.002956  p   25=0.00552  p   50=0.0116  p   75=0.02364  p   90=0.05215  p   95=0.09625  p   99=0.26  p 99.9=0.6084
    above-thr: >0.001=99.75%  >0.01=55.36%  >0.1= 4.77%  >0.5= 0.18%  >1= 0.02%  >5= 0.00%  >10= 0.00%  >100= 0.00%
[70/311] mat0090
  shape: K=100 views, V=184688 pixels, size=55,406,400, positive=51,828,587
  [per-mat] n=55,406,400  min=0  max=11.29  mean=0.04701  median=0.01877  std=0.07158  geomean(>0)=0.01638
    quantiles: p    1=0  p    5=0  p   10=0.0004978  p   25=0.003191  p   50=0.01877  p   75=0.06055  p   90=0.1354  p   95=0.1869  p   99=0.322  p 99.9=0.5752
    above-thr: >0.001=86.15%  >0.01=60.17%  >0.1=15.21%  >0.5= 0.18%  >1= 0.01%  >5= 0.00%  >10= 0.00%  >100= 0.00%
[71/311] mat0091
  shape: K=100 views, V=161196 pixels, size=48,358,800, positive=39,842,624
  [per-mat] n=48,358,800  min=0  max=3.584  mean=0.1024  median=0.08728  std=0.09658  geomean(>0)=0.06107
    quantiles: p    1=0  p    5=0  p   10=0  p   25=0.002607  p   50=0.08728  p   75=0.1685  p   90=0.2539  p   95=0.2832  p   99=0.3296  p 99.9=0.4214
    above-thr: >0.001=79.10%  >0.01=68.27%  >0.1=44.64%  >0.5= 0.03%  >1= 0.00%  >5= 0.00%  >10= 0.00%  >100= 0.00%
[72/311] mat0092
  shape: K=100 views, V=197881 pixels, size=59,364,300, positive=59,317,143
  [per-mat] n=59,364,300  min=0  max=5.34  mean=0.025  median=0.01063  std=0.03521  geomean(>0)=0.01185
    quantiles: p    1=0.001115  p    5=0.001781  p   10=0.002359  p   25=0.004364  p   50=0.01063  p   75=0.03421  p   90=0.06201  p   95=0.08215  p   99=0.2015  p 99.9=0.259
    above-thr: >0.001=99.30%  >0.01=51.51%  >0.1= 3.22%  >0.5= 0.00%  >1= 0.00%  >5= 0.00%  >10= 0.00%  >100= 0.00%
[73/311] mat0093
  shape: K=100 views, V=191744 pixels, size=57,523,200, positive=57,522,581
  [per-mat] n=57,523,200  min=0  max=4.969  mean=0.1001  median=0.07825  std=0.07117  geomean(>0)=0.07675
    quantiles: p    1=0.01137  p    5=0.02075  p   10=0.02863  p   25=0.04587  p   50=0.07825  p   75=0.1335  p   90=0.2242  p   95=0.248  p   99=0.2822  p 99.9=0.3398
    above-thr: >0.001=100.00%  >0.01=99.18%  >0.1=38.58%  >0.5= 0.01%  >1= 0.00%  >5= 0.00%  >10= 0.00%  >100= 0.00%
[74/311] mat0094
  shape: K=100 views, V=678960 pixels, size=203,688,000, positive=201,967,535
  [per-mat] n=203,688,000  min=0  max=137.6  mean=0.08906  median=0.01927  std=1.114  geomean(>0)=0.01859
    quantiles: p    1=0.0002092  p    5=0.001574  p   10=0.002342  p   25=0.005581  p   50=0.01927  p   75=0.05853  p   90=0.1216  p   95=0.1746  p   99=0.4563  p 99.9=11.61
    above-thr: >0.001=97.72%  >0.01=63.96%  >0.1=13.94%  >0.5= 0.93%  >1= 0.55%  >5= 0.18%  >10= 0.11%  >100= 0.00%
[75/311] mat0095
  shape: K=100 views, V=678960 pixels, size=203,688,000, positive=203,100,663
  [per-mat] n=203,688,000  min=0  max=141.4  mean=0.07245  median=0.02751  std=0.8145  geomean(>0)=0.02521
    quantiles: p    1=0.001445  p    5=0.002728  p   10=0.004021  p   25=0.009621  p   50=0.02751  p   75=0.06671  p   90=0.1249  p   95=0.1754  p   99=0.3076  p 99.9=4.266
    above-thr: >0.001=99.48%  >0.01=74.25%  >0.1=14.74%  >0.5= 0.56%  >1= 0.30%  >5= 0.09%  >10= 0.05%  >100= 0.00%
[76/311] mat0096
  shape: K=100 views, V=522588 pixels, size=156,776,400, positive=156,278,254
  [per-mat] n=156,776,400  min=0  max=136.5  mean=0.1119  median=0.03644  std=1.174  geomean(>0)=0.03104
    quantiles: p    1=0.0008693  p    5=0.002632  p   10=0.003853  p   25=0.009972  p   50=0.03644  p   75=0.09845  p   90=0.1824  p   95=0.2328  p   99=0.5264  p 99.9=10.8
    above-thr: >0.001=98.89%  >0.01=74.96%  >0.1=24.60%  >0.5= 1.05%  >1= 0.59%  >5= 0.17%  >10= 0.11%  >100= 0.00%
[77/311] mat0097
  shape: K=100 views, V=540176 pixels, size=162,052,800, positive=160,183,010
  [per-mat] n=162,052,800  min=0  max=141.4  mean=0.08872  median=0.02831  std=0.8897  geomean(>0)=0.02626
    quantiles: p    1=0  p    5=0.001883  p   10=0.003033  p   25=0.007881  p   50=0.02831  p   75=0.08881  p   90=0.1703  p   95=0.2118  p   99=0.3875  p 99.9=5.785
    above-thr: >0.001=97.91%  >0.01=70.76%  >0.1=22.33%  >0.5= 0.76%  >1= 0.41%  >5= 0.11%  >10= 0.07%  >100= 0.00%
[78/311] mat0098
  shape: K=100 views, V=774680 pixels, size=232,404,000, positive=230,549,508
  [per-mat] n=232,404,000  min=0  max=137  mean=0.1259  median=0.04105  std=1.249  geomean(>0)=0.03359
    quantiles: p    1=0.0002913  p    5=0.002348  p   10=0.003849  p   25=0.0111  p   50=0.04105  p   75=0.1046  p   90=0.188  p   95=0.2336  p   99=0.6157  p 99.9=15.41
    above-thr: >0.001=98.30%  >0.01=76.65%  >0.1=26.28%  >0.5= 1.20%  >1= 0.70%  >5= 0.23%  >10= 0.14%  >100= 0.00%
[79/311] mat0099
  shape: K=100 views, V=234050 pixels, size=70,215,000, positive=69,286,759
  [per-mat] n=70,215,000  min=0  max=98.62  mean=0.121  median=0.0208  std=0.5499  geomean(>0)=0.02453
    quantiles: p    1=0  p    5=0.001782  p   10=0.002947  p   25=0.006836  p   50=0.0208  p   75=0.07251  p   90=0.2217  p   95=0.4409  p   99=1.752  p 99.9=7.211
    above-thr: >0.001=97.73%  >0.01=66.55%  >0.1=19.77%  >0.5= 4.36%  >1= 1.99%  >5= 0.20%  >10= 0.05%  >100= 0.00%
[80/311] mat0100
  shape: K=100 views, V=585544 pixels, size=175,663,200, positive=174,912,526
  [per-mat] n=175,663,200  min=0  max=111.5  mean=0.1848  median=0.03748  std=0.7355  geomean(>0)=0.04218
    quantiles: p    1=0.001065  p    5=0.003805  p   10=0.005951  p   25=0.01245  p   50=0.03748  p   75=0.125  p   90=0.3503  p   95=0.6763  p   99=2.582  p 99.9=9.812
    above-thr: >0.001=99.08%  >0.01=80.09%  >0.1=29.39%  >0.5= 6.92%  >1= 3.23%  >5= 0.36%  >10= 0.10%  >100= 0.00%
[81/311] mat0101
  shape: K=100 views, V=317358 pixels, size=95,207,400, positive=91,526,626
  [per-mat] n=95,207,400  min=0  max=157  mean=0.04768  median=0.009438  std=0.7371  geomean(>0)=0.01109
    quantiles: p    1=0  p    5=0.0004921  p   10=0.001364  p   25=0.003471  p   50=0.009438  p   75=0.02831  p   90=0.07385  p   95=0.1576  p   99=0.2942  p 99.9=3.408
    above-thr: >0.001=92.53%  >0.01=48.57%  >0.1= 7.54%  >0.5= 0.59%  >1= 0.31%  >5= 0.07%  >10= 0.04%  >100= 0.00%
[82/311] mat0102
  shape: K=100 views, V=287915 pixels, size=86,374,500, positive=85,215,241
  [per-mat] n=86,374,500  min=0  max=134.8  mean=0.08166  median=0.02478  std=0.8513  geomean(>0)=0.0226
    quantiles: p    1=0  p    5=0.001552  p   10=0.002687  p   25=0.007477  p   50=0.02478  p   75=0.06482  p   90=0.137  p   95=0.2242  p   99=0.562  p 99.9=6.094
    above-thr: >0.001=97.10%  >0.01=69.52%  >0.1=14.81%  >0.5= 1.13%  >1= 0.56%  >5= 0.12%  >10= 0.06%  >100= 0.00%
[83/311] mat0103
  shape: K=100 views, V=265356 pixels, size=79,606,800, positive=78,003,226
  [per-mat] n=79,606,800  min=0  max=117.3  mean=0.04388  median=0.009308  std=0.5287  geomean(>0)=0.01139
    quantiles: p    1=0  p    5=0.001158  p   10=0.002071  p   25=0.004112  p   50=0.009308  p   75=0.02356  p   90=0.09393  p   95=0.1804  p   99=0.2676  p 99.9=2.459
    above-thr: >0.001=95.70%  >0.01=47.66%  >0.1= 9.44%  >0.5= 0.41%  >1= 0.22%  >5= 0.05%  >10= 0.03%  >100= 0.00%
[84/311] mat0104
  shape: K=100 views, V=281305 pixels, size=84,391,500, positive=83,111,631
  [per-mat] n=84,391,500  min=0  max=153.9  mean=0.05167  median=0.01323  std=0.6591  geomean(>0)=0.01408
    quantiles: p    1=0  p    5=0.001247  p   10=0.002167  p   25=0.005085  p   50=0.01323  p   75=0.03204  p   90=0.09924  p   95=0.189  p   99=0.2969  p 99.9=3.074
    above-thr: >0.001=96.21%  >0.01=57.99%  >0.1= 9.93%  >0.5= 0.58%  >1= 0.29%  >5= 0.06%  >10= 0.03%  >100= 0.00%
[85/311] mat0105
  shape: K=100 views, V=241310 pixels, size=72,393,000, positive=70,229,386
  [per-mat] n=72,393,000  min=0  max=140.2  mean=0.05346  median=0.01558  std=0.6005  geomean(>0)=0.01527
    quantiles: p    1=0  p    5=0.0005322  p   10=0.001475  p   25=0.005016  p   50=0.01558  p   75=0.04205  p   90=0.1  p   95=0.1908  p   99=0.2957  p 99.9=2.943
    above-thr: >0.001=92.48%  >0.01=60.91%  >0.1=10.00%  >0.5= 0.56%  >1= 0.28%  >5= 0.06%  >10= 0.03%  >100= 0.00%
[86/311] mat0106
  shape: K=100 views, V=323175 pixels, size=96,952,500, positive=95,992,329
  [per-mat] n=96,952,500  min=0  max=144.5  mean=0.04442  median=0.007534  std=0.6701  geomean(>0)=0.009508
    quantiles: p    1=1.431e-05  p    5=0.001075  p   10=0.001698  p   25=0.003305  p   50=0.007534  p   75=0.02234  p   90=0.08105  p   95=0.1704  p   99=0.2776  p 99.9=2.871
    above-thr: >0.001=95.48%  >0.01=41.79%  >0.1= 8.39%  >0.5= 0.51%  >1= 0.26%  >5= 0.06%  >10= 0.03%  >100= 0.00%
[87/311] mat0107
  shape: K=100 views, V=200200 pixels, size=60,060,000, positive=59,917,600
  [per-mat] n=60,060,000  min=0  max=121.4  mean=0.01859  median=0.005028  std=0.2849  geomean(>0)=0.005605
    quantiles: p    1=0.0006981  p    5=0.001176  p   10=0.001588  p   25=0.002699  p   50=0.005028  p   75=0.009064  p   90=0.01953  p   95=0.05673  p   99=0.2297  p 99.9=0.7871
    above-thr: >0.001=96.84%  >0.01=21.88%  >0.1= 3.39%  >0.5= 0.15%  >1= 0.08%  >5= 0.02%  >10= 0.01%  >100= 0.00%
[88/311] mat0108
  shape: K=100 views, V=313612 pixels, size=94,083,600, positive=94,044,211
  [per-mat] n=94,083,600  min=0  max=134.5  mean=0.1072  median=0.03564  std=0.9883  geomean(>0)=0.0376
    quantiles: p    1=0.003216  p    5=0.007153  p   10=0.01041  p   25=0.01907  p   50=0.03564  p   75=0.06708  p   90=0.1493  p   95=0.2426  p   99=0.8877  p 99.9=9.812
    above-thr: >0.001=99.94%  >0.01=90.68%  >0.1=15.47%  >0.5= 1.77%  >1= 0.89%  >5= 0.19%  >10= 0.10%  >100= 0.00%
[89/311] mat0109
  shape: K=100 views, V=316244 pixels, size=94,873,200, positive=93,918,115
  [per-mat] n=94,873,200  min=0  max=4.152  mean=0.03481  median=0.02182  std=0.03807  geomean(>0)=0.01853
    quantiles: p    1=0  p    5=0.001328  p   10=0.002914  p   25=0.008331  p   50=0.02182  p   75=0.04965  p   90=0.08356  p   95=0.1078  p   99=0.1714  p 99.9=0.2664
    above-thr: >0.001=95.97%  >0.01=71.17%  >0.1= 6.24%  >0.5= 0.01%  >1= 0.00%  >5= 0.00%  >10= 0.00%  >100= 0.00%
[90/311] mat0110
  shape: K=100 views, V=170040 pixels, size=51,012,000, positive=48,095,036
  [per-mat] n=51,012,000  min=0  max=31.02  mean=0.02722  median=0.01427  std=0.0397  geomean(>0)=0.01296
    quantiles: p    1=0  p    5=0  p   10=0.0008354  p   25=0.003664  p   50=0.01427  p   75=0.03967  p   90=0.07404  p   95=0.09375  p   99=0.135  p 99.9=0.2328
    above-thr: >0.001=88.88%  >0.01=57.47%  >0.1= 3.92%  >0.5= 0.01%  >1= 0.00%  >5= 0.00%  >10= 0.00%  >100= 0.00%
[91/311] mat0111
  shape: K=100 views, V=322686 pixels, size=96,805,800, positive=81,318,852
  [per-mat] n=96,805,800  min=0  max=5.301  mean=0.03219  median=0.007504  std=0.0451  geomean(>0)=0.0134
    quantiles: p    1=0  p    5=0  p   10=0  p   25=0.001709  p   50=0.007504  p   75=0.05487  p   90=0.1049  p   95=0.126  p   99=0.1674  p 99.9=0.245
    above-thr: >0.001=79.31%  >0.01=45.01%  >0.1=11.37%  >0.5= 0.01%  >1= 0.00%  >5= 0.00%  >10= 0.00%  >100= 0.00%
[92/311] mat0112
  shape: K=100 views, V=169620 pixels, size=50,886,000, positive=50,727,137
  [per-mat] n=50,886,000  min=0  max=5.477  mean=0.006868  median=0.003489  std=0.0136  geomean(>0)=0.003771
    quantiles: p    1=0.0004404  p    5=0.0007882  p   10=0.00104  p   25=0.00178  p   50=0.003489  p   75=0.007351  p   90=0.015  p   95=0.02287  p   99=0.05173  p 99.9=0.1439
    above-thr: >0.001=90.86%  >0.01=17.47%  >0.1= 0.23%  >0.5= 0.00%  >1= 0.00%  >5= 0.00%  >10= 0.00%  >100= 0.00%
[93/311] mat0113
  shape: K=100 views, V=329778 pixels, size=98,933,400, positive=91,633,045
  [per-mat] n=98,933,400  min=0  max=17.41  mean=0.08355  median=0.07404  std=0.07583  geomean(>0)=0.04551
    quantiles: p    1=0  p    5=0  p   10=0.001049  p   25=0.0108  p   50=0.07404  p   75=0.1346  p   90=0.1891  p   95=0.2188  p   99=0.2764  p 99.9=0.4097
    above-thr: >0.001=90.12%  >0.01=75.74%  >0.1=38.46%  >0.5= 0.04%  >1= 0.00%  >5= 0.00%  >10= 0.00%  >100= 0.00%
[94/311] mat0114
  shape: K=100 views, V=341256 pixels, size=102,376,800, positive=102,272,031
  [per-mat] n=102,376,800  min=0  max=11.88  mean=0.1367  median=0.1366  std=0.06187  geomean(>0)=0.1206
    quantiles: p    1=0.01406  p    5=0.04861  p   10=0.06174  p   25=0.08752  p   50=0.1366  p   75=0.1775  p   90=0.2129  p   95=0.2347  p   99=0.2883  p 99.9=0.428
    above-thr: >0.001=99.89%  >0.01=99.27%  >0.1=68.70%  >0.5= 0.05%  >1= 0.00%  >5= 0.00%  >10= 0.00%  >100= 0.00%
[95/311] mat0115
  shape: K=100 views, V=610984 pixels, size=183,295,200, positive=159,780,198
  [per-mat] n=183,295,200  min=0  max=18.62  mean=0.01855  median=0.005337  std=0.03115  geomean(>0)=0.00766
    quantiles: p    1=0  p    5=0  p   10=0  p   25=0.001369  p   50=0.005337  p   75=0.02136  p   90=0.06149  p   95=0.0835  p   99=0.1241  p 99.9=0.197
    above-thr: >0.001=79.07%  >0.01=36.82%  >0.1= 2.66%  >0.5= 0.01%  >1= 0.00%  >5= 0.00%  >10= 0.00%  >100= 0.00%
[96/311] mat0116
  shape: K=100 views, V=231495 pixels, size=69,448,500, positive=59,923,617
  [per-mat] n=69,448,500  min=0  max=4.871  mean=0.03938  median=0.0124  std=0.05227  geomean(>0)=0.01605
    quantiles: p    1=0  p    5=0  p   10=0  p   25=0.00182  p   50=0.0124  p   75=0.06287  p   90=0.1164  p   95=0.1522  p   99=0.2103  p 99.9=0.291
    above-thr: >0.001=80.16%  >0.01=52.46%  >0.1=13.24%  >0.5= 0.00%  >1= 0.00%  >5= 0.00%  >10= 0.00%  >100= 0.00%
[97/311] mat0118
  shape: K=100 views, V=435860 pixels, size=130,758,000, positive=125,936,432
  [per-mat] n=130,758,000  min=0  max=15.41  mean=0.1  median=0.09241  std=0.07156  geomean(>0)=0.06622
    quantiles: p    1=0  p    5=0.0008712  p   10=0.004425  p   25=0.04694  p   50=0.09241  p   75=0.1521  p   90=0.1964  p   95=0.2185  p   99=0.2649  p 99.9=0.3633
    above-thr: >0.001=94.72%  >0.01=86.76%  >0.1=46.33%  >0.5= 0.02%  >1= 0.00%  >5= 0.00%  >10= 0.00%  >100= 0.00%
[98/311] mat0119
  shape: K=100 views, V=391500 pixels, size=117,450,000, positive=117,311,281
  [per-mat] n=117,450,000  min=0  max=20.53  mean=0.03384  median=0.01453  std=0.06  geomean(>0)=0.01468
    quantiles: p    1=0.0009007  p    5=0.001682  p   10=0.00248  p   25=0.005375  p   50=0.01453  p   75=0.03976  p   90=0.08649  p   95=0.1281  p   99=0.2465  p 99.9=0.52
    above-thr: >0.001=98.64%  >0.01=59.82%  >0.1= 7.92%  >0.5= 0.11%  >1= 0.02%  >5= 0.00%  >10= 0.00%  >100= 0.00%
[99/311] mat0120
  shape: K=100 views, V=563362 pixels, size=169,008,600, positive=168,397,647
  [per-mat] n=169,008,600  min=0  max=19.41  mean=0.04821  median=0.02159  std=0.06882  geomean(>0)=0.01919
    quantiles: p    1=0.0007229  p    5=0.001489  p   10=0.002266  p   25=0.005699  p   50=0.02159  p   75=0.0647  p   90=0.1278  p   95=0.1788  p   99=0.3098  p 99.9=0.5645
    above-thr: >0.001=97.86%  >0.01=64.81%  >0.1=14.96%  >0.5= 0.16%  >1= 0.01%  >5= 0.00%  >10= 0.00%  >100= 0.00%
[100/311] mat0121
  shape: K=100 views, V=589186 pixels, size=176,755,800, positive=174,744,647
  [per-mat] n=176,755,800  min=0  max=7.68  mean=0.01811  median=0.008156  std=0.02775  geomean(>0)=0.008513
    quantiles: p    1=0  p    5=0.0009899  p   10=0.00157  p   25=0.003321  p   50=0.008156  p   75=0.02103  p   90=0.04605  p   95=0.06915  p   99=0.1346  p 99.9=0.2405
    above-thr: >0.001=94.92%  >0.01=44.28%  >0.1= 2.22%  >0.5= 0.00%  >1= 0.00%  >5= 0.00%  >10= 0.00%  >100= 0.00%
[101/311] mat0122
  shape: K=100 views, V=724035 pixels, size=217,210,500, positive=208,052,740
  [per-mat] n=217,210,500  min=0  max=8.719  mean=0.04957  median=0.01962  std=0.06171  geomean(>0)=0.02042
    quantiles: p    1=0  p    5=0.0004818  p   10=0.001748  p   25=0.005081  p   50=0.01962  p   75=0.07751  p   90=0.1445  p   95=0.1791  p   99=0.2461  p 99.9=0.3479
    above-thr: >0.001=93.50%  >0.01=62.26%  >0.1=19.24%  >0.5= 0.01%  >1= 0.00%  >5= 0.00%  >10= 0.00%  >100= 0.00%
[102/311] mat0123
  shape: K=100 views, V=528840 pixels, size=158,652,000, positive=156,420,750
  [per-mat] n=158,652,000  min=0  max=13.72  mean=0.01148  median=0.006107  std=0.02178  geomean(>0)=0.00623
    quantiles: p    1=0  p    5=0.0009003  p   10=0.001431  p   25=0.002914  p   50=0.006107  p   75=0.0127  p   90=0.02458  p   95=0.03766  p   99=0.0943  p 99.9=0.1899
    above-thr: >0.001=94.16%  >0.01=32.50%  >0.1= 0.88%  >0.5= 0.01%  >1= 0.00%  >5= 0.00%  >10= 0.00%  >100= 0.00%
[103/311] mat0124
  shape: K=100 views, V=179883 pixels, size=53,964,900, positive=50,320,210
  [per-mat] n=53,964,900  min=0  max=3.402  mean=0.0199  median=0.008194  std=0.03016  geomean(>0)=0.009398
    quantiles: p    1=0  p    5=0  p   10=0.0007892  p   25=0.003002  p   50=0.008194  p   75=0.02362  p   90=0.05484  p   95=0.07977  p   99=0.1412  p 99.9=0.2502
    above-thr: >0.001=88.83%  >0.01=44.83%  >0.1= 2.88%  >0.5= 0.00%  >1= 0.00%  >5= 0.00%  >10= 0.00%  >100= 0.00%
[104/311] mat0125
  shape: K=100 views, V=272832 pixels, size=81,849,600, positive=77,163,843
  [per-mat] n=81,849,600  min=0  max=2.93  mean=0.01894  median=0.007645  std=0.0316  geomean(>0)=0.008348
    quantiles: p    1=0  p    5=0  p   10=0.0008078  p   25=0.002382  p   50=0.007645  p   75=0.02203  p   90=0.04932  p   95=0.0752  p   99=0.1504  p 99.9=0.2974
    above-thr: >0.001=88.05%  >0.01=43.56%  >0.1= 2.80%  >0.5= 0.01%  >1= 0.00%  >5= 0.00%  >10= 0.00%  >100= 0.00%
[105/311] mat0126
  shape: K=100 views, V=271320 pixels, size=81,396,000, positive=66,791,178
  [per-mat] n=81,396,000  min=0  max=5.172  mean=0.02743  median=0.003176  std=0.0641  geomean(>0)=0.00629
    quantiles: p    1=0  p    5=0  p   10=0  p   25=0.0004196  p   50=0.003176  p   75=0.02151  p   90=0.08002  p   95=0.1473  p   99=0.3167  p 99.9=0.5864
    above-thr: >0.001=65.65%  >0.01=35.47%  >0.1= 8.03%  >0.5= 0.20%  >1= 0.01%  >5= 0.00%  >10= 0.00%  >100= 0.00%
[106/311] mat0127
  shape: K=100 views, V=372798 pixels, size=111,839,400, positive=109,123,898
  [per-mat] n=111,839,400  min=0  max=1.675  mean=0.01007  median=0.002378  std=0.02432  geomean(>0)=0.003417
    quantiles: p    1=0  p    5=0.000483  p   10=0.0006828  p   25=0.001192  p   50=0.002378  p   75=0.008049  p   90=0.02402  p   95=0.04514  p   99=0.1205  p 99.9=0.2651
    above-thr: >0.001=80.48%  >0.01=21.35%  >0.1= 1.47%  >0.5= 0.01%  >1= 0.00%  >5= 0.00%  >10= 0.00%  >100= 0.00%
[107/311] mat0128
  shape: K=100 views, V=266216 pixels, size=79,864,800, positive=78,148,214
  [per-mat] n=79,864,800  min=0  max=3.074  mean=0.005997  median=0.00187  std=0.01387  geomean(>0)=0.002448
    quantiles: p    1=0  p    5=0.0004408  p   10=0.0005937  p   25=0.0009661  p   50=0.00187  p   75=0.004665  p   90=0.01486  p   95=0.02625  p   99=0.06216  p 99.9=0.1511
    above-thr: >0.001=73.72%  >0.01=14.36%  >0.1= 0.31%  >0.5= 0.00%  >1= 0.00%  >5= 0.00%  >10= 0.00%  >100= 0.00%
[108/311] mat0129
  shape: K=100 views, V=265462 pixels, size=79,638,600, positive=73,053,622
  [per-mat] n=79,638,600  min=0  max=4.051  mean=0.1063  median=0.06384  std=0.1302  geomean(>0)=0.05238
    quantiles: p    1=0  p    5=0  p   10=0.0006003  p   25=0.01627  p   50=0.06384  p   75=0.1494  p   90=0.2632  p   95=0.3704  p   99=0.6094  p 99.9=0.9272
    above-thr: >0.001=88.96%  >0.01=78.86%  >0.1=36.38%  >0.5= 2.13%  >1= 0.06%  >5= 0.00%  >10= 0.00%  >100= 0.00%
[109/311] mat0130
  shape: K=100 views, V=235620 pixels, size=70,686,000, positive=68,589,662
  [per-mat] n=70,686,000  min=0  max=87.94  mean=0.03878  median=0.01461  std=0.2171  geomean(>0)=0.015
    quantiles: p    1=0  p    5=0.0009708  p   10=0.001698  p   25=0.004322  p   50=0.01461  p   75=0.04694  p   90=0.09552  p   95=0.1376  p   99=0.2642  p 99.9=0.668
    above-thr: >0.001=94.85%  >0.01=58.60%  >0.1= 9.24%  >0.5= 0.19%  >1= 0.05%  >5= 0.01%  >10= 0.01%  >100= 0.00%
[110/311] mat0131
  shape: K=100 views, V=194862 pixels, size=58,458,600, positive=57,972,397
  [per-mat] n=58,458,600  min=0  max=115.6  mean=0.1176  median=0.1053  std=0.1679  geomean(>0)=0.09484
    quantiles: p    1=0.008392  p    5=0.0246  p   10=0.03555  p   25=0.06241  p   50=0.1053  p   75=0.151  p   90=0.1987  p   95=0.2415  p   99=0.3953  p 99.9=0.9448
    above-thr: >0.001=99.16%  >0.01=98.92%  >0.1=52.59%  >0.5= 0.49%  >1= 0.09%  >5= 0.01%  >10= 0.00%  >100= 0.00%
[111/311] mat0132
  shape: K=100 views, V=242595 pixels, size=72,778,500, positive=70,577,847
  [per-mat] n=72,778,500  min=0  max=81.31  mean=0.1043  median=0.07965  std=0.141  geomean(>0)=0.05613
    quantiles: p    1=0  p    5=0.001242  p   10=0.00396  p   25=0.02505  p   50=0.07965  p   75=0.155  p   90=0.2189  p   95=0.2661  p   99=0.4351  p 99.9=1.059
    above-thr: >0.001=95.44%  >0.01=83.16%  >0.1=43.35%  >0.5= 0.67%  >1= 0.11%  >5= 0.00%  >10= 0.00%  >100= 0.00%
[112/311] mat0133
  shape: K=100 views, V=298960 pixels, size=89,688,000, positive=89,650,958
  [per-mat] n=89,688,000  min=0  max=107.2  mean=0.1157  median=0.08807  std=0.2311  geomean(>0)=0.08804
    quantiles: p    1=0.01556  p    5=0.02757  p   10=0.03357  p   25=0.05298  p   50=0.08807  p   75=0.1553  p   90=0.2117  p   95=0.2576  p   99=0.4209  p 99.9=1.045
    above-thr: >0.001=99.96%  >0.01=99.48%  >0.1=44.03%  >0.5= 0.61%  >1= 0.11%  >5= 0.01%  >10= 0.01%  >100= 0.00%
[113/311] mat0134
  shape: K=100 views, V=297555 pixels, size=89,266,500, positive=88,271,745
  [per-mat] n=89,266,500  min=0  max=140.2  mean=0.01308  median=0.004436  std=0.281  geomean(>0)=0.004644
    quantiles: p    1=0  p    5=0.0007915  p   10=0.001084  p   25=0.001931  p   50=0.004436  p   75=0.00975  p   90=0.01949  p   95=0.02985  p   99=0.0708  p 99.9=0.5903
    above-thr: >0.001=91.59%  >0.01=24.29%  >0.1= 0.56%  >0.5= 0.11%  >1= 0.07%  >5= 0.02%  >10= 0.01%  >100= 0.00%
[114/311] mat0135
  shape: K=100 views, V=411424 pixels, size=123,427,200, positive=123,381,210
  [per-mat] n=123,427,200  min=0  max=90.44  mean=0.1632  median=0.1549  std=0.1878  geomean(>0)=0.1329
    quantiles: p    1=0.03314  p    5=0.04486  p   10=0.0528  p   25=0.07941  p   50=0.1549  p   75=0.2133  p   90=0.271  p   95=0.3242  p   99=0.5186  p 99.9=1.158
    above-thr: >0.001=99.96%  >0.01=99.83%  >0.1=66.70%  >0.5= 1.12%  >1= 0.15%  >5= 0.01%  >10= 0.00%  >100= 0.00%
[115/311] mat0136
  shape: K=100 views, V=353718 pixels, size=106,115,400, positive=104,975,366
  [per-mat] n=106,115,400  min=0  max=64.19  mean=0.02262  median=0.008392  std=0.1006  geomean(>0)=0.008737
    quantiles: p    1=0  p    5=0.0009785  p   10=0.001531  p   25=0.003248  p   50=0.008392  p   75=0.02162  p   90=0.04758  p   95=0.07513  p   99=0.1938  p 99.9=0.9341
    above-thr: >0.001=94.83%  >0.01=45.01%  >0.1= 3.10%  >0.5= 0.25%  >1= 0.09%  >5= 0.01%  >10= 0.00%  >100= 0.00%
[116/311] mat0137
  shape: K=100 views, V=294177 pixels, size=88,253,100, positive=87,531,542
  [per-mat] n=88,253,100  min=0  max=50.75  mean=0.04896  median=0.0219  std=0.1443  geomean(>0)=0.02214
    quantiles: p    1=0.0004973  p    5=0.002571  p   10=0.004238  p   25=0.009033  p   50=0.0219  p   75=0.05469  p   90=0.1072  p   95=0.1559  p   99=0.3667  p 99.9=1.525
    above-thr: >0.001=98.45%  >0.01=72.36%  >0.1=11.23%  >0.5= 0.60%  >1= 0.20%  >5= 0.01%  >10= 0.00%  >100= 0.00%
[117/311] mat0138
  shape: K=100 views, V=336138 pixels, size=100,841,400, positive=99,477,142
  [per-mat] n=100,841,400  min=0  max=76.5  mean=0.1064  median=0.05072  std=0.3934  geomean(>0)=0.05083
    quantiles: p    1=0  p    5=0.007011  p   10=0.01092  p   25=0.02229  p   50=0.05072  p   75=0.1091  p   90=0.1969  p   95=0.2852  p   99=0.8643  p 99.9=4.797
    above-thr: >0.001=98.63%  >0.01=91.23%  >0.1=27.78%  >0.5= 2.00%  >1= 0.84%  >5= 0.09%  >10= 0.03%  >100= 0.00%
[118/311] mat0140
  shape: K=100 views, V=239166 pixels, size=71,749,800, positive=68,856,028
  [per-mat] n=71,749,800  min=0  max=83.44  mean=0.05014  median=0.01312  std=0.2268  geomean(>0)=0.01406
    quantiles: p    1=0  p    5=0.0004561  p   10=0.001251  p   25=0.00351  p   50=0.01312  p   75=0.04279  p   90=0.1113  p   95=0.1801  p   99=0.5059  p 99.9=2.426
    above-thr: >0.001=91.96%  >0.01=55.82%  >0.1=11.43%  >0.5= 1.02%  >1= 0.38%  >5= 0.03%  >10= 0.01%  >100= 0.00%
[119/311] mat0141
  shape: K=100 views, V=188734 pixels, size=56,620,200, positive=56,330,807
  [per-mat] n=56,620,200  min=0  max=77.06  mean=0.06545  median=0.02835  std=0.27  geomean(>0)=0.02779
    quantiles: p    1=0.001484  p    5=0.0033  p   10=0.005116  p   25=0.01151  p   50=0.02835  p   75=0.06543  p   90=0.1312  p   95=0.1949  p   99=0.5317  p 99.9=2.754
    above-thr: >0.001=99.37%  >0.01=78.08%  >0.1=15.08%  >0.5= 1.09%  >1= 0.42%  >5= 0.04%  >10= 0.01%  >100= 0.00%
[120/311] mat0142
  shape: K=100 views, V=192933 pixels, size=57,879,900, positive=52,821,311
  [per-mat] n=57,879,900  min=0  max=71.38  mean=0.04013  median=0.01385  std=0.166  geomean(>0)=0.01306
    quantiles: p    1=0  p    5=0  p   10=0.0001267  p   25=0.002825  p   50=0.01385  p   75=0.04172  p   90=0.09003  p   95=0.1353  p   99=0.3423  p 99.9=1.704
    above-thr: >0.001=82.61%  >0.01=56.45%  >0.1= 8.46%  >0.5= 0.59%  >1= 0.22%  >5= 0.02%  >10= 0.00%  >100= 0.00%
[121/311] mat0143
  shape: K=100 views, V=210903 pixels, size=63,270,900, positive=59,950,410
  [per-mat] n=63,270,900  min=0  max=62.16  mean=0.03142  median=0.007965  std=0.1573  geomean(>0)=0.00859
    quantiles: p    1=0  p    5=0  p   10=0.0005322  p   25=0.002031  p   50=0.007965  p   75=0.02733  p   90=0.0719  p   95=0.1151  p   99=0.2876  p 99.9=1.562
    above-thr: >0.001=85.06%  >0.01=45.20%  >0.1= 6.27%  >0.5= 0.46%  >1= 0.19%  >5= 0.01%  >10= 0.00%  >100= 0.00%
[122/311] mat0144
  shape: K=100 views, V=273672 pixels, size=82,101,600, positive=81,719,332
  [per-mat] n=82,101,600  min=0  max=88.19  mean=0.1168  median=0.06149  std=0.4204  geomean(>0)=0.05988
    quantiles: p    1=0.004307  p    5=0.01091  p   10=0.01578  p   25=0.02934  p   50=0.06149  p   75=0.1174  p   90=0.1964  p   95=0.2849  p   99=0.9683  p 99.9=5.34
    above-thr: >0.001=99.51%  >0.01=95.79%  >0.1=31.18%  >0.5= 2.20%  >1= 0.96%  >5= 0.11%  >10= 0.03%  >100= 0.00%
[123/311] mat0145
  shape: K=100 views, V=230688 pixels, size=69,206,400, positive=53,890,323
  [per-mat] n=69,206,400  min=0  max=62.69  mean=0.05541  median=0.01907  std=0.183  geomean(>0)=0.02837
    quantiles: p    1=0  p    5=0  p   10=0  p   25=0.001288  p   50=0.01907  p   75=0.06158  p   90=0.1298  p   95=0.1917  p   99=0.4854  p 99.9=2.066
    above-thr: >0.001=75.43%  >0.01=62.31%  >0.1=14.72%  >0.5= 0.95%  >1= 0.33%  >5= 0.02%  >10= 0.00%  >100= 0.00%
[124/311] mat0146
  shape: K=100 views, V=582288 pixels, size=174,686,400, positive=174,094,115
  [per-mat] n=174,686,400  min=0  max=59.88  mean=0.01942  median=0.001943  std=0.2029  geomean(>0)=0.002838
    quantiles: p    1=0.0004451  p    5=0.0006113  p   10=0.0007415  p   25=0.001084  p   50=0.001943  p   75=0.005924  p   90=0.01357  p   95=0.03102  p   99=0.3062  p 99.9=2.492
    above-thr: >0.001=79.02%  >0.01=13.96%  >0.1= 2.28%  >0.5= 0.66%  >1= 0.33%  >5= 0.03%  >10= 0.01%  >100= 0.00%
[125/311] mat0147
  shape: K=100 views, V=434616 pixels, size=130,384,800, positive=129,704,305
  [per-mat] n=130,384,800  min=0  max=145.1  mean=0.0297  median=0.00676  std=0.3136  geomean(>0)=0.007318
    quantiles: p    1=0.0005059  p    5=0.001081  p   10=0.001524  p   25=0.002834  p   50=0.00676  p   75=0.01562  p   90=0.03464  p   95=0.06653  p   99=0.3801  p 99.9=2.674
    above-thr: >0.001=95.77%  >0.01=38.06%  >0.1= 3.39%  >0.5= 0.77%  >1= 0.37%  >5= 0.04%  >10= 0.01%  >100= 0.00%
[126/311] mat0148
  shape: K=100 views, V=227955 pixels, size=68,386,500, positive=67,853,138
  [per-mat] n=68,386,500  min=0  max=2.908  mean=0.009751  median=0.007454  std=0.01207  geomean(>0)=0.006723
    quantiles: p    1=0.0003355  p    5=0.001223  p   10=0.001865  p   25=0.003565  p   50=0.007454  p   75=0.01321  p   90=0.0197  p   95=0.024  p   99=0.03464  p 99.9=0.1617
    above-thr: >0.001=96.51%  >0.01=37.29%  >0.1= 0.24%  >0.5= 0.00%  >1= 0.00%  >5= 0.00%  >10= 0.00%  >100= 0.00%
[127/311] mat0149
  shape: K=100 views, V=230279 pixels, size=69,083,700, positive=68,802,613
  [per-mat] n=69,083,700  min=0  max=0.7368  mean=0.0197  median=0.009682  std=0.02137  geomean(>0)=0.01032
    quantiles: p    1=0.0003672  p    5=0.001317  p   10=0.00211  p   25=0.004345  p   50=0.009682  p   75=0.03111  p   90=0.05557  p   95=0.065  p   99=0.08026  p 99.9=0.09576
    above-thr: >0.001=96.65%  >0.01=48.91%  >0.1= 0.05%  >0.5= 0.00%  >1= 0.00%  >5= 0.00%  >10= 0.00%  >100= 0.00%
[128/311] mat0150
  shape: K=100 views, V=207740 pixels, size=62,322,000, positive=42,643,793
  [per-mat] n=62,322,000  min=0  max=1.301  mean=0.05253  median=0.0466  std=0.05015  geomean(>0)=0.06093
    quantiles: p    1=0  p    5=0  p   10=0  p   25=0  p   50=0.0466  p   75=0.08612  p   90=0.131  p   95=0.1472  p   99=0.1678  p 99.9=0.1852
    above-thr: >0.001=68.07%  >0.01=66.15%  >0.1=19.37%  >0.5= 0.00%  >1= 0.00%  >5= 0.00%  >10= 0.00%  >100= 0.00%
[129/311] mat0151
  shape: K=100 views, V=364936 pixels, size=109,480,800, positive=89,959,745
  [per-mat] n=109,480,800  min=0  max=0.7651  mean=0.07661  median=0.07568  std=0.06447  geomean(>0)=0.05828
    quantiles: p    1=0  p    5=0  p   10=0  p   25=0.00626  p   50=0.07568  p   75=0.1277  p   90=0.17  p   95=0.1859  p   99=0.2062  p 99.9=0.223
    above-thr: >0.001=80.72%  >0.01=72.33%  >0.1=38.76%  >0.5= 0.00%  >1= 0.00%  >5= 0.00%  >10= 0.00%  >100= 0.00%
[130/311] mat0152
  shape: K=100 views, V=241150 pixels, size=72,345,000, positive=71,858,490
  [per-mat] n=72,345,000  min=0  max=0.5962  mean=0.006201  median=0.004993  std=0.006049  geomean(>0)=0.004748
    quantiles: p    1=0.0006385  p    5=0.001239  p   10=0.001655  p   25=0.002756  p   50=0.004993  p   75=0.008278  p   90=0.01192  p   95=0.0146  p   99=0.02132  p 99.9=0.05908
    above-thr: >0.001=97.23%  >0.01=16.40%  >0.1= 0.06%  >0.5= 0.00%  >1= 0.00%  >5= 0.00%  >10= 0.00%  >100= 0.00%
[131/311] mat0153
  shape: K=100 views, V=232760 pixels, size=69,828,000, positive=69,432,414
  [per-mat] n=69,828,000  min=0  max=0.6221  mean=0.01054  median=0.008377  std=0.008142  geomean(>0)=0.007998
    quantiles: p    1=0.0007625  p    5=0.001995  p   10=0.002743  p   25=0.004738  p   50=0.008377  p   75=0.01389  p   90=0.02142  p   95=0.02696  p   99=0.0386  p 99.9=0.05298
    above-thr: >0.001=98.55%  >0.01=40.90%  >0.1= 0.00%  >0.5= 0.00%  >1= 0.00%  >5= 0.00%  >10= 0.00%  >100= 0.00%
[132/311] mat0154
  shape: K=100 views, V=190226 pixels, size=57,067,800, positive=42,953,178
  [per-mat] n=57,067,800  min=0  max=0.7671  mean=0.03849  median=0.02446  std=0.0418  geomean(>0)=0.02992
    quantiles: p    1=0  p    5=0  p   10=0  p   25=0.0001078  p   50=0.02446  p   75=0.06525  p   90=0.108  p   95=0.1224  p   99=0.1427  p 99.9=0.1619
    above-thr: >0.001=73.05%  >0.01=63.49%  >0.1=13.09%  >0.5= 0.00%  >1= 0.00%  >5= 0.00%  >10= 0.00%  >100= 0.00%
[133/311] mat0155
  shape: K=100 views, V=186183 pixels, size=55,854,900, positive=55,451,855
  [per-mat] n=55,854,900  min=0  max=0.5601  mean=0.104  median=0.09912  std=0.06438  geomean(>0)=0.07774
    quantiles: p    1=0.001146  p    5=0.01216  p   10=0.02211  p   25=0.04611  p   50=0.09912  p   75=0.1608  p   90=0.1923  p   95=0.2067  p   99=0.2272  p 99.9=0.2445
    above-thr: >0.001=99.04%  >0.01=95.94%  >0.1=49.70%  >0.5= 0.00%  >1= 0.00%  >5= 0.00%  >10= 0.00%  >100= 0.00%
[134/311] mat0156
  shape: K=100 views, V=263262 pixels, size=78,978,600, positive=78,795,142
  [per-mat] n=78,978,600  min=0  max=0.5312  mean=0.06073  median=0.0484  std=0.04244  geomean(>0)=0.04644
    quantiles: p    1=0.005051  p    5=0.01087  p   10=0.01614  p   25=0.02821  p   50=0.0484  p   75=0.08502  p   90=0.1279  p   95=0.1469  p   99=0.1749  p 99.9=0.201
    above-thr: >0.001=99.77%  >0.01=95.72%  >0.1=19.01%  >0.5= 0.00%  >1= 0.00%  >5= 0.00%  >10= 0.00%  >100= 0.00%
[135/311] mat0157
  shape: K=100 views, V=324478 pixels, size=97,343,400, positive=97,302,110
  [per-mat] n=97,343,400  min=0  max=1.449  mean=0.1637  median=0.176  std=0.05594  geomean(>0)=0.1525
    quantiles: p    1=0.05609  p    5=0.07227  p   10=0.08368  p   25=0.1121  p   50=0.176  p   75=0.2098  p   90=0.2314  p   95=0.2416  p   99=0.2578  p 99.9=0.2756
    above-thr: >0.001=99.96%  >0.01=99.92%  >0.1=81.30%  >0.5= 0.00%  >1= 0.00%  >5= 0.00%  >10= 0.00%  >100= 0.00%
[136/311] mat0158
  shape: K=100 views, V=296814 pixels, size=89,044,200, positive=73,067,116
  [per-mat] n=89,044,200  min=0  max=0.4424  mean=0.02791  median=0.02711  std=0.02338  geomean(>0)=0.02342
    quantiles: p    1=0  p    5=0  p   10=0  p   25=0.004177  p   50=0.02711  p   75=0.04504  p   90=0.05923  p   95=0.06799  p   99=0.08533  p 99.9=0.1099
    above-thr: >0.001=79.97%  >0.01=68.19%  >0.1= 0.22%  >0.5= 0.00%  >1= 0.00%  >5= 0.00%  >10= 0.00%  >100= 0.00%
[137/311] mat0159
  shape: K=100 views, V=167678 pixels, size=50,303,400, positive=49,780,325
  [per-mat] n=50,303,400  min=0  max=14.71  mean=0.146  median=0.1436  std=0.09844  geomean(>0)=0.1257
    quantiles: p    1=0  p    5=0.0397  p   10=0.04941  p   25=0.09045  p   50=0.1436  p   75=0.1749  p   90=0.222  p   95=0.2795  p   99=0.481  p 99.9=1.044
    above-thr: >0.001=98.96%  >0.01=98.95%  >0.1=72.09%  >0.5= 0.89%  >1= 0.11%  >5= 0.00%  >10= 0.00%  >100= 0.00%
[138/311] mat0160
  shape: K=100 views, V=288496 pixels, size=86,548,800, positive=85,279,220
  [per-mat] n=86,548,800  min=0  max=2.275  mean=0.008018  median=0.003305  std=0.01613  geomean(>0)=0.003944
    quantiles: p    1=0  p    5=0.0007114  p   10=0.001017  p   25=0.001736  p   50=0.003305  p   75=0.007748  p   90=0.01865  p   95=0.03014  p   99=0.07074  p 99.9=0.1836
    above-thr: >0.001=90.31%  >0.01=19.82%  >0.1= 0.46%  >0.5= 0.00%  >1= 0.00%  >5= 0.00%  >10= 0.00%  >100= 0.00%
[139/311] mat0161
  shape: K=100 views, V=342628 pixels, size=102,788,400, positive=97,532,043
  [per-mat] n=102,788,400  min=0  max=14.7  mean=0.0318  median=0.01182  std=0.05256  geomean(>0)=0.013
    quantiles: p    1=0  p    5=0  p   10=0.001322  p   25=0.003063  p   50=0.01182  p   75=0.04532  p   90=0.08368  p   95=0.1165  p   99=0.2124  p 99.9=0.4863
    above-thr: >0.001=92.35%  >0.01=52.78%  >0.1= 6.94%  >0.5= 0.09%  >1= 0.02%  >5= 0.00%  >10= 0.00%  >100= 0.00%
[140/311] mat0162
  shape: K=100 views, V=207545 pixels, size=62,263,500, positive=44,668,297
  [per-mat] n=62,263,500  min=0  max=11.16  mean=0.02055  median=0.003971  std=0.04814  geomean(>0)=0.01118
    quantiles: p    1=0  p    5=0  p   10=0  p   25=0  p   50=0.003971  p   75=0.02933  p   90=0.04672  p   95=0.07886  p   99=0.1995  p 99.9=0.5425
    above-thr: >0.001=69.21%  >0.01=39.62%  >0.1= 3.51%  >0.5= 0.12%  >1= 0.02%  >5= 0.00%  >10= 0.00%  >100= 0.00%
[141/311] mat0163
  shape: K=100 views, V=372240 pixels, size=111,672,000, positive=86,281,595
  [per-mat] n=111,672,000  min=0  max=23.11  mean=0.03968  median=0.006283  std=0.07167  geomean(>0)=0.01551
    quantiles: p    1=0  p    5=0  p   10=0  p   25=0.0004017  p   50=0.006283  p   75=0.07147  p   90=0.1061  p   95=0.1392  p   99=0.2869  p 99.9=0.6851
    above-thr: >0.001=71.14%  >0.01=45.61%  >0.1=12.44%  >0.5= 0.23%  >1= 0.04%  >5= 0.00%  >10= 0.00%  >100= 0.00%
[142/311] mat0164
  shape: K=100 views, V=172568 pixels, size=51,770,400, positive=37,881,530
  [per-mat] n=51,770,400  min=0  max=22.84  mean=0.04075  median=0.01849  std=0.07399  geomean(>0)=0.03045
    quantiles: p    1=0  p    5=0  p   10=0  p   25=0  p   50=0.01849  p   75=0.0589  p   90=0.09344  p   95=0.1403  p   99=0.3083  p 99.9=0.7881
    above-thr: >0.001=72.04%  >0.01=62.38%  >0.1= 8.99%  >0.5= 0.32%  >1= 0.05%  >5= 0.00%  >10= 0.00%  >100= 0.00%
[143/311] mat0165
  shape: K=100 views, V=232224 pixels, size=69,667,200, positive=69,136,333
  [per-mat] n=69,667,200  min=0  max=6.75  mean=0.009091  median=0.002787  std=0.02865  geomean(>0)=0.003549
    quantiles: p    1=0.0002992  p    5=0.0006981  p   10=0.0009561  p   25=0.001538  p   50=0.002787  p   75=0.006729  p   90=0.0188  p   95=0.03537  p   99=0.1034  p 99.9=0.343
    above-thr: >0.001=88.98%  >0.01=17.66%  >0.1= 1.06%  >0.5= 0.04%  >1= 0.01%  >5= 0.00%  >10= 0.00%  >100= 0.00%
[144/311] mat0166
  shape: K=100 views, V=374100 pixels, size=112,230,000, positive=111,443,398
  [per-mat] n=112,230,000  min=0  max=14.52  mean=0.04406  median=0.02165  std=0.07159  geomean(>0)=0.02041
    quantiles: p    1=0.0002302  p    5=0.001637  p   10=0.003069  p   25=0.008545  p   50=0.02165  p   75=0.05496  p   90=0.1008  p   95=0.1526  p   99=0.3113  p 99.9=0.7314
    above-thr: >0.001=97.15%  >0.01=72.24%  >0.1=10.13%  >0.5= 0.28%  >1= 0.04%  >5= 0.00%  >10= 0.00%  >100= 0.00%
[145/311] mat0167
  shape: K=100 views, V=191808 pixels, size=57,542,400, positive=39,124,977
  [per-mat] n=57,542,400  min=0  max=10.62  mean=0.04798  median=0.0416  std=0.05398  geomean(>0)=0.05695
    quantiles: p    1=0  p    5=0  p   10=0  p   25=0  p   50=0.0416  p   75=0.0744  p   90=0.1165  p   95=0.1301  p   99=0.1921  p 99.9=0.4592
    above-thr: >0.001=67.86%  >0.01=67.21%  >0.1=17.16%  >0.5= 0.08%  >1= 0.01%  >5= 0.00%  >10= 0.00%  >100= 0.00%
[146/311] mat0168
  shape: K=100 views, V=167534 pixels, size=50,260,200, positive=49,950,225
  [per-mat] n=50,260,200  min=0  max=18.81  mean=0.08038  median=0.05194  std=0.08756  geomean(>0)=0.05785
    quantiles: p    1=0.009483  p    5=0.01482  p   10=0.0197  p   25=0.03345  p   50=0.05194  p   75=0.1156  p   90=0.1576  p   95=0.1943  p   99=0.3787  p 99.9=0.9165
    above-thr: >0.001=99.38%  >0.01=98.84%  >0.1=29.43%  >0.5= 0.50%  >1= 0.08%  >5= 0.00%  >10= 0.00%  >100= 0.00%
[147/311] mat0169
  shape: K=100 views, V=211752 pixels, size=63,525,600, positive=63,328,177
  [per-mat] n=63,525,600  min=0  max=0.7705  mean=0.06969  median=0.06064  std=0.04273  geomean(>0)=0.0567
    quantiles: p    1=0.007889  p    5=0.01663  p   10=0.02269  p   25=0.03534  p   50=0.06064  p   75=0.09558  p   90=0.1362  p   95=0.1521  p   99=0.1803  p 99.9=0.1978
    above-thr: >0.001=99.66%  >0.01=98.40%  >0.1=23.23%  >0.5= 0.00%  >1= 0.00%  >5= 0.00%  >10= 0.00%  >100= 0.00%
[148/311] mat0171
  shape: K=100 views, V=287912 pixels, size=86,373,600, positive=85,724,731
  [per-mat] n=86,373,600  min=0  max=1.245  mean=0.1304  median=0.1121  std=0.0662  geomean(>0)=0.1133
    quantiles: p    1=0.01822  p    5=0.03818  p   10=0.05121  p   25=0.07581  p   50=0.1121  p   75=0.1936  p   90=0.2211  p   95=0.2346  p   99=0.2561  p 99.9=0.2781
    above-thr: >0.001=99.25%  >0.01=99.24%  >0.1=56.90%  >0.5= 0.00%  >1= 0.00%  >5= 0.00%  >10= 0.00%  >100= 0.00%
[149/311] mat0173
  shape: K=100 views, V=290080 pixels, size=87,024,000, positive=86,328,048
  [per-mat] n=87,024,000  min=0  max=0.686  mean=0.1317  median=0.1289  std=0.05502  geomean(>0)=0.1213
    quantiles: p    1=0.03647  p    5=0.05304  p   10=0.06323  p   25=0.08789  p   50=0.1289  p   75=0.1663  p   90=0.214  p   95=0.2317  p   99=0.2544  p 99.9=0.2786
    above-thr: >0.001=99.20%  >0.01=99.20%  >0.1=67.42%  >0.5= 0.00%  >1= 0.00%  >5= 0.00%  >10= 0.00%  >100= 0.00%
[150/311] mat0174
  shape: K=100 views, V=318987 pixels, size=95,696,100, positive=95,513,038
  [per-mat] n=95,696,100  min=0  max=0.7046  mean=0.01565  median=0.01298  std=0.01072  geomean(>0)=0.01263
    quantiles: p    1=0.002333  p    5=0.00396  p   10=0.005074  p   25=0.008034  p   50=0.01298  p   75=0.02049  p   90=0.02963  p   95=0.03647  p   99=0.05151  p 99.9=0.07709
    above-thr: >0.001=99.76%  >0.01=64.39%  >0.1= 0.02%  >0.5= 0.00%  >1= 0.00%  >5= 0.00%  >10= 0.00%  >100= 0.00%
[151/311] mat0175
  shape: K=100 views, V=170848 pixels, size=51,254,400, positive=36,824,087
  [per-mat] n=51,254,400  min=0  max=0.5991  mean=0.04441  median=0.04733  std=0.03668  geomean(>0)=0.0503
    quantiles: p    1=0  p    5=0  p   10=0  p   25=0  p   50=0.04733  p   75=0.07343  p   90=0.09125  p   95=0.1021  p   99=0.1246  p 99.9=0.1503
    above-thr: >0.001=71.17%  >0.01=68.01%  >0.1= 5.71%  >0.5= 0.00%  >1= 0.00%  >5= 0.00%  >10= 0.00%  >100= 0.00%
[152/311] mat0176
  shape: K=100 views, V=231324 pixels, size=69,397,200, positive=56,950,389
  [per-mat] n=69,397,200  min=0  max=0.8101  mean=0.04256  median=0.01178  std=0.05433  geomean(>0)=0.02136
    quantiles: p    1=0  p    5=0  p   10=0  p   25=0.002975  p   50=0.01178  p   75=0.07831  p   90=0.1346  p   95=0.1511  p   99=0.1812  p 99.9=0.2113
    above-thr: >0.001=79.45%  >0.01=53.88%  >0.1=20.84%  >0.5= 0.00%  >1= 0.00%  >5= 0.00%  >10= 0.00%  >100= 0.00%
[153/311] mat0177
  shape: K=100 views, V=260484 pixels, size=78,145,200, positive=78,113,582
  [per-mat] n=78,145,200  min=0  max=0.5596  mean=0.07198  median=0.06317  std=0.03986  geomean(>0)=0.06113
    quantiles: p    1=0.01392  p    5=0.0213  p   10=0.0273  p   25=0.04071  p   50=0.06317  p   75=0.09723  p   90=0.1317  p   95=0.1475  p   99=0.1764  p 99.9=0.2056
    above-thr: >0.001=99.96%  >0.01=99.80%  >0.1=23.71%  >0.5= 0.00%  >1= 0.00%  >5= 0.00%  >10= 0.00%  >100= 0.00%
[154/311] mat0178
  shape: K=100 views, V=187912 pixels, size=56,373,600, positive=55,474,498
  [per-mat] n=56,373,600  min=0  max=6.754  mean=0.08173  median=0.05594  std=0.08723  geomean(>0)=0.04574
    quantiles: p    1=0  p    5=0.002377  p   10=0.006504  p   25=0.02252  p   50=0.05594  p   75=0.1179  p   90=0.1821  p   95=0.234  p   99=0.3889  p 99.9=0.751
    above-thr: >0.001=96.99%  >0.01=86.74%  >0.1=30.92%  >0.5= 0.43%  >1= 0.03%  >5= 0.00%  >10= 0.00%  >100= 0.00%
[155/311] mat0179
  shape: K=100 views, V=226695 pixels, size=68,008,500, positive=67,767,281
  [per-mat] n=68,008,500  min=0  max=1.984  mean=0.1637  median=0.1733  std=0.05726  geomean(>0)=0.1532
    quantiles: p    1=0.05505  p    5=0.07855  p   10=0.08826  p   25=0.1089  p   50=0.1733  p   75=0.2102  p   90=0.2354  p   95=0.2489  p   99=0.2695  p 99.9=0.29
    above-thr: >0.001=99.64%  >0.01=99.59%  >0.1=81.39%  >0.5= 0.00%  >1= 0.00%  >5= 0.00%  >10= 0.00%  >100= 0.00%
[156/311] mat0180
  shape: K=100 views, V=211365 pixels, size=63,409,500, positive=43,850,556
  [per-mat] n=63,409,500  min=0  max=0.7114  mean=0.03719  median=0.03964  std=0.03111  geomean(>0)=0.04691
    quantiles: p    1=0  p    5=0  p   10=0  p   25=0  p   50=0.03964  p   75=0.06152  p   90=0.0766  p   95=0.08734  p   99=0.1046  p 99.9=0.134
    above-thr: >0.001=68.83%  >0.01=67.39%  >0.1= 1.63%  >0.5= 0.00%  >1= 0.00%  >5= 0.00%  >10= 0.00%  >100= 0.00%
[157/311] mat0182
  shape: K=100 views, V=390651 pixels, size=117,195,300, positive=117,176,459
  [per-mat] n=117,195,300  min=0  max=0.6855  mean=0.1098  median=0.09985  std=0.04893  geomean(>0)=0.0981
    quantiles: p    1=0.02521  p    5=0.03955  p   10=0.05197  p   25=0.07043  p   50=0.09985  p   75=0.1495  p   90=0.1783  p   95=0.1931  p   99=0.2189  p 99.9=0.2349
    above-thr: >0.001=99.98%  >0.01=99.98%  >0.1=49.94%  >0.5= 0.00%  >1= 0.00%  >5= 0.00%  >10= 0.00%  >100= 0.00%
[158/311] mat0183
  shape: K=100 views, V=160060 pixels, size=48,018,000, positive=47,594,943
  [per-mat] n=48,018,000  min=0  max=0.7817  mean=0.111  median=0.099  std=0.06565  geomean(>0)=0.09075
    quantiles: p    1=0.005573  p    5=0.02315  p   10=0.03314  p   25=0.05579  p   50=0.099  p   75=0.16  p   90=0.2095  p   95=0.2279  p   99=0.2561  p 99.9=0.2751
    above-thr: >0.001=99.11%  >0.01=98.71%  >0.1=49.56%  >0.5= 0.00%  >1= 0.00%  >5= 0.00%  >10= 0.00%  >100= 0.00%
[159/311] mat0184
  shape: K=100 views, V=192820 pixels, size=57,846,000, positive=57,404,041
  [per-mat] n=57,846,000  min=0  max=0.9692  mean=0.1275  median=0.1098  std=0.07337  geomean(>0)=0.1044
    quantiles: p    1=0.01223  p    5=0.02762  p   10=0.03772  p   25=0.06192  p   50=0.1098  p   75=0.1985  p   90=0.2277  p   95=0.2421  p   99=0.2617  p 99.9=0.282
    above-thr: >0.001=99.24%  >0.01=99.13%  >0.1=55.09%  >0.5= 0.00%  >1= 0.00%  >5= 0.00%  >10= 0.00%  >100= 0.00%
[160/311] mat0185
  shape: K=100 views, V=262196 pixels, size=78,658,800, positive=77,910,366
  [per-mat] n=78,658,800  min=0  max=0.543  mean=0.009965  median=0.007339  std=0.009063  geomean(>0)=0.006422
    quantiles: p    1=8.047e-05  p    5=0.0009422  p   10=0.001427  p   25=0.002937  p   50=0.007339  p   75=0.01447  p   90=0.02202  p   95=0.02783  p   99=0.03992  p 99.9=0.05643
    above-thr: >0.001=94.43%  >0.01=39.40%  >0.1= 0.01%  >0.5= 0.00%  >1= 0.00%  >5= 0.00%  >10= 0.00%  >100= 0.00%
[161/311] mat0186
  shape: K=100 views, V=309160 pixels, size=92,748,000, positive=67,239,861
  [per-mat] n=92,748,000  min=0  max=1.089  mean=0.05026  median=0.03519  std=0.05318  geomean(>0)=0.04688
    quantiles: p    1=0  p    5=0  p   10=0  p   25=0  p   50=0.03519  p   75=0.07947  p   90=0.1406  p   95=0.1576  p   99=0.1818  p 99.9=0.2041
    above-thr: >0.001=71.66%  >0.01=67.34%  >0.1=20.02%  >0.5= 0.00%  >1= 0.00%  >5= 0.00%  >10= 0.00%  >100= 0.00%
[162/311] mat0187
  shape: K=100 views, V=335808 pixels, size=100,742,400, positive=99,965,886
  [per-mat] n=100,742,400  min=0  max=1.071  mean=0.134  median=0.1203  std=0.05982  geomean(>0)=0.1211
    quantiles: p    1=0.02658  p    5=0.04648  p   10=0.06113  p   25=0.0874  p   50=0.1203  p   75=0.1882  p   90=0.2172  p   95=0.2305  p   99=0.252  p 99.9=0.2732
    above-thr: >0.001=99.23%  >0.01=99.23%  >0.1=63.82%  >0.5= 0.00%  >1= 0.00%  >5= 0.00%  >10= 0.00%  >100= 0.00%
[163/311] mat0188
  shape: K=100 views, V=367934 pixels, size=110,380,200, positive=103,910,965
  [per-mat] n=110,380,200  min=0  max=0.4382  mean=0.02114  median=0.01833  std=0.01798  geomean(>0)=0.0125
    quantiles: p    1=0  p    5=0  p   10=0.0004559  p   25=0.005821  p   50=0.01833  p   75=0.0325  p   90=0.04568  p   95=0.05414  p   99=0.07379  p 99.9=0.09094
    above-thr: >0.001=86.14%  >0.01=66.98%  >0.1= 0.04%  >0.5= 0.00%  >1= 0.00%  >5= 0.00%  >10= 0.00%  >100= 0.00%
[164/311] mat0189
  shape: K=100 views, V=292100 pixels, size=87,630,000, positive=77,921,081
  [per-mat] n=87,630,000  min=0  max=1.116  mean=0.05197  median=0.02866  std=0.05753  geomean(>0)=0.02639
    quantiles: p    1=0  p    5=0  p   10=0  p   25=0.005566  p   50=0.02866  p   75=0.0813  p   90=0.1536  p   95=0.1698  p   99=0.1947  p 99.9=0.2186
    above-thr: >0.001=84.56%  >0.01=69.26%  >0.1=21.92%  >0.5= 0.00%  >1= 0.00%  >5= 0.00%  >10= 0.00%  >100= 0.00%
[165/311] mat0190
  shape: K=100 views, V=180180 pixels, size=54,054,000, positive=53,630,880
  [per-mat] n=54,054,000  min=0  max=1.301  mean=0.02115  median=0.01043  std=0.02259  geomean(>0)=0.01113
    quantiles: p    1=0.0002089  p    5=0.001478  p   10=0.00226  p   25=0.00425  p   50=0.01043  p   75=0.03406  p   90=0.05756  p   95=0.0675  p   99=0.08716  p 99.9=0.1019
    above-thr: >0.001=97.18%  >0.01=51.02%  >0.1= 0.14%  >0.5= 0.00%  >1= 0.00%  >5= 0.00%  >10= 0.00%  >100= 0.00%
[166/311] mat0191
  shape: K=100 views, V=260000 pixels, size=78,000,000, positive=77,584,031
  [per-mat] n=78,000,000  min=0  max=7.645  mean=0.09642  median=0.08081  std=0.08572  geomean(>0)=0.07065
    quantiles: p    1=0.009384  p    5=0.01578  p   10=0.02133  p   25=0.03799  p   50=0.08081  p   75=0.1251  p   90=0.1852  p   95=0.2388  p   99=0.4092  p 99.9=0.7974
    above-thr: >0.001=99.46%  >0.01=98.84%  >0.1=37.27%  >0.5= 0.52%  >1= 0.04%  >5= 0.00%  >10= 0.00%  >100= 0.00%
[167/311] mat0192
  shape: K=100 views, V=295581 pixels, size=88,674,300, positive=87,867,731
  [per-mat] n=88,674,300  min=0  max=0.8794  mean=0.06426  median=0.05276  std=0.04648  geomean(>0)=0.0485
    quantiles: p    1=0.003622  p    5=0.01071  p   10=0.0153  p   25=0.02623  p   50=0.05276  p   75=0.09106  p   90=0.1376  p   95=0.1527  p   99=0.1836  p 99.9=0.2101
    above-thr: >0.001=99.09%  >0.01=95.65%  >0.1=22.68%  >0.5= 0.00%  >1= 0.00%  >5= 0.00%  >10= 0.00%  >100= 0.00%
[168/311] mat0193
  shape: K=100 views, V=187824 pixels, size=56,347,200, positive=56,083,484
  [per-mat] n=56,347,200  min=0  max=2.227  mean=0.04516  median=0.03717  std=0.03019  geomean(>0)=0.03605
    quantiles: p    1=0.005646  p    5=0.01016  p   10=0.01355  p   25=0.02191  p   50=0.03717  p   75=0.0636  p   90=0.08887  p   95=0.1036  p   99=0.1338  p 99.9=0.1587
    above-thr: >0.001=99.53%  >0.01=95.20%  >0.1= 5.88%  >0.5= 0.00%  >1= 0.00%  >5= 0.00%  >10= 0.00%  >100= 0.00%
[169/311] mat0194
  shape: K=100 views, V=298290 pixels, size=89,487,000, positive=61,162,399
  [per-mat] n=89,487,000  min=0  max=1.249  mean=0.05981  median=0.0564  std=0.05559  geomean(>0)=0.07187
    quantiles: p    1=0  p    5=0  p   10=0  p   25=0  p   50=0.0564  p   75=0.09528  p   90=0.1451  p   95=0.1605  p   99=0.1875  p 99.9=0.205
    above-thr: >0.001=68.06%  >0.01=66.73%  >0.1=23.54%  >0.5= 0.00%  >1= 0.00%  >5= 0.00%  >10= 0.00%  >100= 0.00%
[170/311] mat0195
  shape: K=100 views, V=241440 pixels, size=72,432,000, positive=71,974,184
  [per-mat] n=72,432,000  min=0  max=0.7783  mean=0.06544  median=0.04752  std=0.04997  geomean(>0)=0.04994
    quantiles: p    1=0.006546  p    5=0.01382  p   10=0.01833  p   25=0.02985  p   50=0.04752  p   75=0.08417  p   90=0.1522  p   95=0.1718  p   99=0.2023  p 99.9=0.22
    above-thr: >0.001=99.36%  >0.01=97.81%  >0.1=21.43%  >0.5= 0.00%  >1= 0.00%  >5= 0.00%  >10= 0.00%  >100= 0.00%
[171/311] mat0196
  shape: K=100 views, V=163216 pixels, size=48,964,800, positive=41,605,728
  [per-mat] n=48,964,800  min=0  max=0.5874  mean=0.04609  median=0.01138  std=0.06053  geomean(>0)=0.02009
    quantiles: p    1=0  p    5=0  p   10=0  p   25=0.003387  p   50=0.01138  p   75=0.0799  p   90=0.1508  p   95=0.1699  p   99=0.2025  p 99.9=0.2224
    above-thr: >0.001=81.82%  >0.01=53.19%  >0.1=22.00%  >0.5= 0.00%  >1= 0.00%  >5= 0.00%  >10= 0.00%  >100= 0.00%
[172/311] mat0197
  shape: K=100 views, V=180918 pixels, size=54,275,400, positive=54,213,047
  [per-mat] n=54,275,400  min=0  max=0.8169  mean=0.03687  median=0.01662  std=0.03913  geomean(>0)=0.01921
    quantiles: p    1=0.001483  p    5=0.002796  p   10=0.003994  p   25=0.007507  p   50=0.01662  p   75=0.06131  p   90=0.1014  p   95=0.1144  p   99=0.1417  p 99.9=0.1605
    above-thr: >0.001=99.56%  >0.01=66.39%  >0.1=10.69%  >0.5= 0.00%  >1= 0.00%  >5= 0.00%  >10= 0.00%  >100= 0.00%
[173/311] mat0199
  shape: K=100 views, V=164832 pixels, size=49,449,600, positive=49,305,645
  [per-mat] n=49,449,600  min=0  max=0.4219  mean=0.007176  median=0.005184  std=0.006745  geomean(>0)=0.005062
    quantiles: p    1=0.0007262  p    5=0.001195  p   10=0.001593  p   25=0.002718  p   50=0.005184  p   75=0.009514  p   90=0.01514  p   95=0.01947  p   99=0.03143  p 99.9=0.05838
    above-thr: >0.001=97.13%  >0.01=23.14%  >0.1= 0.01%  >0.5= 0.00%  >1= 0.00%  >5= 0.00%  >10= 0.00%  >100= 0.00%
[174/311] mat0200
  shape: K=100 views, V=184440 pixels, size=55,332,000, positive=52,866,322
  [per-mat] n=55,332,000  min=0  max=5.238  mean=0.0383  median=0.02214  std=0.05176  geomean(>0)=0.01703
    quantiles: p    1=0  p    5=8.881e-05  p   10=0.0006819  p   25=0.006611  p   50=0.02214  p   75=0.05072  p   90=0.09314  p   95=0.1305  p   99=0.2362  p 99.9=0.4648
    above-thr: >0.001=87.70%  >0.01=68.37%  >0.1= 8.73%  >0.5= 0.08%  >1= 0.01%  >5= 0.00%  >10= 0.00%  >100= 0.00%
[175/311] mat0201
  shape: K=100 views, V=184440 pixels, size=55,332,000, positive=55,330,518
  [per-mat] n=55,332,000  min=0  max=29.52  mean=0.1722  median=0.1484  std=0.1429  geomean(>0)=0.1321
    quantiles: p    1=0.02956  p    5=0.03973  p   10=0.04752  p   25=0.07141  p   50=0.1484  p   75=0.2295  p   90=0.3174  p   95=0.3936  p   99=0.645  p 99.9=1.354
    above-thr: >0.001=100.00%  >0.01=99.97%  >0.1=63.15%  >0.5= 2.27%  >1= 0.25%  >5= 0.00%  >10= 0.00%  >100= 0.00%
[176/311] mat0202
  shape: K=100 views, V=184440 pixels, size=55,332,000, positive=55,330,453
  [per-mat] n=55,332,000  min=0  max=13.19  mean=0.1753  median=0.1704  std=0.1015  geomean(>0)=0.1508
    quantiles: p    1=0.03998  p    5=0.05621  p   10=0.06854  p   25=0.09869  p   50=0.1704  p   75=0.2255  p   90=0.2793  p   95=0.3276  p   99=0.4998  p 99.9=0.9448
    above-thr: >0.001=100.00%  >0.01=99.98%  >0.1=74.31%  >0.5= 0.99%  >1= 0.08%  >5= 0.00%  >10= 0.00%  >100= 0.00%
[177/311] mat0203
  shape: K=100 views, V=170544 pixels, size=51,163,200, positive=51,163,197
  [per-mat] n=51,163,200  min=0  max=3.033  mean=0.1683  median=0.1781  std=0.05507  geomean(>0)=0.1582
    quantiles: p    1=0.06738  p    5=0.08417  p   10=0.09283  p   25=0.1141  p   50=0.1781  p   75=0.2131  p   90=0.2372  p   95=0.2493  p   99=0.2686  p 99.9=0.2883
    above-thr: >0.001=100.00%  >0.01=100.00%  >0.1=84.74%  >0.5= 0.00%  >1= 0.00%  >5= 0.00%  >10= 0.00%  >100= 0.00%
[178/311] mat0204
  shape: K=100 views, V=184440 pixels, size=55,332,000, positive=42,816,575
  [per-mat] n=55,332,000  min=0  max=5.758  mean=0.04633  median=0.007473  std=0.07924  geomean(>0)=0.01721
    quantiles: p    1=0  p    5=0  p   10=0  p   25=0.0005722  p   50=0.007473  p   75=0.06091  p   90=0.1519  p   95=0.2024  p   99=0.3369  p 99.9=0.625
    above-thr: >0.001=72.17%  >0.01=46.13%  >0.1=18.30%  >0.5= 0.24%  >1= 0.01%  >5= 0.00%  >10= 0.00%  >100= 0.00%
[179/311] mat0205
  shape: K=100 views, V=303356 pixels, size=91,006,800, positive=91,001,941
  [per-mat] n=91,006,800  min=0  max=5.816  mean=0.02142  median=0.008553  std=0.04498  geomean(>0)=0.009678
    quantiles: p    1=0.001463  p    5=0.002449  p   10=0.003252  p   25=0.005207  p   50=0.008553  p   75=0.01403  p   90=0.02615  p   95=0.1241  p   99=0.236  p 99.9=0.2698
    above-thr: >0.001=99.77%  >0.01=41.47%  >0.1= 5.90%  >0.5= 0.00%  >1= 0.00%  >5= 0.00%  >10= 0.00%  >100= 0.00%
[180/311] mat0206
  shape: K=100 views, V=347260 pixels, size=104,178,000, positive=104,177,810
  [per-mat] n=104,178,000  min=0  max=7.055  mean=0.02879  median=0.01817  std=0.03506  geomean(>0)=0.0186
    quantiles: p    1=0.002531  p    5=0.004257  p   10=0.005798  p   25=0.01003  p   50=0.01817  p   75=0.03403  p   90=0.0592  p   95=0.08087  p   99=0.2194  p 99.9=0.2651
    above-thr: >0.001=99.96%  >0.01=75.13%  >0.1= 3.20%  >0.5= 0.00%  >1= 0.00%  >5= 0.00%  >10= 0.00%  >100= 0.00%
[181/311] mat0207
  shape: K=100 views, V=347260 pixels, size=104,178,000, positive=104,177,864
  [per-mat] n=104,178,000  min=0  max=2.611  mean=0.03936  median=0.02892  std=0.03448  geomean(>0)=0.02765
    quantiles: p    1=0.003342  p    5=0.005943  p   10=0.008362  p   25=0.01534  p   50=0.02892  p   75=0.05267  p   90=0.08514  p   95=0.1057  p   99=0.1613  p 99.9=0.2551
    above-thr: >0.001=100.00%  >0.01=86.44%  >0.1= 6.12%  >0.5= 0.00%  >1= 0.00%  >5= 0.00%  >10= 0.00%  >100= 0.00%
[182/311] mat0208
  shape: K=100 views, V=522427 pixels, size=156,728,100, positive=138,220,566
  [per-mat] n=156,728,100  min=0  max=33.69  mean=0.05292  median=0.01172  std=0.1617  geomean(>0)=0.01621
    quantiles: p    1=0  p    5=0  p   10=0  p   25=0.003071  p   50=0.01172  p   75=0.04361  p   90=0.1223  p   95=0.2175  p   99=0.6431  p 99.9=1.997
    above-thr: >0.001=84.14%  >0.01=53.73%  >0.1=12.40%  >0.5= 1.52%  >1= 0.45%  >5= 0.01%  >10= 0.00%  >100= 0.00%
[183/311] mat0209
  shape: K=100 views, V=443300 pixels, size=132,990,000, positive=131,898,568
  [per-mat] n=132,990,000  min=0  max=20.5  mean=0.03607  median=0.01463  std=0.1115  geomean(>0)=0.01529
    quantiles: p    1=0.0007238  p    5=0.002172  p   10=0.003275  p   25=0.006756  p   50=0.01463  p   75=0.03053  p   90=0.06818  p   95=0.1197  p   99=0.3889  p 99.9=1.411
    above-thr: >0.001=98.70%  >0.01=63.71%  >0.1= 6.26%  >0.5= 0.68%  >1= 0.20%  >5= 0.00%  >10= 0.00%  >100= 0.00%
[184/311] mat0210
  shape: K=100 views, V=791844 pixels, size=237,553,200, positive=235,050,244
  [per-mat] n=237,553,200  min=0  max=96.69  mean=0.1513  median=0.008827  std=0.8074  geomean(>0)=0.01354
    quantiles: p    1=0  p    5=0.0007749  p   10=0.00128  p   25=0.002977  p   50=0.008827  p   75=0.04834  p   90=0.2357  p   95=0.5688  p   99=2.756  p 99.9=11.27
    above-thr: >0.001=92.70%  >0.01=47.82%  >0.1=17.16%  >0.5= 5.58%  >1= 2.98%  >5= 0.44%  >10= 0.13%  >100= 0.00%
[185/311] mat0211
  shape: K=100 views, V=673644 pixels, size=202,093,200, positive=201,380,678
  [per-mat] n=202,093,200  min=0  max=109.6  mean=0.01455  median=0.004375  std=0.1912  geomean(>0)=0.004584
    quantiles: p    1=0.0004404  p    5=0.0007524  p   10=0.001013  p   25=0.001809  p   50=0.004375  p   75=0.009697  p   90=0.02084  p   95=0.03705  p   99=0.1338  p 99.9=0.9824
    above-thr: >0.001=90.27%  >0.01=24.15%  >0.1= 1.42%  >0.5= 0.22%  >1= 0.10%  >5= 0.01%  >10= 0.01%  >100= 0.00%
[186/311] mat0212
  shape: K=100 views, V=244550 pixels, size=73,365,000, positive=72,601,799
  [per-mat] n=73,365,000  min=0  max=138  mean=0.1482  median=0.06641  std=1.019  geomean(>0)=0.06458
    quantiles: p    1=0  p    5=0.008385  p   10=0.01585  p   25=0.03247  p   50=0.06641  p   75=0.1299  p   90=0.2072  p   95=0.2903  p   99=0.9697  p 99.9=12.91
    above-thr: >0.001=98.94%  >0.01=93.85%  >0.1=35.71%  >0.5= 2.10%  >1= 0.97%  >5= 0.25%  >10= 0.13%  >100= 0.00%
[187/311] mat0213
  shape: K=100 views, V=487692 pixels, size=146,307,600, positive=124,077,601
  [per-mat] n=146,307,600  min=0  max=123.2  mean=0.05071  median=0.02603  std=0.2928  geomean(>0)=0.02768
    quantiles: p    1=0  p    5=0  p   10=0  p   25=0.005291  p   50=0.02603  p   75=0.05807  p   90=0.1035  p   95=0.16  p   99=0.2686  p 99.9=1.855
    above-thr: >0.001=83.43%  >0.01=68.60%  >0.1=10.60%  >0.5= 0.39%  >1= 0.19%  >5= 0.03%  >10= 0.01%  >100= 0.00%
[188/311] mat0214
  shape: K=100 views, V=662625 pixels, size=198,787,500, positive=191,984,189
  [per-mat] n=198,787,500  min=0  max=113.4  mean=0.09726  median=0.05453  std=0.3361  geomean(>0)=0.04107
    quantiles: p    1=0  p    5=0.0009017  p   10=0.002943  p   25=0.01197  p   50=0.05453  p   75=0.1377  p   90=0.2058  p   95=0.2634  p   99=0.5249  p 99.9=2.611
    above-thr: >0.001=94.80%  >0.01=77.34%  >0.1=34.29%  >0.5= 1.10%  >1= 0.35%  >5= 0.04%  >10= 0.02%  >100= 0.00%
[189/311] mat0215
  shape: K=100 views, V=444533 pixels, size=133,359,900, positive=108,802,820
  [per-mat] n=133,359,900  min=0  max=108.5  mean=0.0526  median=0.01959  std=0.2639  geomean(>0)=0.026
    quantiles: p    1=0  p    5=0  p   10=0  p   25=0.003336  p   50=0.01959  p   75=0.0596  p   90=0.1223  p   95=0.1749  p   99=0.3806  p 99.9=1.892
    above-thr: >0.001=79.69%  >0.01=62.59%  >0.1=13.76%  >0.5= 0.62%  >1= 0.22%  >5= 0.03%  >10= 0.01%  >100= 0.00%
[190/311] mat0218
  shape: K=100 views, V=292273 pixels, size=87,681,900, positive=87,643,836
  [per-mat] n=87,681,900  min=0  max=106.6  mean=0.1092  median=0.08954  std=0.1279  geomean(>0)=0.08177
    quantiles: p    1=0.009811  p    5=0.02034  p   10=0.02838  p   25=0.04993  p   50=0.08954  p   75=0.1447  p   90=0.2021  p   95=0.2507  p   99=0.4219  p 99.9=0.9336
    above-thr: >0.001=99.91%  >0.01=98.95%  >0.1=44.18%  >0.5= 0.60%  >1= 0.08%  >5= 0.00%  >10= 0.00%  >100= 0.00%
[191/311] mat0219
  shape: K=100 views, V=212076 pixels, size=63,622,800, positive=63,384,432
  [per-mat] n=63,622,800  min=0  max=133.9  mean=0.06667  median=0.03336  std=0.4928  geomean(>0)=0.03259
    quantiles: p    1=0.00138  p    5=0.00387  p   10=0.006622  p   25=0.01526  p   50=0.03336  p   75=0.07758  p   90=0.1523  p   95=0.1725  p   99=0.209  p 99.9=2.018
    above-thr: >0.001=99.40%  >0.01=83.89%  >0.1=20.16%  >0.5= 0.26%  >1= 0.16%  >5= 0.05%  >10= 0.03%  >100= 0.00%
[192/311] mat0220
  shape: K=100 views, V=622710 pixels, size=186,813,000, positive=180,699,398
  [per-mat] n=186,813,000  min=0  max=94.94  mean=0.06676  median=0.02887  std=0.3646  geomean(>0)=0.02471
    quantiles: p    1=0  p    5=0.0007534  p   10=0.002087  p   25=0.008232  p   50=0.02887  p   75=0.07031  p   90=0.1456  p   95=0.1925  p   99=0.3962  p 99.9=3.305
    above-thr: >0.001=94.20%  >0.01=72.19%  >0.1=17.45%  >0.5= 0.71%  >1= 0.33%  >5= 0.06%  >10= 0.03%  >100= 0.00%
[193/311] mat0221
  shape: K=100 views, V=305325 pixels, size=91,597,500, positive=84,285,133
  [per-mat] n=91,597,500  min=0  max=82.25  mean=0.03937  median=0.01086  std=0.2166  geomean(>0)=0.01335
    quantiles: p    1=0  p    5=0  p   10=0.0004628  p   25=0.003262  p   50=0.01086  p   75=0.04251  p   90=0.1031  p   95=0.1316  p   99=0.2216  p 99.9=1.867
    above-thr: >0.001=87.29%  >0.01=51.91%  >0.1=10.64%  >0.5= 0.40%  >1= 0.20%  >5= 0.03%  >10= 0.01%  >100= 0.00%
[194/311] mat0222
  shape: K=100 views, V=658188 pixels, size=197,456,400, positive=195,421,398
  [per-mat] n=197,456,400  min=0  max=104.4  mean=0.02592  median=0.00391  std=0.3771  geomean(>0)=0.004439
    quantiles: p    1=0  p    5=0.0006571  p   10=0.0008883  p   25=0.001559  p   50=0.00391  p   75=0.009911  p   90=0.02307  p   95=0.04297  p   99=0.2472  p 99.9=3.424
    above-thr: >0.001=87.15%  >0.01=24.80%  >0.1= 2.15%  >0.5= 0.57%  >1= 0.32%  >5= 0.07%  >10= 0.03%  >100= 0.00%
[195/311] mat0223
  shape: K=100 views, V=284784 pixels, size=85,435,200, positive=74,002,480
  [per-mat] n=85,435,200  min=0  max=96.81  mean=0.06294  median=0.01942  std=0.3371  geomean(>0)=0.02211
    quantiles: p    1=0  p    5=0  p   10=0  p   25=0.002996  p   50=0.01942  p   75=0.0661  p   90=0.1335  p   95=0.1868  p   99=0.4863  p 99.9=3.725
    above-thr: >0.001=83.60%  >0.01=60.51%  >0.1=16.19%  >0.5= 0.97%  >1= 0.45%  >5= 0.07%  >10= 0.02%  >100= 0.00%
[196/311] mat0224
  shape: K=100 views, V=596122 pixels, size=178,836,600, positive=168,400,793
  [per-mat] n=178,836,600  min=0  max=137.6  mean=0.05733  median=0.03047  std=0.4193  geomean(>0)=0.02813
    quantiles: p    1=0  p    5=0  p   10=0.002571  p   25=0.01188  p   50=0.03047  p   75=0.06506  p   90=0.106  p   95=0.1302  p   99=0.2683  p 99.9=2.801
    above-thr: >0.001=92.13%  >0.01=78.20%  >0.1=11.68%  >0.5= 0.52%  >1= 0.27%  >5= 0.05%  >10= 0.02%  >100= 0.00%
[197/311] mat0225
  shape: K=100 views, V=246025 pixels, size=73,807,500, positive=72,508,295
  [per-mat] n=73,807,500  min=0  max=104.9  mean=0.08048  median=0.03979  std=0.5239  geomean(>0)=0.03771
    quantiles: p    1=0  p    5=0.002417  p   10=0.006367  p   25=0.01891  p   50=0.03979  p   75=0.09155  p   90=0.1482  p   95=0.1901  p   99=0.3782  p 99.9=4.09
    above-thr: >0.001=97.09%  >0.01=86.05%  >0.1=22.20%  >0.5= 0.65%  >1= 0.31%  >5= 0.08%  >10= 0.04%  >100= 0.00%
[198/311] mat0228
  shape: K=100 views, V=247212 pixels, size=74,163,600, positive=73,099,221
  [per-mat] n=74,163,600  min=0  max=139.2  mean=0.1451  median=0.09485  std=0.7689  geomean(>0)=0.07391
    quantiles: p    1=0  p    5=0.005573  p   10=0.01041  p   25=0.03949  p   50=0.09485  p   75=0.1663  p   90=0.2277  p   95=0.2852  p   99=0.6133  p 99.9=8.75
    above-thr: >0.001=98.55%  >0.01=90.33%  >0.1=48.12%  >0.5= 1.37%  >1= 0.58%  >5= 0.17%  >10= 0.09%  >100= 0.00%
[199/311] mat0229
  shape: K=100 views, V=335327 pixels, size=100,598,100, positive=97,005,578
  [per-mat] n=100,598,100  min=0  max=112.4  mean=0.059  median=0.003714  std=0.5105  geomean(>0)=0.005633
    quantiles: p    1=0  p    5=0.0005007  p   10=0.0007281  p   25=0.0013  p   50=0.003714  p   75=0.01348  p   90=0.06903  p   95=0.181  p   99=0.9824  p 99.9=5.824
    above-thr: >0.001=82.64%  >0.01=29.04%  >0.1= 7.78%  >0.5= 2.04%  >1= 0.98%  >5= 0.12%  >10= 0.04%  >100= 0.00%
[200/311] mat0230
  shape: K=100 views, V=220203 pixels, size=66,060,900, positive=65,885,829
  [per-mat] n=66,060,900  min=0  max=77.44  mean=0.1457  median=0.03546  std=0.508  geomean(>0)=0.03615
    quantiles: p    1=0.001749  p    5=0.003019  p   10=0.004208  p   25=0.008598  p   50=0.03546  p   75=0.1301  p   90=0.3179  p   95=0.5337  p   99=1.627  p 99.9=6.641
    above-thr: >0.001=99.68%  >0.01=71.80%  >0.1=30.36%  >0.5= 5.47%  >1= 2.01%  >5= 0.17%  >10= 0.04%  >100= 0.00%
[201/311] mat0231
  shape: K=100 views, V=232672 pixels, size=69,801,600, positive=64,625,023
  [per-mat] n=69,801,600  min=0  max=50.44  mean=0.04512  median=0.003277  std=0.3288  geomean(>0)=0.005687
    quantiles: p    1=0  p    5=0  p   10=0.000555  p   25=0.0015  p   50=0.003277  p   75=0.0125  p   90=0.05075  p   95=0.1317  p   99=0.8076  p 99.9=4.387
    above-thr: >0.001=84.07%  >0.01=28.49%  >0.1= 6.16%  >0.5= 1.61%  >1= 0.79%  >5= 0.08%  >10= 0.02%  >100= 0.00%
[202/311] mat0232
  shape: K=100 views, V=241724 pixels, size=72,517,200, positive=71,330,413
  [per-mat] n=72,517,200  min=0  max=89.38  mean=0.1409  median=0.004944  std=1.049  geomean(>0)=0.009162
    quantiles: p    1=0  p    5=0.001084  p   10=0.00136  p   25=0.002201  p   50=0.004944  p   75=0.02371  p   90=0.1448  p   95=0.4189  p   99=2.592  p 99.9=15.93
    above-thr: >0.001=96.18%  >0.01=36.20%  >0.1=12.33%  >0.5= 4.38%  >1= 2.47%  >5= 0.49%  >10= 0.21%  >100= 0.00%
[203/311] mat0233
  shape: K=100 views, V=279576 pixels, size=83,872,800, positive=82,332,541
  [per-mat] n=83,872,800  min=0  max=81.12  mean=0.1357  median=0.01191  std=0.6843  geomean(>0)=0.01655
    quantiles: p    1=0  p    5=0.0009608  p   10=0.001616  p   25=0.003885  p   50=0.01191  p   75=0.05392  p   90=0.2125  p   95=0.5024  p   99=2.408  p 99.9=9.469
    above-thr: >0.001=94.68%  >0.01=53.46%  >0.1=17.08%  >0.5= 5.02%  >1= 2.63%  >5= 0.35%  >10= 0.09%  >100= 0.00%
[204/311] mat0234
  shape: K=100 views, V=301875 pixels, size=90,562,500, positive=86,821,777
  [per-mat] n=90,562,500  min=0  max=75.5  mean=0.05685  median=0.003778  std=0.353  geomean(>0)=0.005901
    quantiles: p    1=0  p    5=0.0002987  p   10=0.0005836  p   25=0.0014  p   50=0.003778  p   75=0.01542  p   90=0.07568  p   95=0.1965  p   99=1.043  p 99.9=4.789
    above-thr: >0.001=82.20%  >0.01=31.24%  >0.1= 8.30%  >0.5= 2.17%  >1= 1.05%  >5= 0.09%  >10= 0.02%  >100= 0.00%
[205/311] mat0235
  shape: K=100 views, V=265788 pixels, size=79,736,400, positive=79,510,360
  [per-mat] n=79,736,400  min=0  max=17.27  mean=0.01408  median=0.002644  std=0.03651  geomean(>0)=0.004256
    quantiles: p    1=0.000484  p    5=0.0007238  p   10=0.0009151  p   25=0.001376  p   50=0.002644  p   75=0.01205  p   90=0.03427  p   95=0.06122  p   99=0.162  p 99.9=0.4194
    above-thr: >0.001=87.41%  >0.01=28.39%  >0.1= 2.41%  >0.5= 0.06%  >1= 0.01%  >5= 0.00%  >10= 0.00%  >100= 0.00%
[206/311] mat0236
  shape: K=100 views, V=374752 pixels, size=112,425,600, positive=94,725,185
  [per-mat] n=112,425,600  min=0  max=107.8  mean=0.1088  median=0.004837  std=0.8628  geomean(>0)=0.00932
    quantiles: p    1=0  p    5=0  p   10=0  p   25=0.0007076  p   50=0.004837  p   75=0.02628  p   90=0.1252  p   95=0.3127  p   99=1.837  p 99.9=12.21
    above-thr: >0.001=72.75%  >0.01=36.98%  >0.1=11.66%  >0.5= 3.36%  >1= 1.79%  >5= 0.34%  >10= 0.14%  >100= 0.00%
[207/311] mat0237
  shape: K=100 views, V=559554 pixels, size=167,866,200, positive=166,733,932
  [per-mat] n=167,866,200  min=0  max=42.69  mean=0.08582  median=0.03662  std=0.1925  geomean(>0)=0.03473
    quantiles: p    1=0.0006003  p    5=0.002384  p   10=0.005066  p   25=0.01391  p   50=0.03662  p   75=0.0946  p   90=0.191  p   95=0.2947  p   99=0.7476  p 99.9=2.264
    above-thr: >0.001=98.31%  >0.01=81.56%  >0.1=23.60%  >0.5= 2.06%  >1= 0.57%  >5= 0.01%  >10= 0.00%  >100= 0.00%
[208/311] mat0238
  shape: K=100 views, V=643800 pixels, size=193,140,000, positive=186,072,355
  [per-mat] n=193,140,000  min=0  max=100.4  mean=0.04392  median=0.01382  std=0.19  geomean(>0)=0.01394
    quantiles: p    1=0  p    5=0.0005455  p   10=0.001195  p   25=0.003599  p   50=0.01382  p   75=0.04416  p   90=0.1035  p   95=0.1538  p   99=0.3752  p 99.9=1.737
    above-thr: >0.001=91.76%  >0.01=57.00%  >0.1=10.54%  >0.5= 0.64%  >1= 0.23%  >5= 0.02%  >10= 0.00%  >100= 0.00%
[209/311] mat0239
  shape: K=100 views, V=485895 pixels, size=145,768,500, positive=118,910,163
  [per-mat] n=145,768,500  min=0  max=49.88  mean=0.032  median=0.01269  std=0.09444  geomean(>0)=0.01624
    quantiles: p    1=0  p    5=0  p   10=0  p   25=0.001892  p   50=0.01269  p   75=0.03714  p   90=0.07709  p   95=0.1147  p   99=0.2563  p 99.9=0.9292
    above-thr: >0.001=78.25%  >0.01=54.70%  >0.1= 6.46%  >0.5= 0.30%  >1= 0.09%  >5= 0.00%  >10= 0.00%  >100= 0.00%
[210/311] mat0240
  shape: K=100 views, V=215055 pixels, size=64,516,500, positive=59,791,643
  [per-mat] n=64,516,500  min=0  max=56.56  mean=0.03788  median=0.01036  std=0.1332  geomean(>0)=0.01188
    quantiles: p    1=0  p    5=0  p   10=0.0004792  p   25=0.002682  p   50=0.01036  p   75=0.03564  p   90=0.09827  p   95=0.1515  p   99=0.3406  p 99.9=1.335
    above-thr: >0.001=86.57%  >0.01=50.78%  >0.1= 9.77%  >0.5= 0.51%  >1= 0.16%  >5= 0.01%  >10= 0.00%  >100= 0.00%
[211/311] mat0241
  shape: K=100 views, V=747330 pixels, size=224,199,000, positive=178,006,542
  [per-mat] n=224,199,000  min=0  max=52.56  mean=0.05165  median=0.0222  std=0.123  geomean(>0)=0.02862
    quantiles: p    1=0  p    5=0  p   10=0  p   25=0.002005  p   50=0.0222  p   75=0.06671  p   90=0.1301  p   95=0.1798  p   99=0.3669  p 99.9=1.232
    above-thr: >0.001=76.97%  >0.01=62.79%  >0.1=15.58%  >0.5= 0.54%  >1= 0.15%  >5= 0.01%  >10= 0.00%  >100= 0.00%
[212/311] mat0242
  shape: K=100 views, V=501075 pixels, size=150,322,500, positive=149,477,050
  [per-mat] n=150,322,500  min=0  max=81.19  mean=0.08331  median=0.04483  std=0.3415  geomean(>0)=0.04102
    quantiles: p    1=0.001425  p    5=0.004429  p   10=0.008316  p   25=0.01984  p   50=0.04483  p   75=0.09198  p   90=0.1556  p   95=0.2179  p   99=0.5479  p 99.9=3.217
    above-thr: >0.001=99.28%  >0.01=87.94%  >0.1=22.13%  >0.5= 1.15%  >1= 0.43%  >5= 0.06%  >10= 0.02%  >100= 0.00%
[213/311] mat0243
  shape: K=100 views, V=489285 pixels, size=146,785,500, positive=141,352,856
  [per-mat] n=146,785,500  min=0  max=65.62  mean=0.03699  median=0.01258  std=0.1797  geomean(>0)=0.01153
    quantiles: p    1=0  p    5=0.0001405  p   10=0.0006771  p   25=0.003645  p   50=0.01258  p   75=0.03635  p   90=0.07922  p   95=0.1212  p   99=0.3201  p 99.9=1.666
    above-thr: >0.001=88.08%  >0.01=55.74%  >0.1= 6.92%  >0.5= 0.53%  >1= 0.20%  >5= 0.02%  >10= 0.01%  >100= 0.00%
[214/311] mat0244
  shape: K=100 views, V=452526 pixels, size=135,757,800, positive=135,434,438
  [per-mat] n=135,757,800  min=0  max=85.94  mean=0.05864  median=0.02542  std=0.2348  geomean(>0)=0.02696
    quantiles: p    1=0.002037  p    5=0.004135  p   10=0.005829  p   25=0.01093  p   50=0.02542  p   75=0.06793  p   90=0.1298  p   95=0.177  p   99=0.3821  p 99.9=1.916
    above-thr: >0.001=99.69%  >0.01=77.50%  >0.1=15.80%  >0.5= 0.64%  >1= 0.24%  >5= 0.03%  >10= 0.01%  >100= 0.00%
[215/311] mat0245
  shape: K=100 views, V=464744 pixels, size=139,423,200, positive=123,161,042
  [per-mat] n=139,423,200  min=0  max=77.12  mean=0.04389  median=0.0115  std=0.2342  geomean(>0)=0.01358
    quantiles: p    1=0  p    5=0  p   10=0  p   25=0.002111  p   50=0.0115  p   75=0.04333  p   90=0.1017  p   95=0.1526  p   99=0.3818  p 99.9=2.021
    above-thr: >0.001=81.80%  >0.01=52.67%  >0.1=10.26%  >0.5= 0.67%  >1= 0.25%  >5= 0.03%  >10= 0.01%  >100= 0.00%
[216/311] mat0246
  shape: K=100 views, V=478764 pixels, size=143,629,200, positive=142,556,208
  [per-mat] n=143,629,200  min=0  max=64.75  mean=0.01517  median=0.004047  std=0.156  geomean(>0)=0.00415
    quantiles: p    1=0.0002303  p    5=0.0005422  p   10=0.0007734  p   25=0.001591  p   50=0.004047  p   75=0.009041  p   90=0.01988  p   95=0.0358  p   99=0.1597  p 99.9=1.307
    above-thr: >0.001=85.13%  >0.01=22.39%  >0.1= 1.62%  >0.5= 0.31%  >1= 0.14%  >5= 0.01%  >10= 0.00%  >100= 0.00%
[217/311] mat0247
  shape: K=100 views, V=683100 pixels, size=204,930,000, positive=199,227,887
  [per-mat] n=204,930,000  min=0  max=91.56  mean=0.04228  median=0.01388  std=0.1618  geomean(>0)=0.01411
    quantiles: p    1=0  p    5=0.0008044  p   10=0.001444  p   25=0.004002  p   50=0.01388  p   75=0.04266  p   90=0.1014  p   95=0.1506  p   99=0.356  p 99.9=1.556
    above-thr: >0.001=93.59%  >0.01=57.66%  >0.1=10.22%  >0.5= 0.58%  >1= 0.20%  >5= 0.01%  >10= 0.00%  >100= 0.00%
[218/311] mat0248
  shape: K=100 views, V=363906 pixels, size=109,171,800, positive=88,553,988
  [per-mat] n=109,171,800  min=0  max=55.03  mean=0.03269  median=0.01122  std=0.1118  geomean(>0)=0.01443
    quantiles: p    1=0  p    5=0  p   10=0  p   25=0.001233  p   50=0.01122  p   75=0.03549  p   90=0.07812  p   95=0.1199  p   99=0.2822  p 99.9=1.131
    above-thr: >0.001=76.26%  >0.01=52.04%  >0.1= 6.83%  >0.5= 0.38%  >1= 0.12%  >5= 0.01%  >10= 0.00%  >100= 0.00%
[219/311] mat0249
  shape: K=100 views, V=579150 pixels, size=173,745,000, positive=172,350,209
  [per-mat] n=173,745,000  min=0  max=88.88  mean=0.0829  median=0.04285  std=0.2321  geomean(>0)=0.0414
    quantiles: p    1=0.000628  p    5=0.004078  p   10=0.008438  p   25=0.01982  p   50=0.04285  p   75=0.09875  p   90=0.1674  p   95=0.2327  p   99=0.5811  p 99.9=2.484
    above-thr: >0.001=98.72%  >0.01=88.14%  >0.1=24.60%  >0.5= 1.27%  >1= 0.43%  >5= 0.03%  >10= 0.01%  >100= 0.00%
[220/311] mat0250
  shape: K=100 views, V=257506 pixels, size=77,251,800, positive=70,464,792
  [per-mat] n=77,251,800  min=0  max=78.69  mean=0.04208  median=0.01149  std=0.1643  geomean(>0)=0.0133
    quantiles: p    1=0  p    5=0  p   10=0.0002383  p   25=0.002689  p   50=0.01149  p   75=0.0408  p   90=0.11  p   95=0.1638  p   99=0.3616  p 99.9=1.503
    above-thr: >0.001=85.33%  >0.01=52.85%  >0.1=11.39%  >0.5= 0.57%  >1= 0.19%  >5= 0.01%  >10= 0.00%  >100= 0.00%
[221/311] mat0251
  shape: K=100 views, V=708768 pixels, size=212,630,400, positive=173,318,095
  [per-mat] n=212,630,400  min=0  max=57.88  mean=0.05059  median=0.0204  std=0.1444  geomean(>0)=0.02489
    quantiles: p    1=0  p    5=0  p   10=0  p   25=0.00238  p   50=0.0204  p   75=0.06152  p   90=0.1232  p   95=0.1735  p   99=0.3867  p 99.9=1.499
    above-thr: >0.001=78.37%  >0.01=61.85%  >0.1=14.09%  >0.5= 0.64%  >1= 0.20%  >5= 0.01%  >10= 0.00%  >100= 0.00%
[222/311] mat0252
  shape: K=100 views, V=1037848 pixels, size=311,354,400, positive=310,479,436
  [per-mat] n=311,354,400  min=0  max=16.81  mean=0.044  median=0.01703  std=0.08688  geomean(>0)=0.01701
    quantiles: p    1=0.0008774  p    5=0.001689  p   10=0.002577  p   25=0.005596  p   50=0.01703  p   75=0.04919  p   90=0.1112  p   95=0.1691  p   99=0.3555  p 99.9=0.9355
    above-thr: >0.001=98.52%  >0.01=62.12%  >0.1=11.61%  >0.5= 0.45%  >1= 0.08%  >5= 0.00%  >10= 0.00%  >100= 0.00%
[223/311] mat0253
  shape: K=100 views, V=616518 pixels, size=184,955,400, positive=184,407,672
  [per-mat] n=184,955,400  min=0  max=13.3  mean=0.04734  median=0.02094  std=0.0864  geomean(>0)=0.02062
    quantiles: p    1=0.00128  p    5=0.002272  p   10=0.003443  p   25=0.00724  p   50=0.02094  p   75=0.05753  p   90=0.1123  p   95=0.1682  p   99=0.3572  p 99.9=0.939
    above-thr: >0.001=99.57%  >0.01=68.44%  >0.1=12.13%  >0.5= 0.45%  >1= 0.09%  >5= 0.00%  >10= 0.00%  >100= 0.00%
[224/311] mat0254
  shape: K=100 views, V=666988 pixels, size=200,096,400, positive=199,939,710
  [per-mat] n=200,096,400  min=0  max=17.55  mean=0.04278  median=0.01988  std=0.07972  geomean(>0)=0.01938
    quantiles: p    1=0.001287  p    5=0.002241  p   10=0.003328  p   25=0.007664  p   50=0.01988  p   75=0.04941  p   90=0.09985  p   95=0.152  p   99=0.3254  p 99.9=0.8809
    above-thr: >0.001=99.66%  >0.01=68.87%  >0.1= 9.98%  >0.5= 0.38%  >1= 0.07%  >5= 0.00%  >10= 0.00%  >100= 0.00%
[225/311] mat0255
  shape: K=100 views, V=222444 pixels, size=66,733,200, positive=65,072,726
  [per-mat] n=66,733,200  min=0  max=9.5  mean=0.01842  median=0.00338  std=0.0534  geomean(>0)=0.004844
    quantiles: p    1=0  p    5=0.0005298  p   10=0.0007577  p   25=0.001373  p   50=0.00338  p   75=0.01302  p   90=0.04422  p   95=0.08417  p   99=0.2318  p 99.9=0.6182
    above-thr: >0.001=83.39%  >0.01=29.19%  >0.1= 4.01%  >0.5= 0.17%  >1= 0.03%  >5= 0.00%  >10= 0.00%  >100= 0.00%
[226/311] mat0256
  shape: K=100 views, V=165503 pixels, size=49,650,900, positive=49,179,869
  [per-mat] n=49,650,900  min=0  max=6.555  mean=0.02085  median=0.005409  std=0.05651  geomean(>0)=0.006291
    quantiles: p    1=6.115e-05  p    5=0.0006351  p   10=0.000936  p   25=0.002121  p   50=0.005409  p   75=0.01643  p   90=0.04718  p   95=0.0885  p   99=0.2524  p 99.9=0.6655
    above-thr: >0.001=89.06%  >0.01=35.09%  >0.1= 4.28%  >0.5= 0.21%  >1= 0.03%  >5= 0.00%  >10= 0.00%  >100= 0.00%
[227/311] mat0257
  shape: K=100 views, V=168365 pixels, size=50,509,500, positive=45,108,125
  [per-mat] n=50,509,500  min=0  max=17.3  mean=0.1031  median=0.04086  std=0.1861  geomean(>0)=0.0384
    quantiles: p    1=0  p    5=0  p   10=0  p   25=0.00872  p   50=0.04086  p   75=0.1223  p   90=0.2598  p   95=0.4062  p   99=0.856  p 99.9=1.873
    above-thr: >0.001=83.85%  >0.01=74.14%  >0.1=29.17%  >0.5= 3.43%  >1= 0.65%  >5= 0.00%  >10= 0.00%  >100= 0.00%
[228/311] mat0258
  shape: K=100 views, V=294904 pixels, size=88,471,200, positive=86,023,290
  [per-mat] n=88,471,200  min=0  max=18.09  mean=0.04168  median=0.01035  std=0.12  geomean(>0)=0.01192
    quantiles: p    1=0  p    5=0.001012  p   10=0.001455  p   25=0.002939  p   50=0.01035  p   75=0.03601  p   90=0.0979  p   95=0.1733  p   99=0.4746  p 99.9=1.384
    above-thr: >0.001=95.10%  >0.01=50.82%  >0.1= 9.77%  >0.5= 0.90%  >1= 0.21%  >5= 0.00%  >10= 0.00%  >100= 0.00%
[229/311] mat0259
  shape: K=100 views, V=402985 pixels, size=120,895,500, positive=120,515,541
  [per-mat] n=120,895,500  min=0  max=39.75  mean=0.05237  median=0.01313  std=0.1327  geomean(>0)=0.01479
    quantiles: p    1=0.0009375  p    5=0.001798  p   10=0.002283  p   25=0.003994  p   50=0.01313  p   75=0.04437  p   90=0.1255  p   95=0.2236  p   99=0.6089  p 99.9=1.49
    above-thr: >0.001=98.88%  >0.01=54.72%  >0.1=12.80%  >0.5= 1.48%  >1= 0.30%  >5= 0.00%  >10= 0.00%  >100= 0.00%
[230/311] mat0260
  shape: K=100 views, V=202864 pixels, size=60,859,200, positive=59,680,069
  [per-mat] n=60,859,200  min=0  max=11.73  mean=0.02064  median=0.003914  std=0.06752  geomean(>0)=0.005085
    quantiles: p    1=0  p    5=0.0005369  p   10=0.0007086  p   25=0.001345  p   50=0.003914  p   75=0.0151  p   90=0.04675  p   95=0.08856  p   99=0.2625  p 99.9=0.8066
    above-thr: >0.001=81.93%  >0.01=30.81%  >0.1= 4.31%  >0.5= 0.29%  >1= 0.06%  >5= 0.00%  >10= 0.00%  >100= 0.00%
[231/311] mat0261
  shape: K=100 views, V=368964 pixels, size=110,689,200, positive=110,351,407
  [per-mat] n=110,689,200  min=0  max=24.7  mean=0.1553  median=0.1083  std=0.1828  geomean(>0)=0.1012
    quantiles: p    1=0.02039  p    5=0.02582  p   10=0.02989  p   25=0.04547  p   50=0.1083  p   75=0.1992  p   90=0.3232  p   95=0.4482  p   99=0.8315  p 99.9=1.833
    above-thr: >0.001=99.69%  >0.01=99.64%  >0.1=51.65%  >0.5= 3.85%  >1= 0.59%  >5= 0.00%  >10= 0.00%  >100= 0.00%
[232/311] mat0262
  shape: K=100 views, V=248034 pixels, size=74,410,200, positive=73,016,190
  [per-mat] n=74,410,200  min=0  max=20.42  mean=0.09589  median=0.04303  std=0.1617  geomean(>0)=0.0355
    quantiles: p    1=0  p    5=0.001404  p   10=0.002527  p   25=0.01083  p   50=0.04303  p   75=0.1205  p   90=0.2356  p   95=0.355  p   99=0.7202  p 99.9=1.634
    above-thr: >0.001=96.33%  >0.01=75.58%  >0.1=29.65%  >0.5= 2.45%  >1= 0.41%  >5= 0.00%  >10= 0.00%  >100= 0.00%
[233/311] mat0263
  shape: K=100 views, V=349821 pixels, size=104,946,300, positive=103,122,296
  [per-mat] n=104,946,300  min=0  max=21.42  mean=0.03302  median=0.007214  std=0.0897  geomean(>0)=0.008754
    quantiles: p    1=0  p    5=0.0008454  p   10=0.001131  p   25=0.002167  p   50=0.007214  p   75=0.02747  p   90=0.08136  p   95=0.1453  p   99=0.3831  p 99.9=1.019
    above-thr: >0.001=92.52%  >0.01=41.94%  >0.1= 7.91%  >0.5= 0.57%  >1= 0.11%  >5= 0.00%  >10= 0.00%  >100= 0.00%
[234/311] mat0264
  shape: K=100 views, V=234684 pixels, size=70,405,200, positive=69,693,967
  [per-mat] n=70,405,200  min=0  max=16.75  mean=0.05092  median=0.01118  std=0.1187  geomean(>0)=0.0133
    quantiles: p    1=0  p    5=0.001003  p   10=0.001501  p   25=0.003214  p   50=0.01118  p   75=0.05017  p   90=0.1412  p   95=0.2302  p   99=0.5039  p 99.9=1.295
    above-thr: >0.001=95.04%  >0.01=52.90%  >0.1=14.30%  >0.5= 1.02%  >1= 0.20%  >5= 0.00%  >10= 0.00%  >100= 0.00%
[235/311] mat0265
  shape: K=100 views, V=194635 pixels, size=58,390,500, positive=57,271,920
  [per-mat] n=58,390,500  min=0  max=12.18  mean=0.02056  median=0.003893  std=0.06755  geomean(>0)=0.00506
    quantiles: p    1=0  p    5=0.0005374  p   10=0.0007081  p   25=0.00134  p   50=0.003893  p   75=0.01502  p   90=0.04651  p   95=0.08813  p   99=0.262  p 99.9=0.8081
    above-thr: >0.001=81.88%  >0.01=30.72%  >0.1= 4.29%  >0.5= 0.29%  >1= 0.06%  >5= 0.00%  >10= 0.00%  >100= 0.00%
[236/311] mat0266
  shape: K=100 views, V=385396 pixels, size=115,618,800, positive=114,911,870
  [per-mat] n=115,618,800  min=0  max=18.36  mean=0.05985  median=0.02216  std=0.1179  geomean(>0)=0.02345
    quantiles: p    1=0.001035  p    5=0.002666  p   10=0.003889  p   25=0.008034  p   50=0.02216  p   75=0.06543  p   90=0.1451  p   95=0.2319  p   99=0.5347  p 99.9=1.267
    above-thr: >0.001=99.03%  >0.01=69.41%  >0.1=16.23%  >0.5= 1.16%  >1= 0.20%  >5= 0.00%  >10= 0.00%  >100= 0.00%
[237/311] mat0267
  shape: K=100 views, V=261990 pixels, size=78,597,000, positive=77,955,685
  [per-mat] n=78,597,000  min=0  max=7.055  mean=0.008977  median=0.002308  std=0.0352  geomean(>0)=0.002782
    quantiles: p    1=0.0002537  p    5=0.0004478  p   10=0.0005665  p   25=0.0008936  p   50=0.002308  p   75=0.006783  p   90=0.01787  p   95=0.03207  p   99=0.1075  p 99.9=0.4453
    above-thr: >0.001=70.80%  >0.01=17.69%  >0.1= 1.10%  >0.5= 0.08%  >1= 0.02%  >5= 0.00%  >10= 0.00%  >100= 0.00%
[238/311] mat0268
  shape: K=100 views, V=167112 pixels, size=50,133,600, positive=39,023,633
  [per-mat] n=50,133,600  min=0  max=26.19  mean=0.06679  median=0.02376  std=0.1452  geomean(>0)=0.03747
    quantiles: p    1=0  p    5=0  p   10=0  p   25=0.003004  p   50=0.02376  p   75=0.07416  p   90=0.1627  p   95=0.2615  p   99=0.6245  p 99.9=1.618
    above-thr: >0.001=76.40%  >0.01=67.71%  >0.1=18.45%  >0.5= 1.59%  >1= 0.34%  >5= 0.00%  >10= 0.00%  >100= 0.00%
[239/311] mat0269
  shape: K=100 views, V=268352 pixels, size=80,505,600, positive=80,485,750
  [per-mat] n=80,505,600  min=0  max=25.33  mean=0.1611  median=0.09253  std=0.2142  geomean(>0)=0.09226
    quantiles: p    1=0.01569  p    5=0.02077  p   10=0.02437  p   25=0.03708  p   50=0.09253  p   75=0.2021  p   90=0.3711  p   95=0.5254  p   99=0.9702  p 99.9=2.078
    above-thr: >0.001=99.97%  >0.01=99.66%  >0.1=48.45%  >0.5= 5.57%  >1= 0.91%  >5= 0.01%  >10= 0.00%  >100= 0.00%
[240/311] mat0270
  shape: K=100 views, V=198627 pixels, size=59,588,100, positive=57,553,460
  [per-mat] n=59,588,100  min=0  max=2.15  mean=0.03008  median=0.01228  std=0.04226  geomean(>0)=0.01163
    quantiles: p    1=0  p    5=0.0004706  p   10=0.0008769  p   25=0.003176  p   50=0.01228  p   75=0.03848  p   90=0.08948  p   95=0.1216  p   99=0.186  p 99.9=0.2798
    above-thr: >0.001=88.56%  >0.01=54.49%  >0.1= 8.08%  >0.5= 0.00%  >1= 0.00%  >5= 0.00%  >10= 0.00%  >100= 0.00%
[241/311] mat0271
  shape: K=100 views, V=219925 pixels, size=65,977,500, positive=65,585,763
  [per-mat] n=65,977,500  min=0  max=3.166  mean=0.05111  median=0.03943  std=0.04284  geomean(>0)=0.03501
    quantiles: p    1=0.002113  p    5=0.005356  p   10=0.008423  p   25=0.0188  p   50=0.03943  p   75=0.07166  p   90=0.1101  p   95=0.136  p   99=0.1899  p 99.9=0.2639
    above-thr: >0.001=99.38%  >0.01=87.91%  >0.1=12.91%  >0.5= 0.00%  >1= 0.00%  >5= 0.00%  >10= 0.00%  >100= 0.00%
[242/311] mat0272
  shape: K=100 views, V=261542 pixels, size=78,462,600, positive=72,380,713
  [per-mat] n=78,462,600  min=0  max=4.234  mean=0.0942  median=0.05029  std=0.09997  geomean(>0)=0.04805
    quantiles: p    1=0  p    5=0  p   10=0.0006604  p   25=0.0175  p   50=0.05029  p   75=0.1578  p   90=0.2448  p   95=0.2925  p   99=0.3848  p 99.9=0.5249
    above-thr: >0.001=89.10%  >0.01=80.00%  >0.1=35.65%  >0.5= 0.14%  >1= 0.00%  >5= 0.00%  >10= 0.00%  >100= 0.00%
[243/311] mat0274
  shape: K=100 views, V=259248 pixels, size=77,774,400, positive=77,729,247
  [per-mat] n=77,774,400  min=0  max=9.156  mean=0.01005  median=0.002335  std=0.03818  geomean(>0)=0.003057
    quantiles: p    1=0.0003574  p    5=0.0005131  p   10=0.0006461  p   25=0.001016  p   50=0.002335  p   75=0.007717  p   90=0.02071  p   95=0.03635  p   99=0.1202  p 99.9=0.4775
    above-thr: >0.001=75.58%  >0.01=20.37%  >0.1= 1.29%  >0.5= 0.09%  >1= 0.02%  >5= 0.00%  >10= 0.00%  >100= 0.00%
[244/311] mat0275
  shape: K=100 views, V=588600 pixels, size=176,580,000, positive=174,451,996
  [per-mat] n=176,580,000  min=0  max=113.2  mean=0.04317  median=0.0121  std=0.3567  geomean(>0)=0.01172
    quantiles: p    1=0  p    5=0.0007544  p   10=0.001377  p   25=0.003614  p   50=0.0121  p   75=0.03476  p   90=0.08551  p   95=0.1329  p   99=0.3337  p 99.9=2.754
    above-thr: >0.001=92.96%  >0.01=54.57%  >0.1= 7.99%  >0.5= 0.58%  >1= 0.28%  >5= 0.05%  >10= 0.02%  >100= 0.00%
[245/311] mat0276
  shape: K=100 views, V=577216 pixels, size=173,164,800, positive=169,207,522
  [per-mat] n=173,164,800  min=0  max=108.7  mean=0.03234  median=0.0117  std=0.09395  geomean(>0)=0.01231
    quantiles: p    1=0  p    5=0.001126  p   10=0.00187  p   25=0.003428  p   50=0.0117  p   75=0.03525  p   90=0.07782  p   95=0.1263  p   99=0.2791  p 99.9=0.7549
    above-thr: >0.001=95.62%  >0.01=52.92%  >0.1= 7.18%  >0.5= 0.26%  >1= 0.05%  >5= 0.00%  >10= 0.00%  >100= 0.00%
[246/311] mat0277
  shape: K=100 views, V=393066 pixels, size=117,919,800, positive=111,815,646
  [per-mat] n=117,919,800  min=0  max=52.25  mean=0.008954  median=0.003315  std=0.03182  geomean(>0)=0.003797
    quantiles: p    1=0  p    5=0  p   10=0.0005131  p   25=0.001364  p   50=0.003315  p   75=0.008102  p   90=0.02025  p   95=0.03351  p   99=0.08789  p 99.9=0.2754
    above-thr: >0.001=81.05%  >0.01=20.87%  >0.1= 0.79%  >0.5= 0.03%  >1= 0.01%  >5= 0.00%  >10= 0.00%  >100= 0.00%
[247/311] mat0278
  shape: K=100 views, V=468611 pixels, size=140,583,300, positive=139,434,395
  [per-mat] n=140,583,300  min=0  max=62.31  mean=0.004153  median=0.001576  std=0.04572  geomean(>0)=0.001875
    quantiles: p    1=0.0002102  p    5=0.000493  p   10=0.0006647  p   25=0.0009851  p   50=0.001576  p   75=0.00275  p   90=0.007076  p   95=0.01355  p   99=0.04565  p 99.9=0.1835
    above-thr: >0.001=74.22%  >0.01= 7.00%  >0.1= 0.30%  >0.5= 0.01%  >1= 0.00%  >5= 0.00%  >10= 0.00%  >100= 0.00%
[248/311] mat0279
  shape: K=100 views, V=242775 pixels, size=72,832,500, positive=67,673,821
  [per-mat] n=72,832,500  min=0  max=10.21  mean=0.01349  median=0.003267  std=0.03699  geomean(>0)=0.005075
    quantiles: p    1=0  p    5=0  p   10=0.0004551  p   25=0.001429  p   50=0.003267  p   75=0.01656  p   90=0.0329  p   95=0.04871  p   99=0.1191  p 99.9=0.406
    above-thr: >0.001=82.36%  >0.01=32.87%  >0.1= 1.39%  >0.5= 0.07%  >1= 0.02%  >5= 0.00%  >10= 0.00%  >100= 0.00%
[249/311] mat0280
  shape: K=100 views, V=391652 pixels, size=117,495,600, positive=113,387,591
  [per-mat] n=117,495,600  min=0  max=6.91  mean=0.006763  median=0.003231  std=0.02162  geomean(>0)=0.003209
    quantiles: p    1=0  p    5=0.0002949  p   10=0.000628  p   25=0.001335  p   50=0.003231  p   75=0.005779  p   90=0.01299  p   95=0.02292  p   99=0.06464  p 99.9=0.2489
    above-thr: >0.001=82.69%  >0.01=13.40%  >0.1= 0.48%  >0.5= 0.03%  >1= 0.00%  >5= 0.00%  >10= 0.00%  >100= 0.00%
[250/311] mat0281
  shape: K=100 views, V=307100 pixels, size=92,130,000, positive=83,920,116
  [per-mat] n=92,130,000  min=0  max=18.75  mean=0.05872  median=0.03934  std=0.07811  geomean(>0)=0.03002
    quantiles: p    1=0  p    5=0  p   10=0.0003064  p   25=0.006943  p   50=0.03934  p   75=0.09125  p   90=0.1387  p   95=0.1644  p   99=0.2932  p 99.9=0.7646
    above-thr: >0.001=87.43%  >0.01=72.06%  >0.1=22.63%  >0.5= 0.27%  >1= 0.05%  >5= 0.00%  >10= 0.00%  >100= 0.00%
[251/311] mat0282
  shape: K=100 views, V=366996 pixels, size=110,098,800, positive=106,693,403
  [per-mat] n=110,098,800  min=0  max=8.398  mean=0.01217  median=0.005871  std=0.03207  geomean(>0)=0.005802
    quantiles: p    1=0  p    5=0.0005326  p   10=0.00102  p   25=0.002176  p   50=0.005871  p   75=0.01202  p   90=0.02499  p   95=0.04144  p   99=0.1067  p 99.9=0.3733
    above-thr: >0.001=90.27%  >0.01=30.95%  >0.1= 1.12%  >0.5= 0.06%  >1= 0.01%  >5= 0.00%  >10= 0.00%  >100= 0.00%
[252/311] mat0283
  shape: K=100 views, V=184212 pixels, size=55,263,600, positive=52,468,384
  [per-mat] n=55,263,600  min=0  max=8.414  mean=0.03248  median=0.02464  std=0.0446  geomean(>0)=0.0166
    quantiles: p    1=0  p    5=0  p   10=0.00106  p   25=0.004158  p   50=0.02464  p   75=0.04971  p   90=0.07013  p   95=0.08502  p   99=0.1544  p 99.9=0.4504
    above-thr: >0.001=90.34%  >0.01=66.68%  >0.1= 3.09%  >0.5= 0.08%  >1= 0.02%  >5= 0.00%  >10= 0.00%  >100= 0.00%
[253/311] mat0284
  shape: K=100 views, V=680092 pixels, size=204,027,600, positive=133,619,016
  [per-mat] n=204,027,600  min=0  max=10.3  mean=0.01822  median=0.00142  std=0.03716  geomean(>0)=0.00786
    quantiles: p    1=0  p    5=0  p   10=0  p   25=0  p   50=0.00142  p   75=0.03244  p   90=0.05521  p   95=0.0697  p   99=0.1368  p 99.9=0.3433
    above-thr: >0.001=54.16%  >0.01=34.04%  >0.1= 2.14%  >0.5= 0.04%  >1= 0.01%  >5= 0.00%  >10= 0.00%  >100= 0.00%
[254/311] mat0285
  shape: K=100 views, V=276024 pixels, size=82,807,200, positive=80,964,526
  [per-mat] n=82,807,200  min=0  max=5.273  mean=0.003409  median=0.002171  std=0.01218  geomean(>0)=0.002293
    quantiles: p    1=0  p    5=0.0006766  p   10=0.0009537  p   25=0.001444  p   50=0.002171  p   75=0.00317  p   90=0.004868  p   95=0.007633  p   99=0.02505  p 99.9=0.1298
    above-thr: >0.001=88.89%  >0.01= 3.42%  >0.1= 0.15%  >0.5= 0.01%  >1= 0.00%  >5= 0.00%  >10= 0.00%  >100= 0.00%
[255/311] mat0286
  shape: K=100 views, V=167440 pixels, size=50,232,000, positive=39,966,615
  [per-mat] n=50,232,000  min=0  max=65  mean=0.03411  median=0.002142  std=0.2382  geomean(>0)=0.005075
    quantiles: p    1=0  p    5=0  p   10=0  p   25=0.0001845  p   50=0.002142  p   75=0.01558  p   90=0.07312  p   95=0.1365  p   99=0.4224  p 99.9=2.502
    above-thr: >0.001=58.00%  >0.01=31.17%  >0.1= 7.29%  >0.5= 0.78%  >1= 0.30%  >5= 0.04%  >10= 0.01%  >100= 0.00%
[256/311] mat0287
  shape: K=100 views, V=313752 pixels, size=94,125,600, positive=61,852,376
  [per-mat] n=94,125,600  min=0  max=59.91  mean=0.03541  median=0.001865  std=0.3253  geomean(>0)=0.01103
    quantiles: p    1=0  p    5=0  p   10=0  p   25=0  p   50=0.001865  p   75=0.04291  p   90=0.08539  p   95=0.0929  p   99=0.1202  p 99.9=3.143
    above-thr: >0.001=55.13%  >0.01=36.96%  >0.1= 2.04%  >0.5= 0.34%  >1= 0.23%  >5= 0.06%  >10= 0.03%  >100= 0.00%
[257/311] mat0290
  shape: K=100 views, V=319696 pixels, size=95,908,800, positive=93,942,000
  [per-mat] n=95,908,800  min=0  max=69.62  mean=0.01302  median=0.001762  std=0.2954  geomean(>0)=0.002148
    quantiles: p    1=0  p    5=0.0004907  p   10=0.000679  p   25=0.0009995  p   50=0.001762  p   75=0.00375  p   90=0.006603  p   95=0.01199  p   99=0.08124  p 99.9=2.057
    above-thr: >0.001=74.97%  >0.01= 6.01%  >0.1= 0.81%  >0.5= 0.23%  >1= 0.16%  >5= 0.05%  >10= 0.02%  >100= 0.00%
[258/311] mat0291
  shape: K=100 views, V=547548 pixels, size=164,264,400, positive=159,278,447
  [per-mat] n=164,264,400  min=0  max=35.28  mean=0.02464  median=0.007713  std=0.09402  geomean(>0)=0.008111
    quantiles: p    1=0  p    5=0.0005116  p   10=0.001022  p   25=0.002476  p   50=0.007713  p   75=0.02097  p   90=0.05423  p   95=0.09155  p   99=0.2494  p 99.9=1.023
    above-thr: >0.001=90.27%  >0.01=43.66%  >0.1= 4.38%  >0.5= 0.33%  >1= 0.10%  >5= 0.00%  >10= 0.00%  >100= 0.00%
[259/311] mat0293
  shape: K=100 views, V=566720 pixels, size=170,016,000, positive=169,091,505
  [per-mat] n=170,016,000  min=0  max=7.059  mean=0.003764  median=0.001662  std=0.0142  geomean(>0)=0.001888
    quantiles: p    1=0.000267  p    5=0.000514  p   10=0.0006862  p   25=0.001039  p   50=0.001662  p   75=0.002781  p   90=0.006184  p   95=0.01139  p   99=0.03946  p 99.9=0.1647
    above-thr: >0.001=76.67%  >0.01= 5.82%  >0.1= 0.24%  >0.5= 0.01%  >1= 0.00%  >5= 0.00%  >10= 0.00%  >100= 0.00%
[260/311] mat0294
  shape: K=100 views, V=543581 pixels, size=163,074,300, positive=160,025,345
  [per-mat] n=163,074,300  min=0  max=61.44  mean=0.1223  median=0.111  std=0.1875  geomean(>0)=0.09586
    quantiles: p    1=0  p    5=0.01974  p   10=0.03375  p   25=0.06305  p   50=0.111  p   75=0.1465  p   90=0.1823  p   95=0.2339  p   99=0.5308  p 99.9=2.174
    above-thr: >0.001=98.13%  >0.01=97.35%  >0.1=55.91%  >0.5= 1.10%  >1= 0.37%  >5= 0.02%  >10= 0.00%  >100= 0.00%
[261/311] mat0295
  shape: K=100 views, V=163167 pixels, size=48,950,100, positive=48,889,184
  [per-mat] n=48,950,100  min=0  max=12.97  mean=0.02115  median=0.005165  std=0.04798  geomean(>0)=0.006391
    quantiles: p    1=0.0004845  p    5=0.0007339  p   10=0.001092  p   25=0.00206  p   50=0.005165  p   75=0.01741  p   90=0.05417  p   95=0.1011  p   99=0.2297  p 99.9=0.4402
    above-thr: >0.001=91.17%  >0.01=34.82%  >0.1= 5.08%  >0.5= 0.07%  >1= 0.01%  >5= 0.00%  >10= 0.00%  >100= 0.00%
[262/311] mat0296
  shape: K=100 views, V=211000 pixels, size=63,300,000, positive=54,143,894
  [per-mat] n=63,300,000  min=0  max=7.727  mean=0.03341  median=0.008347  std=0.06188  geomean(>0)=0.01198
    quantiles: p    1=0  p    5=0  p   10=0  p   25=0.001972  p   50=0.008347  p   75=0.03305  p   90=0.1022  p   95=0.1722  p   99=0.2583  p 99.9=0.4719
    above-thr: >0.001=79.26%  >0.01=46.66%  >0.1=10.23%  >0.5= 0.08%  >1= 0.01%  >5= 0.00%  >10= 0.00%  >100= 0.00%
[263/311] mat0298
  shape: K=100 views, V=182160 pixels, size=54,648,000, positive=53,610,004
  [per-mat] n=54,648,000  min=0  max=16.95  mean=0.07566  median=0.03391  std=0.1158  geomean(>0)=0.02658
    quantiles: p    1=0  p    5=0.0007606  p   10=0.001463  p   25=0.008217  p   50=0.03391  p   75=0.1023  p   90=0.1985  p   95=0.2769  p   99=0.5093  p 99.9=1.058
    above-thr: >0.001=93.25%  >0.01=72.42%  >0.1=25.45%  >0.5= 1.06%  >1= 0.12%  >5= 0.00%  >10= 0.00%  >100= 0.00%
[264/311] mat0299
  shape: K=100 views, V=182160 pixels, size=54,648,000, positive=53,988,945
  [per-mat] n=54,648,000  min=0  max=25.12  mean=0.05117  median=0.01418  std=0.102  geomean(>0)=0.01458
    quantiles: p    1=0  p    5=0.00114  p   10=0.001561  p   25=0.003241  p   50=0.01418  p   75=0.05334  p   90=0.1466  p   95=0.2244  p   99=0.4519  p 99.9=0.9883
    above-thr: >0.001=96.26%  >0.01=56.67%  >0.1=15.83%  >0.5= 0.76%  >1= 0.10%  >5= 0.00%  >10= 0.00%  >100= 0.00%
[265/311] mat0300
  shape: K=100 views, V=186560 pixels, size=55,968,000, positive=55,785,271
  [per-mat] n=55,968,000  min=0  max=10.83  mean=0.0404  median=0.01333  std=0.07739  geomean(>0)=0.01755
    quantiles: p    1=0.002153  p    5=0.00363  p   10=0.004509  p   25=0.007267  p   50=0.01333  p   75=0.0379  p   90=0.1064  p   95=0.1731  p   99=0.3418  p 99.9=0.772
    above-thr: >0.001=99.55%  >0.01=61.51%  >0.1=10.82%  >0.5= 0.35%  >1= 0.05%  >5= 0.00%  >10= 0.00%  >100= 0.00%
[266/311] mat0301
  shape: K=100 views, V=364311 pixels, size=109,293,300, positive=103,193,419
  [per-mat] n=109,293,300  min=0  max=79.44  mean=0.04171  median=0.006378  std=0.3455  geomean(>0)=0.008214
    quantiles: p    1=0  p    5=0  p   10=0.001097  p   25=0.002481  p   50=0.006378  p   75=0.01651  p   90=0.04932  p   95=0.1122  p   99=0.6079  p 99.9=4.051
    above-thr: >0.001=91.00%  >0.01=36.80%  >0.1= 5.52%  >0.5= 1.23%  >1= 0.58%  >5= 0.07%  >10= 0.02%  >100= 0.00%
[267/311] mat0302
  shape: K=100 views, V=686140 pixels, size=205,842,000, positive=196,709,835
  [per-mat] n=205,842,000  min=0  max=72.56  mean=0.1166  median=0.08551  std=0.277  geomean(>0)=0.07849
    quantiles: p    1=0  p    5=0.005394  p   10=0.01575  p   25=0.04019  p   50=0.08551  p   75=0.1385  p   90=0.2087  p   95=0.2751  p   99=0.6211  p 99.9=3.232
    above-thr: >0.001=95.56%  >0.01=92.99%  >0.1=42.34%  >0.5= 1.38%  >1= 0.53%  >5= 0.05%  >10= 0.01%  >100= 0.00%
[268/311] mat0303
  shape: K=100 views, V=527720 pixels, size=158,316,000, positive=156,569,746
  [per-mat] n=158,316,000  min=0  max=13.84  mean=0.0198  median=0.006889  std=0.05309  geomean(>0)=0.008183
    quantiles: p    1=0  p    5=0.001307  p   10=0.001871  p   25=0.003317  p   50=0.006889  p   75=0.01717  p   90=0.04364  p   95=0.07635  p   99=0.2021  p 99.9=0.6118
    above-thr: >0.001=97.03%  >0.01=38.63%  >0.1= 3.37%  >0.5= 0.16%  >1= 0.03%  >5= 0.00%  >10= 0.00%  >100= 0.00%
[269/311] mat0305
  shape: K=100 views, V=483480 pixels, size=145,044,000, positive=139,886,739
  [per-mat] n=145,044,000  min=0  max=106.4  mean=0.04718  median=0.01481  std=0.3784  geomean(>0)=0.01321
    quantiles: p    1=0  p    5=0.0002347  p   10=0.0007472  p   25=0.004013  p   50=0.01481  p   75=0.04324  p   90=0.0921  p   95=0.1366  p   99=0.3408  p 99.9=2.943
    above-thr: >0.001=88.11%  >0.01=58.73%  >0.1= 8.76%  >0.5= 0.61%  >1= 0.29%  >5= 0.06%  >10= 0.02%  >100= 0.00%
[270/311] mat0306
  shape: K=100 views, V=234132 pixels, size=70,239,600, positive=68,422,040
  [per-mat] n=70,239,600  min=0  max=13.74  mean=0.02652  median=0.009972  std=0.06559  geomean(>0)=0.01031
    quantiles: p    1=0  p    5=0.0008302  p   10=0.001342  p   25=0.003136  p   50=0.009972  p   75=0.02911  p   90=0.06781  p   95=0.09442  p   99=0.2001  p 99.9=0.792
    above-thr: >0.001=93.64%  >0.01=49.93%  >0.1= 4.37%  >0.5= 0.23%  >1= 0.06%  >5= 0.00%  >10= 0.00%  >100= 0.00%
[271/311] mat0307
  shape: K=100 views, V=319488 pixels, size=95,846,400, positive=95,386,662
  [per-mat] n=95,846,400  min=0  max=7.508  mean=0.006799  median=0.004005  std=0.02517  geomean(>0)=0.003903
    quantiles: p    1=0.0004277  p    5=0.0007815  p   10=0.001078  p   25=0.001976  p   50=0.004005  p   75=0.007473  p   90=0.01245  p   95=0.01686  p   99=0.03696  p 99.9=0.2915
    above-thr: >0.001=91.38%  >0.01=15.51%  >0.1= 0.31%  >0.5= 0.05%  >1= 0.01%  >5= 0.00%  >10= 0.00%  >100= 0.00%
[272/311] mat0308
  shape: K=100 views, V=263160 pixels, size=78,948,000, positive=78,001,485
  [per-mat] n=78,948,000  min=0  max=13.01  mean=0.0193  median=0.007206  std=0.07962  geomean(>0)=0.007718
    quantiles: p    1=0  p    5=0.001154  p   10=0.001643  p   25=0.003325  p   50=0.007206  p   75=0.01617  p   90=0.03152  p   95=0.05194  p   99=0.2224  p 99.9=1.048
    above-thr: >0.001=96.26%  >0.01=38.74%  >0.1= 2.44%  >0.5= 0.34%  >1= 0.11%  >5= 0.00%  >10= 0.00%  >100= 0.00%
[273/311] mat0309
  shape: K=100 views, V=319662 pixels, size=95,898,600, positive=93,334,791
  [per-mat] n=95,898,600  min=0  max=11.13  mean=0.01282  median=0.005325  std=0.04496  geomean(>0)=0.005628
    quantiles: p    1=0  p    5=0.0006375  p   10=0.001168  p   25=0.002399  p   50=0.005325  p   75=0.01147  p   90=0.02103  p   95=0.03564  p   99=0.1449  p 99.9=0.6021
    above-thr: >0.001=91.69%  >0.01=29.62%  >0.1= 1.57%  >0.5= 0.15%  >1= 0.03%  >5= 0.00%  >10= 0.00%  >100= 0.00%
[274/311] mat0310
  shape: K=100 views, V=210500 pixels, size=63,150,000, positive=62,590,889
  [per-mat] n=63,150,000  min=0  max=21.86  mean=0.01422  median=0.00565  std=0.07893  geomean(>0)=0.006157
    quantiles: p    1=0.0003989  p    5=0.001403  p   10=0.00185  p   25=0.003078  p   50=0.00565  p   75=0.01066  p   90=0.01939  p   95=0.03323  p   99=0.157  p 99.9=0.9258
    above-thr: >0.001=97.77%  >0.01=27.30%  >0.1= 1.60%  >0.5= 0.25%  >1= 0.09%  >5= 0.00%  >10= 0.00%  >100= 0.00%
[275/311] mat0311
  shape: K=100 views, V=162022 pixels, size=48,606,600, positive=48,096,290
  [per-mat] n=48,606,600  min=0  max=3.43  mean=0.01947  median=0.0116  std=0.02284  geomean(>0)=0.01027
    quantiles: p    1=0  p    5=0.0007639  p   10=0.001587  p   25=0.004669  p   50=0.0116  p   75=0.02591  p   90=0.04837  p   95=0.065  p   99=0.1019  p 99.9=0.1663
    above-thr: >0.001=93.44%  >0.01=54.69%  >0.1= 1.08%  >0.5= 0.00%  >1= 0.00%  >5= 0.00%  >10= 0.00%  >100= 0.00%
[276/311] mat0312
  shape: K=100 views, V=406692 pixels, size=122,007,600, positive=121,861,263
  [per-mat] n=122,007,600  min=0  max=12.8  mean=0.01522  median=0.01122  std=0.01638  geomean(>0)=0.01077
    quantiles: p    1=0.001284  p    5=0.002481  p   10=0.00342  p   25=0.005962  p   50=0.01122  p   75=0.02013  p   90=0.03186  p   95=0.0408  p   99=0.06323  p 99.9=0.1104
    above-thr: >0.001=99.43%  >0.01=54.96%  >0.1= 0.15%  >0.5= 0.00%  >1= 0.00%  >5= 0.00%  >10= 0.00%  >100= 0.00%
[277/311] mat0326
  shape: K=100 views, V=176540 pixels, size=52,962,000, positive=47,331,281
  [per-mat] n=52,962,000  min=0  max=23.61  mean=0.0129  median=0.006435  std=0.0374  geomean(>0)=0.006756
    quantiles: p    1=0  p    5=0  p   10=0  p   25=0.001871  p   50=0.006435  p   75=0.01613  p   90=0.03241  p   95=0.04385  p   99=0.07269  p 99.9=0.2786
    above-thr: >0.001=81.85%  >0.01=37.95%  >0.1= 0.43%  >0.5= 0.05%  >1= 0.02%  >5= 0.00%  >10= 0.00%  >100= 0.00%
[278/311] mat0327
  shape: K=100 views, V=200200 pixels, size=60,060,000, positive=51,237,589
  [per-mat] n=60,060,000  min=0  max=46.22  mean=0.01913  median=0.009384  std=0.04127  geomean(>0)=0.01113
    quantiles: p    1=0  p    5=0  p   10=0  p   25=0.002438  p   50=0.009384  p   75=0.02554  p   90=0.05063  p   95=0.06683  p   99=0.1054  p 99.9=0.3157
    above-thr: >0.001=81.51%  >0.01=48.38%  >0.1= 1.20%  >0.5= 0.05%  >1= 0.02%  >5= 0.00%  >10= 0.00%  >100= 0.00%
[279/311] mat0328
  shape: K=100 views, V=171371 pixels, size=51,411,300, positive=51,411,087
  [per-mat] n=51,411,300  min=0  max=9.367  mean=0.1285  median=0.1235  std=0.05945  geomean(>0)=0.1135
    quantiles: p    1=0.03052  p    5=0.04413  p   10=0.05371  p   25=0.0788  p   50=0.1235  p   75=0.1725  p   90=0.2091  p   95=0.2288  p   99=0.2703  p 99.9=0.3276
    above-thr: >0.001=100.00%  >0.01=99.96%  >0.1=63.25%  >0.5= 0.00%  >1= 0.00%  >5= 0.00%  >10= 0.00%  >100= 0.00%
[280/311] mat0329
  shape: K=100 views, V=176540 pixels, size=52,962,000, positive=45,389,663
  [per-mat] n=52,962,000  min=0  max=10.21  mean=0.05881  median=0.04041  std=0.06296  geomean(>0)=0.0326
    quantiles: p    1=0  p    5=0  p   10=0  p   25=0.004044  p   50=0.04041  p   75=0.0946  p   90=0.155  p   95=0.1875  p   99=0.2322  p 99.9=0.2844
    above-thr: >0.001=81.83%  >0.01=68.41%  >0.1=23.05%  >0.5= 0.01%  >1= 0.00%  >5= 0.00%  >10= 0.00%  >100= 0.00%
[281/311] mat0330
  shape: K=100 views, V=176540 pixels, size=52,962,000, positive=52,473,898
  [per-mat] n=52,962,000  min=0  max=11.48  mean=0.01023  median=0.006287  std=0.01759  geomean(>0)=0.006017
    quantiles: p    1=7.85e-05  p    5=0.0008674  p   10=0.001317  p   25=0.002695  p   50=0.006287  p   75=0.01352  p   90=0.02451  p   95=0.03275  p   99=0.0495  p 99.9=0.08289
    above-thr: >0.001=93.55%  >0.01=34.62%  >0.1= 0.06%  >0.5= 0.01%  >1= 0.00%  >5= 0.00%  >10= 0.00%  >100= 0.00%
[282/311] mat0331
  shape: K=100 views, V=176540 pixels, size=52,962,000, positive=52,944,382
  [per-mat] n=52,962,000  min=0  max=9.07  mean=0.007735  median=0.00494  std=0.01654  geomean(>0)=0.004813
    quantiles: p    1=0.0006175  p    5=0.001023  p   10=0.001361  p   25=0.002386  p   50=0.00494  p   75=0.009552  p   90=0.0157  p   95=0.02115  p   99=0.04373  p 99.9=0.1306
    above-thr: >0.001=95.31%  >0.01=23.35%  >0.1= 0.16%  >0.5= 0.01%  >1= 0.00%  >5= 0.00%  >10= 0.00%  >100= 0.00%
[283/311] mat0332
  shape: K=100 views, V=455648 pixels, size=136,694,400, positive=120,955,990
  [per-mat] n=136,694,400  min=0  max=68.19  mean=0.02691  median=0.007511  std=0.05076  geomean(>0)=0.009815
    quantiles: p    1=0  p    5=0  p   10=0  p   25=0.001484  p   50=0.007511  p   75=0.03671  p   90=0.08899  p   95=0.1165  p   99=0.1547  p 99.9=0.2228
    above-thr: >0.001=79.41%  >0.01=45.07%  >0.1= 7.88%  >0.5= 0.02%  >1= 0.01%  >5= 0.00%  >10= 0.00%  >100= 0.00%
[284/311] mat0333
  shape: K=100 views, V=176144 pixels, size=52,843,200, positive=51,940,535
  [per-mat] n=52,843,200  min=0  max=5.285  mean=0.03699  median=0.01223  std=0.04713  geomean(>0)=0.01451
    quantiles: p    1=0  p    5=0.0008278  p   10=0.001872  p   25=0.004784  p   50=0.01223  p   75=0.05927  p   90=0.1152  p   95=0.1384  p   99=0.1758  p 99.9=0.2301
    above-thr: >0.001=94.18%  >0.01=55.41%  >0.1=14.02%  >0.5= 0.00%  >1= 0.00%  >5= 0.00%  >10= 0.00%  >100= 0.00%
[285/311] mat0334
  shape: K=100 views, V=835434 pixels, size=250,630,200, positive=250,452,916
  [per-mat] n=250,630,200  min=0  max=62.59  mean=0.01161  median=0.007263  std=0.07978  geomean(>0)=0.007
    quantiles: p    1=0.0009327  p    5=0.001595  p   10=0.002157  p   25=0.003712  p   50=0.007263  p   75=0.01306  p   90=0.02032  p   95=0.02711  p   99=0.05923  p 99.9=0.2942
    above-thr: >0.001=98.74%  >0.01=36.58%  >0.1= 0.41%  >0.5= 0.06%  >1= 0.03%  >5= 0.00%  >10= 0.00%  >100= 0.00%
[286/311] mat0336
  shape: K=100 views, V=624477 pixels, size=187,343,100, positive=187,036,250
  [per-mat] n=187,343,100  min=0  max=4.691  mean=0.05835  median=0.04538  std=0.048  geomean(>0)=0.04176
    quantiles: p    1=0.004425  p    5=0.009308  p   10=0.01271  p   25=0.02267  p   50=0.04538  p   75=0.08124  p   90=0.1212  p   95=0.1489  p   99=0.2155  p 99.9=0.3474
    above-thr: >0.001=99.75%  >0.01=94.06%  >0.1=16.50%  >0.5= 0.02%  >1= 0.00%  >5= 0.00%  >10= 0.00%  >100= 0.00%
[287/311] mat0337
  shape: K=100 views, V=689715 pixels, size=206,914,500, positive=199,956,846
  [per-mat] n=206,914,500  min=0  max=4.977  mean=0.04898  median=0.03165  std=0.05226  geomean(>0)=0.02911
    quantiles: p    1=0  p    5=0.001309  p   10=0.004681  p   25=0.01283  p   50=0.03165  p   75=0.06769  p   90=0.1169  p   95=0.1542  p   99=0.2384  p 99.9=0.3628
    above-thr: >0.001=95.41%  >0.01=80.11%  >0.1=13.69%  >0.5= 0.02%  >1= 0.00%  >5= 0.00%  >10= 0.00%  >100= 0.00%
[288/311] mat0338
  shape: K=100 views, V=315894 pixels, size=94,768,200, positive=93,498,589
  [per-mat] n=94,768,200  min=0  max=29.47  mean=0.04388  median=0.0285  std=0.04979  geomean(>0)=0.0252
    quantiles: p    1=0  p    5=0.002346  p   10=0.004433  p   25=0.01131  p   50=0.0285  p   75=0.06104  p   90=0.1046  p   95=0.1366  p   99=0.2081  p 99.9=0.3266
    above-thr: >0.001=97.75%  >0.01=77.47%  >0.1=11.01%  >0.5= 0.01%  >1= 0.00%  >5= 0.00%  >10= 0.00%  >100= 0.00%
[289/311] mat0339
  shape: K=100 views, V=719039 pixels, size=215,711,700, positive=215,261,002
  [per-mat] n=215,711,700  min=0  max=6.074  mean=0.04244  median=0.03021  std=0.04035  geomean(>0)=0.0277
    quantiles: p    1=0.002575  p    5=0.005154  p   10=0.007111  p   25=0.01331  p   50=0.03021  p   75=0.05945  p   90=0.09381  p   95=0.1184  p   99=0.1808  p 99.9=0.3066
    above-thr: >0.001=99.65%  >0.01=82.51%  >0.1= 8.39%  >0.5= 0.01%  >1= 0.00%  >5= 0.00%  >10= 0.00%  >100= 0.00%
[290/311] mat0340
  shape: K=100 views, V=720945 pixels, size=216,283,500, positive=207,199,461
  [per-mat] n=216,283,500  min=0  max=41.84  mean=0.0434  median=0.02753  std=0.04886  geomean(>0)=0.02522
    quantiles: p    1=0  p    5=0.000448  p   10=0.003214  p   25=0.01077  p   50=0.02753  p   75=0.05997  p   90=0.1046  p   95=0.1383  p   99=0.218  p 99.9=0.344
    above-thr: >0.001=94.02%  >0.01=76.50%  >0.1=10.98%  >0.5= 0.01%  >1= 0.00%  >5= 0.00%  >10= 0.00%  >100= 0.00%
[291/311] mat0341
  shape: K=100 views, V=288402 pixels, size=86,520,600, positive=85,818,061
  [per-mat] n=86,520,600  min=0  max=39.44  mean=0.03998  median=0.0183  std=0.05688  geomean(>0)=0.01858
    quantiles: p    1=0.0005665  p    5=0.001757  p   10=0.002928  p   25=0.007385  p   50=0.0183  p   75=0.04852  p   90=0.1108  p   95=0.1549  p   99=0.2472  p 99.9=0.4094
    above-thr: >0.001=98.16%  >0.01=67.46%  >0.1=11.70%  >0.5= 0.04%  >1= 0.00%  >5= 0.00%  >10= 0.00%  >100= 0.00%
[292/311] mat0342
  shape: K=100 views, V=323000 pixels, size=96,900,000, positive=95,511,234
  [per-mat] n=96,900,000  min=0  max=4.648  mean=0.02168  median=0.009521  std=0.03472  geomean(>0)=0.009269
    quantiles: p    1=0  p    5=0.0007815  p   10=0.001406  p   25=0.003365  p   50=0.009521  p   75=0.02328  p   90=0.05667  p   95=0.09082  p   99=0.1677  p 99.9=0.2954
    above-thr: >0.001=93.40%  >0.01=48.55%  >0.1= 4.14%  >0.5= 0.01%  >1= 0.00%  >5= 0.00%  >10= 0.00%  >100= 0.00%
[293/311] mat0343
  shape: K=100 views, V=697788 pixels, size=209,336,400, positive=208,428,103
  [per-mat] n=209,336,400  min=0  max=11.31  mean=0.03876  median=0.01533  std=0.05621  geomean(>0)=0.01454
    quantiles: p    1=0.0002968  p    5=0.0009441  p   10=0.001624  p   25=0.004845  p   50=0.01533  p   75=0.04855  p   90=0.1131  p   95=0.156  p   99=0.2505  p 99.9=0.4092
    above-thr: >0.001=94.58%  >0.01=60.11%  >0.1=12.09%  >0.5= 0.04%  >1= 0.00%  >5= 0.00%  >10= 0.00%  >100= 0.00%
[294/311] mat0344
  shape: K=100 views, V=468160 pixels, size=140,448,000, positive=137,943,667
  [per-mat] n=140,448,000  min=0  max=22.73  mean=0.02057  median=0.01402  std=0.0222  geomean(>0)=0.01346
    quantiles: p    1=0  p    5=0.00186  p   10=0.003384  p   25=0.00713  p   50=0.01402  p   75=0.02557  p   90=0.04636  p   95=0.06677  p   99=0.1005  p 99.9=0.1483
    above-thr: >0.001=96.96%  >0.01=63.68%  >0.1= 1.03%  >0.5= 0.00%  >1= 0.00%  >5= 0.00%  >10= 0.00%  >100= 0.00%
[295/311] mat0345
  shape: K=100 views, V=191819 pixels, size=57,545,700, positive=52,502,933
  [per-mat] n=57,545,700  min=0  max=33.69  mean=0.1154  median=0.07343  std=0.1604  geomean(>0)=0.0558
    quantiles: p    1=0  p    5=0  p   10=0.000385  p   25=0.01328  p   50=0.07343  p   75=0.1619  p   90=0.2542  p   95=0.365  p   99=0.6934  p 99.9=1.613
    above-thr: >0.001=88.17%  >0.01=76.66%  >0.1=40.40%  >0.5= 2.40%  >1= 0.36%  >5= 0.00%  >10= 0.00%  >100= 0.00%
[296/311] mat0346
  shape: K=100 views, V=194034 pixels, size=58,210,200, positive=58,209,042
  [per-mat] n=58,210,200  min=0  max=39.28  mean=0.1477  median=0.09265  std=0.2003  geomean(>0)=0.09214
    quantiles: p    1=0.01138  p    5=0.02287  p   10=0.0289  p   25=0.04514  p   50=0.09265  p   75=0.1754  p   90=0.3208  p   95=0.4556  p   99=0.8706  p 99.9=2.072
    above-thr: >0.001=100.00%  >0.01=99.20%  >0.1=47.40%  >0.5= 4.03%  >1= 0.69%  >5= 0.01%  >10= 0.00%  >100= 0.00%
[297/311] mat0347
  shape: K=100 views, V=169776 pixels, size=50,932,800, positive=50,131,457
  [per-mat] n=50,932,800  min=0  max=8.93  mean=0.06475  median=0.03201  std=0.1014  geomean(>0)=0.0341
    quantiles: p    1=0  p    5=0.005062  p   10=0.007298  p   25=0.01402  p   50=0.03201  p   75=0.07465  p   90=0.1556  p   95=0.2294  p   99=0.459  p 99.9=1.042
    above-thr: >0.001=98.42%  >0.01=83.61%  >0.1=18.24%  >0.5= 0.80%  >1= 0.11%  >5= 0.00%  >10= 0.00%  >100= 0.00%
[298/311] mat0348
  shape: K=100 views, V=197568 pixels, size=59,270,400, positive=57,042,547
  [per-mat] n=59,270,400  min=0  max=13.61  mean=0.05756  median=0.01556  std=0.1131  geomean(>0)=0.01686
    quantiles: p    1=0  p    5=0.0002723  p   10=0.001266  p   25=0.003757  p   50=0.01556  p   75=0.06488  p   90=0.1558  p   95=0.235  p   99=0.498  p 99.9=1.131
    above-thr: >0.001=91.44%  >0.01=57.13%  >0.1=17.76%  >0.5= 0.99%  >1= 0.14%  >5= 0.00%  >10= 0.00%  >100= 0.00%
[299/311] mat0349
  shape: K=100 views, V=174034 pixels, size=52,210,200, positive=51,284,235
  [per-mat] n=52,210,200  min=0  max=2.344  mean=0.01138  median=0.005867  std=0.01865  geomean(>0)=0.006397
    quantiles: p    1=0  p    5=0.001249  p   10=0.001646  p   25=0.002804  p   50=0.005867  p   75=0.01229  p   90=0.02568  p   95=0.03952  p   99=0.08685  p 99.9=0.2026
    above-thr: >0.001=96.99%  >0.01=30.93%  >0.1= 0.71%  >0.5= 0.00%  >1= 0.00%  >5= 0.00%  >10= 0.00%  >100= 0.00%
[300/311] mat0352
  shape: K=100 views, V=1106944 pixels, size=332,083,200, positive=332,082,421
  [per-mat] n=332,083,200  min=0  max=8.531  mean=0.1448  median=0.1318  std=0.09797  geomean(>0)=0.1174
    quantiles: p    1=0.03058  p    5=0.03848  p   10=0.04636  p   25=0.06879  p   50=0.1318  p   75=0.1869  p   90=0.2632  p   95=0.3276  p   99=0.4834  p 99.9=0.7412
    above-thr: >0.001=100.00%  >0.01=100.00%  >0.1=60.61%  >0.5= 0.84%  >1= 0.02%  >5= 0.00%  >10= 0.00%  >100= 0.00%
[301/311] mat0353
  shape: K=100 views, V=1101065 pixels, size=330,319,500, positive=328,302,833
  [per-mat] n=330,319,500  min=0  max=7.184  mean=0.111  median=0.07227  std=0.109  geomean(>0)=0.06195
    quantiles: p    1=0.0004792  p    5=0.003866  p   10=0.00988  p   25=0.03247  p   50=0.07227  p   75=0.1632  p   90=0.2581  p   95=0.325  p   99=0.4753  p 99.9=0.7295
    above-thr: >0.001=98.43%  >0.01=89.93%  >0.1=41.32%  >0.5= 0.77%  >1= 0.02%  >5= 0.00%  >10= 0.00%  >100= 0.00%
[302/311] mat0354
  shape: K=100 views, V=1134690 pixels, size=340,407,000, positive=340,406,588
  [per-mat] n=340,407,000  min=0  max=2.146  mean=0.1351  median=0.1359  std=0.05129  geomean(>0)=0.1248
    quantiles: p    1=0.04736  p    5=0.0596  p   10=0.06836  p   25=0.0907  p   50=0.1359  p   75=0.1722  p   90=0.2019  p   95=0.219  p   99=0.2534  p 99.9=0.3345
    above-thr: >0.001=100.00%  >0.01=100.00%  >0.1=69.75%  >0.5= 0.00%  >1= 0.00%  >5= 0.00%  >10= 0.00%  >100= 0.00%
[303/311] mat0355
  shape: K=100 views, V=1112358 pixels, size=333,707,400, positive=278,183,619
  [per-mat] n=333,707,400  min=0  max=5.137  mean=0.04927  median=0.01677  std=0.07824  geomean(>0)=0.01844
    quantiles: p    1=0  p    5=0  p   10=0  p   25=0.001385  p   50=0.01677  p   75=0.06262  p   90=0.15  p   95=0.2114  p   99=0.3525  p 99.9=0.5688
    above-thr: >0.001=76.64%  >0.01=57.18%  >0.1=17.80%  >0.5= 0.20%  >1= 0.00%  >5= 0.00%  >10= 0.00%  >100= 0.00%
[304/311] mat0356
  shape: K=100 views, V=998704 pixels, size=299,611,200, positive=299,608,294
  [per-mat] n=299,611,200  min=0  max=5.227  mean=0.1338  median=0.1092  std=0.1022  geomean(>0)=0.1008
    quantiles: p    1=0.01791  p    5=0.02777  p   10=0.03467  p   25=0.05365  p   50=0.1092  p   75=0.1841  p   90=0.2671  p   95=0.3269  p   99=0.4688  p 99.9=0.7241
    above-thr: >0.001=100.00%  >0.01=100.00%  >0.1=53.28%  >0.5= 0.72%  >1= 0.02%  >5= 0.00%  >10= 0.00%  >100= 0.00%
[305/311] mat0357
  shape: K=100 views, V=1097943 pixels, size=329,382,900, positive=329,370,997
  [per-mat] n=329,382,900  min=0  max=7.414  mean=0.1273  median=0.0946  std=0.1122  geomean(>0)=0.08611
    quantiles: p    1=0.009918  p    5=0.01785  p   10=0.02449  p   25=0.0415  p   50=0.0946  p   75=0.1791  p   90=0.2759  p   95=0.3464  p   99=0.502  p 99.9=0.769
    above-thr: >0.001=100.00%  >0.01=98.97%  >0.1=48.35%  >0.5= 1.02%  >1= 0.02%  >5= 0.00%  >10= 0.00%  >100= 0.00%
[306/311] mat0358
  shape: K=100 views, V=1005752 pixels, size=301,725,600, positive=286,734,582
  [per-mat] n=301,725,600  min=0  max=2.789  mean=0.02146  median=0.007561  std=0.03349  geomean(>0)=0.007116
    quantiles: p    1=0  p    5=2.503e-06  p   10=0.0002625  p   25=0.001812  p   50=0.007561  p   75=0.02788  p   90=0.06049  p   95=0.08771  p   99=0.1555  p 99.9=0.2695
    above-thr: >0.001=81.07%  >0.01=44.88%  >0.1= 3.70%  >0.5= 0.00%  >1= 0.00%  >5= 0.00%  >10= 0.00%  >100= 0.00%
[307/311] mat0359
  shape: K=100 views, V=1021942 pixels, size=306,582,600, positive=306,573,075
  [per-mat] n=306,582,600  min=0  max=14.25  mean=0.1382  median=0.09814  std=0.1375  geomean(>0)=0.0971
    quantiles: p    1=0.02562  p    5=0.03038  p   10=0.03384  p   25=0.04617  p   50=0.09814  p   75=0.1764  p   90=0.2952  p   95=0.3928  p   99=0.6401  p 99.9=1.192
    above-thr: >0.001=100.00%  >0.01=100.00%  >0.1=49.43%  >0.5= 2.38%  >1= 0.19%  >5= 0.00%  >10= 0.00%  >100= 0.00%
[308/311] mat0360
  shape: K=100 views, V=1041980 pixels, size=312,594,000, positive=308,371,256
  [per-mat] n=312,594,000  min=0  max=1.867  mean=0.01368  median=0.00618  std=0.01619  geomean(>0)=0.006617
    quantiles: p    1=0  p    5=0.0005336  p   10=0.001133  p   25=0.00264  p   50=0.00618  p   75=0.02069  p   90=0.03754  p   95=0.048  p   99=0.06677  p 99.9=0.09808
    above-thr: >0.001=91.23%  >0.01=38.58%  >0.1= 0.09%  >0.5= 0.00%  >1= 0.00%  >5= 0.00%  >10= 0.00%  >100= 0.00%
[309/311] mat0361
  shape: K=100 views, V=863784 pixels, size=259,135,200, positive=259,133,990
  [per-mat] n=259,135,200  min=0  max=5.129  mean=0.07511  median=0.05215  std=0.07372  geomean(>0)=0.05622
    quantiles: p    1=0.0162  p    5=0.02043  p   10=0.0235  p   25=0.03308  p   50=0.05215  p   75=0.0849  p   90=0.15  p   95=0.215  p   99=0.384  p 99.9=0.644
    above-thr: >0.001=100.00%  >0.01=99.99%  >0.1=20.10%  >0.5= 0.34%  >1= 0.01%  >5= 0.00%  >10= 0.00%  >100= 0.00%
[310/311] mat0362
  shape: K=100 views, V=997518 pixels, size=299,255,400, positive=299,251,506
  [per-mat] n=299,255,400  min=0  max=5.629  mean=0.1203  median=0.09344  std=0.1072  geomean(>0)=0.08312
    quantiles: p    1=0.01564  p    5=0.02081  p   10=0.02538  p   25=0.03802  p   50=0.09344  p   75=0.1644  p   90=0.2595  p   95=0.3308  p   99=0.4905  p 99.9=0.7656
    above-thr: >0.001=100.00%  >0.01=100.00%  >0.1=47.74%  >0.5= 0.91%  >1= 0.02%  >5= 0.00%  >10= 0.00%  >100= 0.00%
[311/311] mat0363
  shape: K=100 views, V=1072984 pixels, size=321,895,200, positive=321,894,367
  [per-mat] n=321,895,200  min=0  max=5.562  mean=0.1407  median=0.1254  std=0.1044  geomean(>0)=0.1101
    quantiles: p    1=0.02654  p    5=0.03275  p   10=0.03836  p   25=0.06323  p   50=0.1254  p   75=0.1807  p   90=0.2593  p   95=0.335  p   99=0.5176  p 99.9=0.8218
    above-thr: >0.001=100.00%  >0.01=100.00%  >0.1=58.26%  >0.5= 1.16%  >1= 0.03%  >5= 0.00%  >10= 0.00%  >100= 0.00%

============================================================================
AGGREGATE STATISTICS
============================================================================
Materials processed         : 311
Total values seen           : 37,107,861,000
Total positive values seen  : 35,520,896,571 (95.72%)

Distribution of per-material medians:
  [per-mat-medians] n=       311  min=0.001381  max=0.1781  mean=0.03237  median=0.01451  std=0.03847  geomean(>0)=0.01678
    quantiles: p    1=0.001585  p    5=0.002357  p   10=0.003893  p   25=0.00721  p   50=0.01451  p   75=0.04095  p   90=0.0946  p   95=0.1174  p   99=0.1689  p 99.9=0.1775
    above-thr: >0.001=100.00%  >0.01=63.67%  >0.1= 8.36%  >0.5= 0.00%  >1= 0.00%  >5= 0.00%  >10= 0.00%  >100= 0.00%

Distribution of per-material means:
  [per-mat-means] n=       311  min=0.002099  max=0.2118  mean=0.05842  median=0.044  std=0.04498  geomean(>0)=0.04145
    quantiles: p    1=0.003767  p    5=0.008486  p   10=0.0123  p   25=0.02215  p   50=0.044  p   75=0.08311  p   90=0.1317  p   95=0.1458  p   99=0.1718  p 99.9=0.2034
    above-thr: >0.001=100.00%  >0.01=92.60%  >0.1=20.90%  >0.5= 0.00%  >1= 0.00%  >5= 0.00%  >10= 0.00%  >100= 0.00%

Distribution of per-material geomeans (positive only):
  [per-mat-geomeans] n=       311  min=0.00143  max=0.1582  mean=0.03099  median=0.01598  std=0.03412  geomean(>0)=0.018
    quantiles: p    1=0.001914  p    5=0.00366  p   10=0.005026  p   25=0.008198  p   50=0.01598  p   75=0.03965  p   90=0.08926  p   95=0.1112  p   99=0.149  p 99.9=0.1567
    above-thr: >0.001=100.00%  >0.01=68.81%  >0.1= 7.07%  >0.5= 0.00%  >1= 0.00%  >5= 0.00%  >10= 0.00%  >100= 0.00%

Global pool of positive values (62,200,000 samples, 311 mats):
  [global-pool] n=62,200,000  min=5.96e-08  max=124  mean=0.061  median=0.02063  std=0.3312  geomean(>0)=0.018
    quantiles: p    1=0.0003927  p    5=0.001047  p   10=0.001744  p   25=0.005016  p   50=0.02063  p   75=0.07037  p   90=0.1512  p   95=0.2052  p   99=0.4016  p 99.9=1.967
    above-thr: >0.001=95.35%  >0.01=63.24%  >0.1=17.79%  >0.5= 0.67%  >1= 0.23%  >5= 0.03%  >10= 0.01%  >100= 0.00%

Suggested logrel_ref candidates (pick one matching loss intent):
  median(global pool)     = 0.02063    <- mass-balanced, good general default
  geomean(global pool)    = 0.018    <- log-symmetric (matches log_mapping)
  mean(per-mat medians)   = 0.03237    <- robust to one giant material

----------------------------------------------------------------------------
REF POSITION  (current Bonn ref = 0.05)
----------------------------------------------------------------------------
  ref                          = 0.05
  percentile inside global pool= 67.70%   (fraction of values <= ref)
  ref / global-median          = 2.42   (median = 0.02063)
  ref / global-geomean         = 2.78   (geomean(>0) = 0.018)
  -> ref >= median: most loss mass falls in the LINEAR regime (small-rel-error, gradient ~ 1/ref).
