Found 348 materials with observations_structured.npz in /media/raid/cloth/capture_data/Dataset_Nov11 (id range 0..350)
Subsampling 200,000 values / material for the global pool.

[1/348] mat0000  cohort1 (mat<100, factor1)
  shape: K=598, V=492876, total=294,739,848, valid(non-zero)=228,865,715 (77.7%)
  [per-mat (post-CCM)] n=686,597,145  min=0  max=1.825e+05  mean=2.355e+04  median=1.934e+04  std=1.772e+04  geomean(>0)=1.826e+04
    quantiles: p    1=2953  p    5=5143  p   10=6735  p   25=1.135e+04  p   50=1.934e+04  p   75=2.998e+04  p   90=4.524e+04  p   95=5.904e+04  p   99=8.636e+04  p 99.9=1.307e+05
    above-thr: >10=100.00%  >100=100.00%  >1000=99.93%  >5000=95.39%  >10000=79.11%  >30000=24.97%  >50000= 7.81%
[2/348] mat0001  cohort1 (mat<100, factor1)
  shape: K=598, V=441198, total=263,836,404, valid(non-zero)=207,736,822 (78.7%)
  [per-mat (post-CCM)] n=623,210,466  min=0  max=1.907e+05  mean=2.003e+04  median=1.514e+04  std=1.72e+04  geomean(>0)=1.441e+04
    quantiles: p    1=1477  p    5=3252  p   10=4755  p   25=8577  p   50=1.514e+04  p   75=2.569e+04  p   90=4.147e+04  p   95=5.447e+04  p   99=8.417e+04  p 99.9=1.26e+05
    above-thr: >10=99.96%  >100=99.94%  >1000=99.51%  >5000=89.12%  >10000=69.10%  >30000=19.19%  >50000= 6.34%
[3/348] mat0002  cohort1 (mat<100, factor1)
  shape: K=598, V=390470, total=233,501,060, valid(non-zero)=178,749,971 (76.6%)
  [per-mat (post-CCM)] n=536,249,913  min=0  max=1.927e+05  mean=1.241e+04  median=9133  std=1.232e+04  geomean(>0)=8823
    quantiles: p    1=889.9  p    5=2063  p   10=3043  p   25=5303  p   50=9133  p   75=1.528e+04  p   90=2.443e+04  p   95=3.299e+04  p   99=6.318e+04  p 99.9=1.18e+05
    above-thr: >10=99.88%  >100=99.84%  >1000=98.76%  >5000=77.15%  >10000=45.32%  >30000= 6.27%  >50000= 1.80%
[4/348] mat0003  cohort1 (mat<100, factor1)
  shape: K=598, V=286185, total=171,138,630, valid(non-zero)=131,847,651 (77.0%)
  [per-mat (post-CCM)] n=395,542,953  min=0  max=1.878e+05  mean=1.815e+04  median=1.32e+04  std=1.622e+04  geomean(>0)=1.256e+04
    quantiles: p    1=1133  p    5=2557  p   10=3876  p   25=7115  p   50=1.32e+04  p   75=2.369e+04  p   90=3.931e+04  p   95=5.144e+04  p   99=7.715e+04  p 99.9=1.127e+05
    above-thr: >10=99.96%  >100=99.94%  >1000=99.22%  >5000=85.12%  >10000=61.95%  >30000=17.03%  >50000= 5.44%
[5/348] mat0004  cohort1 (mat<100, factor1)
  shape: K=598, V=345965, total=206,887,070, valid(non-zero)=159,511,686 (77.1%)
  [per-mat (post-CCM)] n=478,535,058  min=0  max=1.928e+05  mean=3.869e+04  median=3.435e+04  std=2.484e+04  geomean(>0)=3.104e+04
    quantiles: p    1=3412  p    5=7676  p   10=1.18e+04  p   25=2.181e+04  p   50=3.435e+04  p   75=4.986e+04  p   90=6.887e+04  p   95=8.213e+04  p   99=1.198e+05  p 99.9=1.801e+05
    above-thr: >10=100.00%  >100=100.00%  >1000=99.96%  >5000=97.71%  >10000=92.27%  >30000=59.11%  >50000=24.84%
[6/348] mat0005  cohort1 (mat<100, factor1)
  shape: K=598, V=389240, total=232,765,520, valid(non-zero)=183,825,337 (79.0%)
  [per-mat (post-CCM)] n=551,476,011  min=0  max=1.997e+05  mean=2.252e+04  median=1.753e+04  std=1.881e+04  geomean(>0)=1.62e+04
    quantiles: p    1=1480  p    5=3572  p   10=5164  p   25=9619  p   50=1.753e+04  p   75=2.868e+04  p   90=4.676e+04  p   95=6.229e+04  p   99=9.11e+04  p 99.9=1.211e+05
    above-thr: >10=99.95%  >100=99.93%  >1000=99.49%  >5000=90.57%  >10000=73.81%  >30000=23.16%  >50000= 8.65%
[7/348] mat0006  cohort1 (mat<100, factor1)
  shape: K=598, V=465576, total=278,414,448, valid(non-zero)=219,934,245 (79.0%)
  [per-mat (post-CCM)] n=659,802,735  min=0  max=1.86e+05  mean=3.229e+04  median=2.577e+04  std=2.387e+04  geomean(>0)=2.552e+04
    quantiles: p    1=4606  p    5=7864  p   10=1.042e+04  p   25=1.635e+04  p   50=2.577e+04  p   75=4.031e+04  p   90=6.334e+04  p   95=8.153e+04  p   99=1.156e+05  p 99.9=1.801e+05
    above-thr: >10=100.00%  >100=100.00%  >1000=100.00%  >5000=98.70%  >10000=90.91%  >30000=40.70%  >50000=16.51%
[8/348] mat0007  cohort1 (mat<100, factor1)
  shape: K=598, V=396762, total=237,263,676, valid(non-zero)=180,811,306 (76.2%)
  [per-mat (post-CCM)] n=542,433,918  min=0  max=1.891e+05  mean=3.359e+04  median=2.794e+04  std=2.46e+04  geomean(>0)=2.58e+04
    quantiles: p    1=3120  p    5=6357  p   10=9128  p   25=1.647e+04  p   50=2.794e+04  p   75=4.327e+04  p   90=6.535e+04  p   95=8.28e+04  p   99=1.181e+05  p 99.9=1.801e+05
    above-thr: >10=100.00%  >100=99.99%  >1000=99.91%  >5000=97.05%  >10000=88.31%  >30000=45.80%  >50000=18.52%
[9/348] mat0008  cohort1 (mat<100, factor1)
  shape: K=598, V=364718, total=218,101,364, valid(non-zero)=169,140,209 (77.6%)
  [per-mat (post-CCM)] n=507,420,627  min=0  max=1.892e+05  mean=3.603e+04  median=3.019e+04  std=2.574e+04  geomean(>0)=2.836e+04
    quantiles: p    1=4244  p    5=8123  p   10=1.092e+04  p   25=1.809e+04  p   50=3.019e+04  p   75=4.599e+04  p   90=6.7e+04  p   95=8.86e+04  p   99=1.305e+05  p 99.9=1.801e+05
    above-thr: >10=100.00%  >100=99.99%  >1000=99.94%  >5000=98.53%  >10000=91.78%  >30000=50.37%  >50000=20.74%
[10/348] mat0009  cohort1 (mat<100, factor1)
  shape: K=598, V=451582, total=270,046,036, valid(non-zero)=209,058,398 (77.4%)
  [per-mat (post-CCM)] n=627,175,194  min=0  max=1.959e+05  mean=2.302e+04  median=1.686e+04  std=2.152e+04  geomean(>0)=1.55e+04
    quantiles: p    1=846.1  p    5=2749  p   10=4452  p   25=8896  p   50=1.686e+04  p   75=2.967e+04  p   90=4.884e+04  p   95=6.576e+04  p   99=1.061e+05  p 99.9=1.801e+05
    above-thr: >10=99.82%  >100=99.77%  >1000=98.77%  >5000=88.24%  >10000=71.21%  >30000=24.58%  >50000= 9.51%
[11/348] mat0010  cohort1 (mat<100, factor1)
  shape: K=616, V=502034, total=309,252,944, valid(non-zero)=304,821,592 (98.6%)
  [per-mat (post-CCM)] n=914,464,776  min=0  max=1.877e+05  mean=2.536e+04  median=2.285e+04  std=1.628e+04  geomean(>0)=1.989e+04
    quantiles: p    1=2306  p    5=4643  p   10=6727  p   25=1.279e+04  p   50=2.285e+04  p   75=3.447e+04  p   90=4.762e+04  p   95=5.501e+04  p   99=7.552e+04  p 99.9=1.02e+05
    above-thr: >10=99.99%  >100=99.99%  >1000=99.86%  >5000=94.20%  >10000=81.72%  >30000=33.56%  >50000= 8.19%
[12/348] mat0011  cohort1 (mat<100, factor1)
  shape: K=601, V=405864, total=243,924,264, valid(non-zero)=172,356,122 (70.7%)
  [per-mat (post-CCM)] n=517,068,366  min=0  max=2.002e+05  mean=2.86e+04  median=2.311e+04  std=2.374e+04  geomean(>0)=2.048e+04
    quantiles: p    1=0  p    5=2442  p   10=5553  p   25=1.25e+04  p   50=2.311e+04  p   75=3.72e+04  p   90=5.874e+04  p   95=7.517e+04  p   99=1.153e+05  p 99.9=1.697e+05
    above-thr: >10=98.12%  >100=97.99%  >1000=96.78%  >5000=91.02%  >10000=80.72%  >30000=35.72%  >50000=14.10%
[13/348] mat0012  cohort1 (mat<100, factor1)
  shape: K=601, V=337899, total=203,077,299, valid(non-zero)=145,524,930 (71.7%)
  [per-mat (post-CCM)] n=436,574,790  min=0  max=1.9e+05  mean=2.968e+04  median=2.359e+04  std=2.381e+04  geomean(>0)=2.218e+04
    quantiles: p    1=3259  p    5=5754  p   10=7648  p   25=1.303e+04  p   50=2.359e+04  p   75=3.799e+04  p   90=5.95e+04  p   95=7.811e+04  p   99=1.173e+05  p 99.9=1.649e+05
    above-thr: >10=100.00%  >100=100.00%  >1000=99.95%  >5000=96.58%  >10000=83.16%  >30000=37.03%  >50000=14.57%
[14/348] mat0013  cohort1 (mat<100, factor1)
  shape: K=590, V=330542, total=195,019,780, valid(non-zero)=184,712,373 (94.7%)
  [per-mat (post-CCM)] n=554,137,119  min=0  max=2.014e+05  mean=3.673e+04  median=3.147e+04  std=2.486e+04  geomean(>0)=2.85e+04
    quantiles: p    1=1533  p    5=6052  p   10=1.094e+04  p   25=2.082e+04  p   50=3.147e+04  p   75=4.651e+04  p   90=6.783e+04  p   95=8.349e+04  p   99=1.219e+05  p 99.9=1.718e+05
    above-thr: >10=99.93%  >100=99.90%  >1000=99.44%  >5000=95.99%  >10000=91.03%  >30000=53.44%  >50000=21.45%
[15/348] mat0014  cohort1 (mat<100, factor1)
  shape: K=590, V=467517, total=275,835,030, valid(non-zero)=271,251,534 (98.3%)
  [per-mat (post-CCM)] n=813,754,602  min=0  max=1.825e+05  mean=2.945e+04  median=2.492e+04  std=2.171e+04  geomean(>0)=2.216e+04
    quantiles: p    1=2424  p    5=4758  p   10=6961  p   25=1.408e+04  p   50=2.492e+04  p   75=3.838e+04  p   90=5.741e+04  p   95=7.282e+04  p   99=1.08e+05  p 99.9=1.313e+05
    above-thr: >10=99.99%  >100=99.99%  >1000=99.88%  >5000=94.47%  >10000=83.32%  >30000=38.71%  >50000=14.06%
[16/348] mat0015  cohort1 (mat<100, factor1)
  shape: K=590, V=298545, total=176,141,550, valid(non-zero)=172,126,841 (97.7%)
  [per-mat (post-CCM)] n=516,380,523  min=0  max=1.876e+05  mean=2.785e+04  median=2.21e+04  std=2.164e+04  geomean(>0)=2.127e+04
    quantiles: p    1=3275  p    5=5909  p   10=7867  p   25=1.295e+04  p   50=2.21e+04  p   75=3.55e+04  p   90=5.52e+04  p   95=7.15e+04  p   99=1.089e+05  p 99.9=1.457e+05
    above-thr: >10=100.00%  >100=100.00%  >1000=99.96%  >5000=96.80%  >10000=83.76%  >30000=33.29%  >50000=12.56%
[17/348] mat0016  cohort1 (mat<100, factor1)
  shape: K=590, V=512511, total=302,381,490, valid(non-zero)=297,926,125 (98.5%)
  [per-mat (post-CCM)] n=893,778,375  min=0  max=1.804e+05  mean=3.445e+04  median=2.893e+04  std=2.175e+04  geomean(>0)=2.888e+04
    quantiles: p    1=6331  p    5=1.025e+04  p   10=1.34e+04  p   25=2.016e+04  p   50=2.893e+04  p   75=4.227e+04  p   90=6.345e+04  p   95=7.855e+04  p   99=1.133e+05  p 99.9=1.462e+05
    above-thr: >10=100.00%  >100=100.00%  >1000=100.00%  >5000=99.60%  >10000=95.34%  >30000=47.25%  >50000=17.36%
[18/348] mat0017  cohort1 (mat<100, factor1)
  shape: K=590, V=456697, total=269,451,230, valid(non-zero)=265,531,883 (98.5%)
  [per-mat (post-CCM)] n=796,595,649  min=0  max=1.885e+05  mean=3.365e+04  median=2.664e+04  std=2.545e+04  geomean(>0)=2.651e+04
    quantiles: p    1=5376  p    5=8424  p   10=1.076e+04  p   25=1.679e+04  p   50=2.664e+04  p   75=4.181e+04  p   90=6.57e+04  p   95=8.563e+04  p   99=1.294e+05  p 99.9=1.801e+05
    above-thr: >10=100.00%  >100=100.00%  >1000=99.97%  >5000=99.24%  >10000=91.73%  >30000=42.79%  >50000=17.81%
[19/348] mat0018  cohort1 (mat<100, factor1)
  shape: K=590, V=331858, total=195,796,220, valid(non-zero)=194,107,023 (99.1%)
  [per-mat (post-CCM)] n=582,321,069  min=0  max=1.884e+05  mean=3.561e+04  median=2.936e+04  std=2.323e+04  geomean(>0)=2.933e+04
    quantiles: p    1=5119  p    5=1.006e+04  p   10=1.351e+04  p   25=2.009e+04  p   50=2.936e+04  p   75=4.44e+04  p   90=6.688e+04  p   95=8.212e+04  p   99=1.157e+05  p 99.9=1.552e+05
    above-thr: >10=100.00%  >100=100.00%  >1000=99.98%  >5000=99.05%  >10000=95.07%  >30000=48.49%  >50000=19.72%
[20/348] mat0019  cohort1 (mat<100, factor1)
  shape: K=590, V=479625, total=282,978,750, valid(non-zero)=277,280,819 (98.0%)
  [per-mat (post-CCM)] n=831,842,457  min=0  max=1.917e+05  mean=2.726e+04  median=2.074e+04  std=2.322e+04  geomean(>0)=2.032e+04
    quantiles: p    1=3065  p    5=5379  p   10=7401  p   25=1.237e+04  p   50=2.074e+04  p   75=3.37e+04  p   90=5.47e+04  p   95=7.286e+04  p   99=1.153e+05  p 99.9=1.801e+05
    above-thr: >10=100.00%  >100=100.00%  >1000=99.96%  >5000=95.81%  >10000=82.45%  >30000=30.32%  >50000=11.95%
[21/348] mat0020  cohort1 (mat<100, factor1)
  shape: K=591, V=545344, total=322,298,304, valid(non-zero)=314,504,885 (97.6%)
  [per-mat (post-CCM)] n=943,514,655  min=0  max=1.943e+05  mean=3.068e+04  median=2.48e+04  std=2.266e+04  geomean(>0)=2.387e+04
    quantiles: p    1=3697  p    5=6645  p   10=9094  p   25=1.502e+04  p   50=2.48e+04  p   75=3.948e+04  p   90=5.977e+04  p   95=7.529e+04  p   99=1.119e+05  p 99.9=1.604e+05
    above-thr: >10=99.99%  >100=99.99%  >1000=99.96%  >5000=97.59%  >10000=87.90%  >30000=39.25%  >50000=15.35%
[22/348] mat0021  cohort1 (mat<100, factor1)
  shape: K=591, V=307189, total=181,548,699, valid(non-zero)=176,516,647 (97.2%)
  [per-mat (post-CCM)] n=529,549,941  min=0  max=1.998e+05  mean=2.106e+04  median=1.635e+04  std=1.838e+04  geomean(>0)=1.4e+04
    quantiles: p    1=589.1  p    5=2094  p   10=3673  p   25=7733  p   50=1.635e+04  p   75=2.853e+04  p   90=4.434e+04  p   95=5.724e+04  p   99=8.871e+04  p 99.9=1.203e+05
    above-thr: >10=99.82%  >100=99.75%  >1000=98.04%  >5000=85.10%  >10000=67.71%  >30000=22.91%  >50000= 7.32%
[23/348] mat0022  cohort1 (mat<100, factor1)
  shape: K=591, V=730490, total=431,719,590, valid(non-zero)=423,197,755 (98.0%)
  [per-mat (post-CCM)] n=1,269,593,265  min=0  max=1.903e+05  mean=3.304e+04  median=2.936e+04  std=2.274e+04  geomean(>0)=2.419e+04
    quantiles: p    1=1047  p    5=3265  p   10=6423  p   25=1.715e+04  p   50=2.936e+04  p   75=4.4e+04  p   90=6.366e+04  p   95=7.652e+04  p   99=1.102e+05  p 99.9=1.408e+05
    above-thr: >10=99.85%  >100=99.81%  >1000=99.06%  >5000=92.00%  >10000=85.55%  >30000=48.68%  >50000=18.61%
[24/348] mat0024  cohort1 (mat<100, factor1)
  shape: K=591, V=283286, total=167,422,026, valid(non-zero)=164,224,571 (98.1%)
  [per-mat (post-CCM)] n=492,673,713  min=0  max=1.916e+05  mean=1.746e+04  median=1.26e+04  std=1.643e+04  geomean(>0)=1.183e+04
    quantiles: p    1=873.3  p    5=2223  p   10=3471  p   25=6739  p   50=1.26e+04  p   75=2.245e+04  p   90=3.72e+04  p   95=4.994e+04  p   99=7.955e+04  p 99.9=1.212e+05
    above-thr: >10=99.89%  >100=99.85%  >1000=98.75%  >5000=83.20%  >10000=60.21%  >30000=15.36%  >50000= 4.98%
[25/348] mat0025  cohort1 (mat<100, factor1)
  shape: K=591, V=349171, total=206,360,061, valid(non-zero)=200,161,074 (97.0%)
  [per-mat (post-CCM)] n=600,483,222  min=0  max=1.914e+05  mean=2.504e+04  median=2.048e+04  std=2.03e+04  geomean(>0)=1.747e+04
    quantiles: p    1=1076  p    5=2959  p   10=4757  p   25=1.02e+04  p   50=2.048e+04  p   75=3.361e+04  p   90=5.131e+04  p   95=6.524e+04  p   99=9.56e+04  p 99.9=1.385e+05
    above-thr: >10=99.95%  >100=99.92%  >1000=99.11%  >5000=89.30%  >10000=75.52%  >30000=30.40%  >50000=10.69%
[26/348] mat0026  cohort1 (mat<100, factor1)
  shape: K=591, V=287700, total=170,030,700, valid(non-zero)=167,129,201 (98.3%)
  [per-mat (post-CCM)] n=501,387,603  min=0  max=1.986e+05  mean=1.996e+04  median=1.299e+04  std=2.164e+04  geomean(>0)=1.224e+04
    quantiles: p    1=694.2  p    5=1904  p   10=3096  p   25=6493  p   50=1.299e+04  p   75=2.489e+04  p   90=4.544e+04  p   95=6.404e+04  p   99=1.054e+05  p 99.9=1.801e+05
    above-thr: >10=99.89%  >100=99.84%  >1000=98.22%  >5000=81.55%  >10000=60.44%  >30000=19.39%  >50000= 8.38%
[27/348] mat0027  cohort1 (mat<100, factor1)
  shape: K=591, V=347252, total=205,225,932, valid(non-zero)=201,848,402 (98.4%)
  [per-mat (post-CCM)] n=605,545,206  min=0  max=1.836e+05  mean=2.801e+04  median=2.284e+04  std=1.982e+04  geomean(>0)=2.222e+04
    quantiles: p    1=3550  p    5=6705  p   10=9004  p   25=1.424e+04  p   50=2.284e+04  p   75=3.594e+04  p   90=5.406e+04  p   95=6.828e+04  p   99=9.842e+04  p 99.9=1.349e+05
    above-thr: >10=100.00%  >100=100.00%  >1000=99.96%  >5000=97.60%  >10000=87.43%  >30000=34.22%  >50000=12.18%
[28/348] mat0028  cohort1 (mat<100, factor1)
  shape: K=591, V=277194, total=163,821,654, valid(non-zero)=159,463,004 (97.3%)
  [per-mat (post-CCM)] n=478,389,012  min=0  max=1.959e+05  mean=2.128e+04  median=1.469e+04  std=2.269e+04  geomean(>0)=1.21e+04
    quantiles: p    1=148.4  p    5=1077  p   10=2038  p   25=6185  p   50=1.469e+04  p   75=2.793e+04  p   90=4.806e+04  p   95=6.628e+04  p   99=1.087e+05  p 99.9=1.801e+05
    above-thr: >10=99.34%  >100=99.13%  >1000=95.40%  >5000=78.68%  >10000=63.17%  >30000=22.53%  >50000= 9.25%
[29/348] mat0029  cohort1 (mat<100, factor1)
  shape: K=591, V=239593, total=141,599,463, valid(non-zero)=139,457,371 (98.5%)
  [per-mat (post-CCM)] n=418,372,113  min=0  max=1.827e+05  mean=1.545e+04  median=1.157e+04  std=1.364e+04  geomean(>0)=1.051e+04
    quantiles: p    1=616.8  p    5=1831  p   10=2966  p   25=6032  p   50=1.157e+04  p   75=2.043e+04  p   90=3.294e+04  p   95=4.303e+04  p   99=6.549e+04  p 99.9=9.275e+04
    above-thr: >10=99.86%  >100=99.79%  >1000=97.99%  >5000=80.12%  >10000=56.44%  >30000=12.31%  >50000= 3.10%
[30/348] mat0030  cohort1 (mat<100, factor1)
  shape: K=589, V=64906, total=38,229,634, valid(non-zero)=37,208,090 (97.3%)
  [per-mat (post-CCM)] n=111,624,270  min=0  max=1.864e+05  mean=2923  median=1618  std=4260  geomean(>0)=1636
    quantiles: p    1=0  p    5=34.07  p   10=239.7  p   25=708.5  p   50=1618  p   75=3512  p   90=6931  p   95=1.003e+04  p   99=1.883e+04  p 99.9=4.444e+04
    above-thr: >10=95.41%  >100=93.66%  >1000=65.72%  >5000=16.22%  >10000= 5.03%  >30000= 0.27%  >50000= 0.07%
[31/348] mat0031  cohort1 (mat<100, factor1)
  shape: K=589, V=249535, total=146,976,115, valid(non-zero)=144,392,705 (98.2%)
  [per-mat (post-CCM)] n=433,178,115  min=0  max=1.847e+05  mean=1.152e+04  median=8078  std=1.08e+04  geomean(>0)=7829
    quantiles: p    1=708.1  p    5=1658  p   10=2415  p   25=4296  p   50=8078  p   75=1.49e+04  p   90=2.525e+04  p   95=3.343e+04  p   99=5.28e+04  p 99.9=7.554e+04
    above-thr: >10=99.91%  >100=99.86%  >1000=98.11%  >5000=69.55%  >10000=40.91%  >30000= 6.67%  >50000= 1.27%
[32/348] mat0032  cohort1 (mat<100, factor1)
  shape: K=589, V=243506, total=143,425,034, valid(non-zero)=141,053,523 (98.3%)
  [per-mat (post-CCM)] n=423,160,569  min=0  max=1.85e+05  mean=7522  median=4832  std=9322  geomean(>0)=4552
    quantiles: p    1=8.416  p    5=636.7  p   10=1114  p   25=2392  p   50=4832  p   75=9030  p   90=1.622e+04  p   95=2.35e+04  p   99=4.609e+04  p 99.9=9.004e+04
    above-thr: >10=99.00%  >100=98.61%  >1000=91.28%  >5000=48.57%  >10000=21.66%  >30000= 3.00%  >50000= 0.78%
[33/348] mat0033  cohort1 (mat<100, factor1)
  shape: K=589, V=505859, total=297,950,951, valid(non-zero)=292,794,452 (98.3%)
  [per-mat (post-CCM)] n=878,383,356  min=0  max=1.808e+05  mean=3.55e+04  median=3.129e+04  std=2.336e+04  geomean(>0)=2.718e+04
    quantiles: p    1=1425  p    5=4809  p   10=9918  p   25=1.93e+04  p   50=3.129e+04  p   75=4.656e+04  p   90=6.661e+04  p   95=7.889e+04  p   99=1.145e+05  p 99.9=1.487e+05
    above-thr: >10=99.98%  >100=99.96%  >1000=99.45%  >5000=94.83%  >10000=89.90%  >30000=52.67%  >50000=21.33%
[34/348] mat0034  cohort1 (mat<100, factor1)
  shape: K=589, V=361433, total=212,884,037, valid(non-zero)=209,755,510 (98.5%)
  [per-mat (post-CCM)] n=629,266,530  min=0  max=1.829e+05  mean=2.788e+04  median=2.248e+04  std=2.207e+04  geomean(>0)=1.975e+04
    quantiles: p    1=483.2  p    5=3108  p   10=5668  p   25=1.199e+04  p   50=2.248e+04  p   75=3.77e+04  p   90=5.756e+04  p   95=7.178e+04  p   99=1.055e+05  p 99.9=1.427e+05
    above-thr: >10=99.43%  >100=99.36%  >1000=98.39%  >5000=91.38%  >10000=79.92%  >30000=35.74%  >50000=14.07%
[35/348] mat0035  cohort1 (mat<100, factor1)
  shape: K=589, V=381011, total=224,415,479, valid(non-zero)=220,314,415 (98.2%)
  [per-mat (post-CCM)] n=660,943,245  min=0  max=1.962e+05  mean=2.712e+04  median=2.159e+04  std=2.098e+04  geomean(>0)=2.013e+04
    quantiles: p    1=2133  p    5=4626  p   10=6778  p   25=1.22e+04  p   50=2.159e+04  p   75=3.593e+04  p   90=5.504e+04  p   95=6.924e+04  p   99=1.013e+05  p 99.9=1.413e+05
    above-thr: >10=99.99%  >100=99.99%  >1000=99.81%  >5000=94.21%  >10000=81.25%  >30000=33.32%  >50000=12.69%
[36/348] mat0036  cohort1 (mat<100, factor1)
  shape: K=589, V=334468, total=197,001,652, valid(non-zero)=193,501,579 (98.2%)
  [per-mat (post-CCM)] n=580,504,737  min=0  max=1.953e+05  mean=1.767e+04  median=1.17e+04  std=1.8e+04  geomean(>0)=1.207e+04
    quantiles: p    1=1545  p    5=2961  p   10=4102  p   25=6789  p   50=1.17e+04  p   75=2.137e+04  p   90=3.864e+04  p   95=5.443e+04  p   99=8.907e+04  p 99.9=1.454e+05
    above-thr: >10=99.99%  >100=99.98%  >1000=99.65%  >5000=85.36%  >10000=57.53%  >30000=15.33%  >50000= 6.03%
[37/348] mat0037  cohort1 (mat<100, factor1)
  shape: K=589, V=408305, total=240,491,645, valid(non-zero)=237,469,722 (98.7%)
  [per-mat (post-CCM)] n=712,409,166  min=0  max=1.911e+05  mean=1.987e+04  median=1.307e+04  std=2.163e+04  geomean(>0)=1.14e+04
    quantiles: p    1=579.7  p    5=1471  p   10=2288  p   25=5336  p   50=1.307e+04  p   75=2.595e+04  p   90=4.647e+04  p   95=6.509e+04  p   99=1.051e+05  p 99.9=1.801e+05
    above-thr: >10=99.88%  >100=99.81%  >1000=97.44%  >5000=76.39%  >10000=58.82%  >30000=20.50%  >50000= 8.71%
[38/348] mat0038  cohort1 (mat<100, factor1)
  shape: K=589, V=477329, total=281,146,781, valid(non-zero)=276,521,842 (98.4%)
  [per-mat (post-CCM)] n=829,565,526  min=0  max=1.813e+05  mean=2.345e+04  median=1.883e+04  std=1.804e+04  geomean(>0)=1.72e+04
    quantiles: p    1=1242  p    5=3595  p   10=5649  p   25=1.067e+04  p   50=1.883e+04  p   75=3.11e+04  p   90=4.731e+04  p   95=6.043e+04  p   99=8.34e+04  p 99.9=1.165e+05
    above-thr: >10=99.91%  >100=99.88%  >1000=99.26%  >5000=91.69%  >10000=77.12%  >30000=26.64%  >50000= 8.66%
[39/348] mat0039  cohort1 (mat<100, factor1)
  shape: K=589, V=217419, total=128,059,791, valid(non-zero)=125,631,150 (98.1%)
  [per-mat (post-CCM)] n=376,893,450  min=0  max=1.922e+05  mean=2.405e+04  median=1.405e+04  std=2.768e+04  geomean(>0)=1.404e+04
    quantiles: p    1=875.2  p    5=2348  p   10=3557  p   25=6960  p   50=1.405e+04  p   75=2.942e+04  p   90=6.073e+04  p   95=7.92e+04  p   99=1.359e+05  p 99.9=1.801e+05
    above-thr: >10=99.93%  >100=99.89%  >1000=98.74%  >5000=83.61%  >10000=62.82%  >30000=24.48%  >50000=13.23%
[40/348] mat0040  cohort1 (mat<100, factor1)
  shape: K=593, V=280709, total=166,460,437, valid(non-zero)=162,686,755 (97.7%)
  [per-mat (post-CCM)] n=488,060,265  min=0  max=1.944e+05  mean=2.659e+04  median=1.983e+04  std=2.233e+04  geomean(>0)=1.909e+04
    quantiles: p    1=1898  p    5=4375  p   10=6360  p   25=1.114e+04  p   50=1.983e+04  p   75=3.494e+04  p   90=5.694e+04  p   95=7.201e+04  p   99=1.066e+05  p 99.9=1.612e+05
    above-thr: >10=99.98%  >100=99.97%  >1000=99.70%  >5000=93.57%  >10000=78.69%  >30000=31.10%  >50000=13.26%
[41/348] mat0041  cohort1 (mat<100, factor1)
  shape: K=593, V=119484, total=70,854,012, valid(non-zero)=69,905,751 (98.7%)
  [per-mat (post-CCM)] n=209,717,253  min=0  max=1.911e+05  mean=1.642e+04  median=1.325e+04  std=1.688e+04  geomean(>0)=1.059e+04
    quantiles: p    1=0  p    5=0  p   10=0  p   25=1249  p   50=1.325e+04  p   75=2.402e+04  p   90=3.856e+04  p   95=4.978e+04  p   99=7.186e+04  p 99.9=1.079e+05
    above-thr: >10=84.40%  >100=83.47%  >1000=76.36%  >5000=67.57%  >10000=59.21%  >30000=17.18%  >50000= 4.93%
[42/348] mat0042  cohort1 (mat<100, factor1)
  shape: K=593, V=347563, total=206,104,859, valid(non-zero)=202,389,872 (98.2%)
  [per-mat (post-CCM)] n=607,169,616  min=0  max=1.984e+05  mean=2.491e+04  median=1.851e+04  std=2.362e+04  geomean(>0)=1.511e+04
    quantiles: p    1=280.3  p    5=1475  p   10=2978  p   25=8024  p   50=1.851e+04  p   75=3.411e+04  p   90=5.512e+04  p   95=7.06e+04  p   99=1.111e+05  p 99.9=1.801e+05
    above-thr: >10=99.55%  >100=99.39%  >1000=96.72%  >5000=83.93%  >10000=69.50%  >30000=30.22%  >50000=12.35%
[43/348] mat0043  cohort1 (mat<100, factor1)
  shape: K=593, V=399564, total=236,941,452, valid(non-zero)=234,358,447 (98.9%)
  [per-mat (post-CCM)] n=703,075,341  min=0  max=2.014e+05  mean=2.141e+04  median=1.547e+04  std=1.973e+04  geomean(>0)=1.444e+04
    quantiles: p    1=1092  p    5=2619  p   10=4190  p   25=8123  p   50=1.547e+04  p   75=2.786e+04  p   90=4.616e+04  p   95=6.189e+04  p   99=9.65e+04  p 99.9=1.345e+05
    above-thr: >10=99.97%  >100=99.95%  >1000=99.16%  >5000=87.21%  >10000=67.76%  >30000=22.26%  >50000= 8.39%
[44/348] mat0044  cohort1 (mat<100, factor1)
  shape: K=593, V=509935, total=302,391,455, valid(non-zero)=298,988,565 (98.9%)
  [per-mat (post-CCM)] n=896,965,695  min=0  max=1.876e+05  mean=3.158e+04  median=2.69e+04  std=2.285e+04  geomean(>0)=2.334e+04
    quantiles: p    1=1353  p    5=3909  p   10=7044  p   25=1.57e+04  p   50=2.69e+04  p   75=4.16e+04  p   90=6.223e+04  p   95=7.54e+04  p   99=1.136e+05  p 99.9=1.486e+05
    above-thr: >10=99.89%  >100=99.86%  >1000=99.33%  >5000=93.15%  >10000=85.58%  >30000=43.36%  >50000=17.01%
[45/348] mat0045  cohort1 (mat<100, factor1)
  shape: K=593, V=329609, total=195,458,137, valid(non-zero)=191,777,173 (98.1%)
  [per-mat (post-CCM)] n=575,331,519  min=0  max=1.88e+05  mean=3.534e+04  median=3.026e+04  std=2.301e+04  geomean(>0)=2.83e+04
    quantiles: p    1=2998  p    5=7331  p   10=1.141e+04  p   25=1.978e+04  p   50=3.026e+04  p   75=4.53e+04  p   90=6.596e+04  p   95=7.922e+04  p   99=1.154e+05  p 99.9=1.526e+05
    above-thr: >10=100.00%  >100=99.99%  >1000=99.92%  >5000=97.34%  >10000=91.88%  >30000=50.60%  >50000=20.25%
[46/348] mat0046  cohort1 (mat<100, factor1)
  shape: K=593, V=483678, total=286,821,054, valid(non-zero)=281,815,505 (98.3%)
  [per-mat (post-CCM)] n=845,446,515  min=0  max=1.922e+05  mean=2.128e+04  median=1.658e+04  std=1.767e+04  geomean(>0)=1.553e+04
    quantiles: p    1=1863  p    5=3506  p   10=4937  p   25=9419  p   50=1.658e+04  p   75=2.723e+04  p   90=4.34e+04  p   95=5.702e+04  p   99=8.64e+04  p 99.9=1.234e+05
    above-thr: >10=99.99%  >100=99.99%  >1000=99.79%  >5000=89.77%  >10000=73.06%  >30000=21.10%  >50000= 7.14%
[47/348] mat0047  cohort1 (mat<100, factor1)
  shape: K=593, V=448409, total=265,906,537, valid(non-zero)=262,291,909 (98.6%)
  [per-mat (post-CCM)] n=786,875,727  min=0  max=1.868e+05  mean=3.619e+04  median=2.968e+04  std=2.555e+04  geomean(>0)=2.804e+04
    quantiles: p    1=2476  p    5=6885  p   10=1.104e+04  p   25=1.876e+04  p   50=2.968e+04  p   75=4.681e+04  p   90=6.995e+04  p   95=8.649e+04  p   99=1.196e+05  p 99.9=1.753e+05
    above-thr: >10=99.99%  >100=99.99%  >1000=99.86%  >5000=96.73%  >10000=91.48%  >30000=49.36%  >50000=22.13%
[48/348] mat0048  cohort1 (mat<100, factor1)
  shape: K=593, V=400715, total=237,623,995, valid(non-zero)=232,865,727 (98.0%)
  [per-mat (post-CCM)] n=698,597,181  min=0  max=1.844e+05  mean=2.301e+04  median=1.896e+04  std=1.613e+04  geomean(>0)=1.833e+04
    quantiles: p    1=3130  p    5=5572  p   10=7392  p   25=1.183e+04  p   50=1.896e+04  p   75=2.912e+04  p   90=4.401e+04  p   95=5.705e+04  p   99=7.95e+04  p 99.9=1.025e+05
    above-thr: >10=100.00%  >100=100.00%  >1000=99.92%  >5000=96.27%  >10000=81.39%  >30000=23.57%  >50000= 7.25%
[49/348] mat0049  cohort1 (mat<100, factor1)
  shape: K=593, V=582871, total=345,642,503, valid(non-zero)=338,899,643 (98.0%)
  [per-mat (post-CCM)] n=1,016,698,929  min=0  max=1.896e+05  mean=2.953e+04  median=2.498e+04  std=2.151e+04  geomean(>0)=2.224e+04
    quantiles: p    1=1956  p    5=4243  p   10=7133  p   25=1.482e+04  p   50=2.498e+04  p   75=3.829e+04  p   90=5.72e+04  p   95=7.119e+04  p   99=1.094e+05  p 99.9=1.441e+05
    above-thr: >10=99.99%  >100=99.99%  >1000=99.83%  >5000=93.62%  >10000=85.04%  >30000=38.71%  >50000=13.97%
[50/348] mat0050  cohort1 (mat<100, factor1)
  shape: K=590, V=98280, total=57,985,200, valid(non-zero)=57,132,070 (98.5%)
  [per-mat (post-CCM)] n=171,396,210  min=0  max=1.82e+05  mean=2.928e+04  median=2.448e+04  std=2.295e+04  geomean(>0)=2.106e+04
    quantiles: p    1=1526  p    5=3503  p   10=5801  p   25=1.349e+04  p   50=2.448e+04  p   75=3.824e+04  p   90=5.802e+04  p   95=7.25e+04  p   99=1.146e+05  p 99.9=1.801e+05
    above-thr: >10=99.99%  >100=99.98%  >1000=99.60%  >5000=91.70%  >10000=81.93%  >30000=38.17%  >50000=14.22%
[51/348] mat0051  cohort1 (mat<100, factor1)
  shape: K=590, V=432162, total=254,975,580, valid(non-zero)=249,463,596 (97.8%)
  [per-mat (post-CCM)] n=748,390,788  min=0  max=1.888e+05  mean=2.963e+04  median=2.359e+04  std=2.283e+04  geomean(>0)=2.205e+04
    quantiles: p    1=2013  p    5=5014  p   10=7613  p   25=1.374e+04  p   50=2.359e+04  p   75=3.887e+04  p   90=6.037e+04  p   95=7.481e+04  p   99=1.096e+05  p 99.9=1.671e+05
    above-thr: >10=100.00%  >100=100.00%  >1000=99.82%  >5000=95.02%  >10000=84.52%  >30000=37.37%  >50000=15.41%
[52/348] mat0052  cohort1 (mat<100, factor1)
  shape: K=590, V=376320, total=222,028,800, valid(non-zero)=218,364,434 (98.3%)
  [per-mat (post-CCM)] n=655,093,302  min=0  max=1.93e+05  mean=2.143e+04  median=1.528e+04  std=1.917e+04  geomean(>0)=1.53e+04
    quantiles: p    1=2155  p    5=3866  p   10=5231  p   25=8598  p   50=1.528e+04  p   75=2.759e+04  p   90=4.612e+04  p   95=6.108e+04  p   99=9.145e+04  p 99.9=1.41e+05
    above-thr: >10=100.00%  >100=100.00%  >1000=99.91%  >5000=90.93%  >10000=68.94%  >30000=22.05%  >50000= 8.34%
[53/348] mat0053  cohort1 (mat<100, factor1)
  shape: K=590, V=343450, total=202,635,500, valid(non-zero)=199,209,294 (98.3%)
  [per-mat (post-CCM)] n=597,627,882  min=0  max=1.856e+05  mean=2.97e+04  median=2.422e+04  std=2.14e+04  geomean(>0)=2.328e+04
    quantiles: p    1=3450  p    5=6380  p   10=8903  p   25=1.505e+04  p   50=2.422e+04  p   75=3.803e+04  p   90=5.818e+04  p   95=7.264e+04  p   99=1.062e+05  p 99.9=1.53e+05
    above-thr: >10=100.00%  >100=100.00%  >1000=99.98%  >5000=97.23%  >10000=87.59%  >30000=37.34%  >50000=14.26%
[54/348] mat0054  cohort1 (mat<100, factor1)
  shape: K=590, V=250092, total=147,554,280, valid(non-zero)=143,598,404 (97.3%)
  [per-mat (post-CCM)] n=430,795,212  min=0  max=2.132e+05  mean=1.342e+04  median=6301  std=1.935e+04  geomean(>0)=6029
    quantiles: p    1=179  p    5=649.4  p   10=1010  p   25=2201  p   50=6301  p   75=1.649e+04  p   90=3.332e+04  p   95=5.093e+04  p   99=9.733e+04  p 99.9=1.586e+05
    above-thr: >10=99.53%  >100=99.29%  >1000=90.15%  >5000=55.66%  >10000=38.23%  >30000=11.71%  >50000= 5.17%
[55/348] mat0055  cohort1 (mat<100, factor1)
  shape: K=590, V=273114, total=161,137,260, valid(non-zero)=157,633,825 (97.8%)
  [per-mat (post-CCM)] n=472,901,475  min=0  max=2.069e+05  mean=1.51e+04  median=1.08e+04  std=1.525e+04  geomean(>0)=8603
    quantiles: p    1=301.3  p    5=877.8  p   10=1445  p   25=3959  p   50=1.08e+04  p   75=2.083e+04  p   90=3.44e+04  p   95=4.505e+04  p   99=7.215e+04  p 99.9=1.036e+05
    above-thr: >10=99.74%  >100=99.60%  >1000=93.92%  >5000=70.84%  >10000=52.72%  >30000=13.39%  >50000= 3.65%
[56/348] mat0056  cohort1 (mat<100, factor1)
  shape: K=590, V=150249, total=88,646,910, valid(non-zero)=87,019,077 (98.2%)
  [per-mat (post-CCM)] n=261,057,231  min=0  max=2.165e+05  mean=9721  median=3866  std=1.317e+04  geomean(>0)=4332
    quantiles: p    1=0  p    5=108.7  p   10=495.3  p   25=1497  p   50=3866  p   75=1.377e+04  p   90=2.636e+04  p   95=3.66e+04  p   99=6.185e+04  p 99.9=8.963e+04
    above-thr: >10=96.16%  >100=95.11%  >1000=82.55%  >5000=44.04%  >10000=31.39%  >30000= 7.77%  >50000= 2.15%
[57/348] mat0057  cohort1 (mat<100, factor1)
  shape: K=590, V=64451, total=38,026,090, valid(non-zero)=37,426,800 (98.4%)
  [per-mat (post-CCM)] n=112,280,400  min=0  max=2.213e+05  mean=1.427e+04  median=2297  std=2.307e+04  geomean(>0)=6067
    quantiles: p    1=0  p    5=0  p   10=0  p   25=36.17  p   50=2297  p   75=2.184e+04  p   90=4.492e+04  p   95=6.393e+04  p   99=1.027e+05  p 99.9=1.44e+05
    above-thr: >10=75.28%  >100=74.31%  >1000=63.31%  >5000=39.25%  >10000=34.03%  >30000=17.97%  >50000= 8.30%
[58/348] mat0058  cohort1 (mat<100, factor1)
  shape: K=590, V=24322, total=14,349,980, valid(non-zero)=14,122,157 (98.4%)
  [per-mat (post-CCM)] n=42,366,471  min=0  max=2.182e+05  mean=1.029e+04  median=1655  std=1.699e+04  geomean(>0)=4694
    quantiles: p    1=0  p    5=0  p   10=0  p   25=0  p   50=1655  p   75=1.485e+04  p   90=3.285e+04  p   95=4.721e+04  p   99=7.51e+04  p 99.9=1.087e+05
    above-thr: >10=71.28%  >100=69.70%  >1000=56.48%  >5000=37.06%  >10000=30.40%  >30000=11.58%  >50000= 4.36%
[59/348] mat0059  cohort1 (mat<100, factor1)
  shape: K=590, V=18567, total=10,954,530, valid(non-zero)=10,675,896 (97.5%)
  [per-mat (post-CCM)] n=32,027,688  min=0  max=2.095e+05  mean=6722  median=1960  std=1.083e+04  geomean(>0)=2699
    quantiles: p    1=0  p    5=0  p   10=0  p   25=287.3  p   50=1960  p   75=8563  p   90=2.009e+04  p   95=2.972e+04  p   99=4.962e+04  p 99.9=7.828e+04
    above-thr: >10=83.63%  >100=80.42%  >1000=60.81%  >5000=34.41%  >10000=22.17%  >30000= 4.90%  >50000= 0.97%
[60/348] mat0060  cohort1 (mat<100, factor1)
  shape: K=592, V=58700, total=34,750,400, valid(non-zero)=34,016,316 (97.9%)
  [per-mat (post-CCM)] n=102,048,948  min=0  max=2.046e+05  mean=6527  median=3196  std=8486  geomean(>0)=3223
    quantiles: p    1=0  p    5=304.3  p   10=579  p   25=1307  p   50=3196  p   75=8683  p   90=1.636e+04  p   95=2.346e+04  p   99=3.996e+04  p 99.9=6.516e+04
    above-thr: >10=98.67%  >100=97.80%  >1000=81.21%  >5000=38.73%  >10000=21.29%  >30000= 2.77%  >50000= 0.32%
[61/348] mat0061  cohort1 (mat<100, factor1)
  shape: K=592, V=256150, total=151,640,800, valid(non-zero)=150,367,911 (99.2%)
  [per-mat (post-CCM)] n=451,103,733  min=0  max=1.852e+05  mean=1.053e+04  median=6886  std=1.103e+04  geomean(>0)=6777
    quantiles: p    1=731.5  p    5=1382  p   10=1917  p   25=3451  p   50=6886  p   75=1.347e+04  p   90=2.374e+04  p   95=3.24e+04  p   99=5.336e+04  p 99.9=8.527e+04
    above-thr: >10=99.97%  >100=99.95%  >1000=97.72%  >5000=62.20%  >10000=35.60%  >30000= 6.04%  >50000= 1.29%
[62/348] mat0062  cohort1 (mat<100, factor1)
  shape: K=592, V=293010, total=173,461,920, valid(non-zero)=169,593,364 (97.8%)
  [per-mat (post-CCM)] n=508,780,092  min=0  max=1.876e+05  mean=1.211e+04  median=9407  std=1.084e+04  geomean(>0)=8128
    quantiles: p    1=570.6  p    5=1352  p   10=2090  p   25=4421  p   50=9407  p   75=1.63e+04  p   90=2.508e+04  p   95=3.264e+04  p   99=5.195e+04  p 99.9=8.246e+04
    above-thr: >10=99.93%  >100=99.88%  >1000=97.09%  >5000=71.67%  >10000=47.44%  >30000= 6.32%  >50000= 1.17%
[63/348] mat0063  cohort1 (mat<100, factor1)
  shape: K=592, V=21170, total=12,532,640, valid(non-zero)=12,240,644 (97.7%)
  [per-mat (post-CCM)] n=36,721,932  min=0  max=1.824e+05  mean=5003  median=3223  std=5772  geomean(>0)=3102
    quantiles: p    1=142  p    5=526.2  p   10=799.1  p   25=1577  p   50=3223  p   75=6437  p   90=1.133e+04  p   95=1.524e+04  p   99=2.491e+04  p 99.9=5.766e+04
    above-thr: >10=99.52%  >100=99.23%  >1000=86.01%  >5000=33.59%  >10000=12.70%  >30000= 0.53%  >50000= 0.14%
[64/348] mat0064  cohort1 (mat<100, factor1)
  shape: K=592, V=108046, total=63,963,232, valid(non-zero)=63,296,448 (99.0%)
  [per-mat (post-CCM)] n=189,889,344  min=0  max=1.806e+05  mean=1.438e+04  median=9031  std=1.693e+04  geomean(>0)=1.075e+04
    quantiles: p    1=0  p    5=0  p   10=0  p   25=624.4  p   50=9031  p   75=2.124e+04  p   90=3.688e+04  p   95=4.919e+04  p   99=7.577e+04  p 99.9=9.852e+04
    above-thr: >10=77.81%  >100=77.35%  >1000=73.63%  >5000=61.13%  >10000=47.64%  >30000=15.07%  >50000= 4.79%
[65/348] mat0065  cohort1 (mat<100, factor1)
  shape: K=592, V=296441, total=175,493,072, valid(non-zero)=173,973,516 (99.1%)
  [per-mat (post-CCM)] n=521,920,548  min=0  max=1.963e+05  mean=1.6e+04  median=1.19e+04  std=1.477e+04  geomean(>0)=1.009e+04
    quantiles: p    1=282.9  p    5=1197  p   10=2202  p   25=5507  p   50=1.19e+04  p   75=2.175e+04  p   90=3.487e+04  p   95=4.55e+04  p   99=7.056e+04  p 99.9=9.256e+04
    above-thr: >10=99.63%  >100=99.46%  >1000=95.99%  >5000=77.24%  >10000=56.77%  >30000=13.97%  >50000= 3.77%
[66/348] mat0066  cohort1 (mat<100, factor1)
  shape: K=592, V=36252, total=21,461,184, valid(non-zero)=21,259,920 (99.1%)
  [per-mat (post-CCM)] n=63,779,760  min=0  max=1.816e+05  mean=7784  median=4788  std=9538  geomean(>0)=4506
    quantiles: p    1=0  p    5=0  p   10=0  p   25=1378  p   50=4788  p   75=1.061e+04  p   90=1.905e+04  p   95=2.633e+04  p   99=4.408e+04  p 99.9=7.556e+04
    above-thr: >10=89.68%  >100=88.33%  >1000=78.35%  >5000=48.76%  >10000=26.84%  >30000= 3.58%  >50000= 0.58%
[67/348] mat0067  cohort1 (mat<100, factor1)
  shape: K=592, V=65970, total=39,054,240, valid(non-zero)=38,508,648 (98.6%)
  [per-mat (post-CCM)] n=115,525,944  min=0  max=1.801e+05  mean=8365  median=6020  std=7640  geomean(>0)=5846
    quantiles: p    1=658.5  p    5=1344  p   10=1878  p   25=3256  p   50=6020  p   75=1.085e+04  p   90=1.788e+04  p   95=2.355e+04  p   99=3.69e+04  p 99.9=5.655e+04
    above-thr: >10=99.99%  >100=99.97%  >1000=97.38%  >5000=58.16%  >10000=28.10%  >30000= 2.32%  >50000= 0.21%
[68/348] mat0068  cohort1 (mat<100, factor1)
  shape: K=592, V=311041, total=184,136,272, valid(non-zero)=182,556,814 (99.1%)
  [per-mat (post-CCM)] n=547,670,442  min=0  max=1.815e+05  mean=1.192e+04  median=8944  std=1.098e+04  geomean(>0)=7762
    quantiles: p    1=589.2  p    5=1250  p   10=1873  p   25=3990  p   50=8944  p   75=1.617e+04  p   90=2.576e+04  p   95=3.364e+04  p   99=5.208e+04  p 99.9=7.655e+04
    above-thr: >10=99.96%  >100=99.92%  >1000=96.80%  >5000=69.14%  >10000=45.49%  >30000= 6.86%  >50000= 1.21%
[69/348] mat0069  cohort1 (mat<100, factor1)
  shape: K=592, V=130204, total=77,080,768, valid(non-zero)=76,384,323 (99.1%)
  [per-mat (post-CCM)] n=229,152,969  min=0  max=1.802e+05  mean=6874  median=5130  std=6195  geomean(>0)=4862
    quantiles: p    1=304.8  p    5=1006  p   10=1597  p   25=2959  p   50=5130  p   75=8748  p   90=1.413e+04  p   95=1.862e+04  p   99=3.015e+04  p 99.9=5.154e+04
    above-thr: >10=99.79%  >100=99.63%  >1000=95.04%  >5000=51.31%  >10000=20.03%  >30000= 1.02%  >50000= 0.11%
[70/348] mat0070  cohort1 (mat<100, factor1)
  shape: K=589, V=293332, total=172,772,548, valid(non-zero)=169,287,385 (98.0%)
  [per-mat (post-CCM)] n=507,862,155  min=0  max=1.838e+05  mean=1.048e+04  median=7513  std=9892  geomean(>0)=6700
    quantiles: p    1=335.6  p    5=1013  p   10=1647  p   25=3537  p   50=7513  p   75=1.415e+04  p   90=2.308e+04  p   95=3.028e+04  p   99=4.748e+04  p 99.9=6.623e+04
    above-thr: >10=99.83%  >100=99.68%  >1000=95.09%  >5000=64.79%  >10000=38.59%  >30000= 5.13%  >50000= 0.77%
[71/348] mat0071  cohort1 (mat<100, factor1)
  shape: K=589, V=292348, total=172,192,972, valid(non-zero)=168,331,028 (97.8%)
  [per-mat (post-CCM)] n=504,993,084  min=0  max=1.812e+05  mean=1.363e+04  median=9196  std=1.36e+04  geomean(>0)=8993
    quantiles: p    1=1012  p    5=1886  p   10=2635  p   25=4686  p   50=9196  p   75=1.737e+04  p   90=3.045e+04  p   95=4.188e+04  p   99=6.713e+04  p 99.9=9.111e+04
    above-thr: >10=99.99%  >100=99.99%  >1000=99.03%  >5000=72.87%  >10000=46.59%  >30000=10.28%  >50000= 3.04%
[72/348] mat0072  cohort1 (mat<100, factor1)
  shape: K=589, V=311369, total=183,396,341, valid(non-zero)=179,890,279 (98.1%)
  [per-mat (post-CCM)] n=539,670,837  min=0  max=1.845e+05  mean=1.62e+04  median=1.093e+04  std=1.567e+04  geomean(>0)=1.109e+04
    quantiles: p    1=1499  p    5=2658  p   10=3604  p   25=5966  p   50=1.093e+04  p   75=2.061e+04  p   90=3.595e+04  p   95=4.839e+04  p   99=7.585e+04  p 99.9=1.151e+05
    above-thr: >10=100.00%  >100=100.00%  >1000=99.72%  >5000=81.18%  >10000=53.81%  >30000=14.03%  >50000= 4.58%
[73/348] mat0073  cohort1 (mat<100, factor1)
  shape: K=589, V=248778, total=146,530,242, valid(non-zero)=142,905,492 (97.5%)
  [per-mat (post-CCM)] n=428,716,476  min=0  max=1.817e+05  mean=1.801e+04  median=1.376e+04  std=1.512e+04  geomean(>0)=1.29e+04
    quantiles: p    1=1402  p    5=2900  p   10=4131  p   25=7345  p   50=1.376e+04  p   75=2.379e+04  p   90=3.724e+04  p   95=4.861e+04  p   99=7.39e+04  p 99.9=9.945e+04
    above-thr: >10=99.99%  >100=99.98%  >1000=99.54%  >5000=85.99%  >10000=63.74%  >30000=16.19%  >50000= 4.61%
[74/348] mat0074  cohort1 (mat<100, factor1)
  shape: K=589, V=294258, total=173,317,962, valid(non-zero)=170,785,486 (98.5%)
  [per-mat (post-CCM)] n=512,356,458  min=0  max=1.824e+05  mean=1.391e+04  median=1.003e+04  std=1.299e+04  geomean(>0)=9134
    quantiles: p    1=836.3  p    5=1641  p   10=2386  p   25=4678  p   50=1.003e+04  p   75=1.868e+04  p   90=3.042e+04  p   95=4.046e+04  p   99=6.23e+04  p 99.9=8.34e+04
    above-thr: >10=99.98%  >100=99.97%  >1000=98.42%  >5000=73.11%  >10000=50.10%  >30000=10.31%  >50000= 2.59%
[75/348] mat0075  cohort1 (mat<100, factor1)
  shape: K=589, V=291828, total=171,886,692, valid(non-zero)=168,926,600 (98.3%)
  [per-mat (post-CCM)] n=506,779,800  min=0  max=1.81e+05  mean=1.288e+04  median=9467  std=1.168e+04  geomean(>0)=8506
    quantiles: p    1=478.2  p    5=1448  p   10=2251  p   25=4502  p   50=9467  p   75=1.748e+04  p   90=2.792e+04  p   95=3.646e+04  p   99=5.585e+04  p 99.9=7.501e+04
    above-thr: >10=99.79%  >100=99.69%  >1000=97.23%  >5000=71.99%  >10000=47.85%  >30000= 8.40%  >50000= 1.69%
[76/348] mat0076  cohort1 (mat<100, factor1)
  shape: K=589, V=143111, total=84,292,379, valid(non-zero)=82,847,918 (98.3%)
  [per-mat (post-CCM)] n=248,543,754  min=0  max=1.823e+05  mean=2.136e+04  median=1.672e+04  std=1.662e+04  geomean(>0)=1.639e+04
    quantiles: p    1=2432  p    5=4622  p   10=6310  p   25=1.023e+04  p   50=1.672e+04  p   75=2.688e+04  p   90=4.27e+04  p   95=5.557e+04  p   99=8.292e+04  p 99.9=1.14e+05
    above-thr: >10=100.00%  >100=99.99%  >1000=99.91%  >5000=94.00%  >10000=75.97%  >30000=20.60%  >50000= 6.75%
[77/348] mat0077  cohort1 (mat<100, factor1)
  shape: K=589, V=104832, total=61,746,048, valid(non-zero)=60,604,982 (98.2%)
  [per-mat (post-CCM)] n=181,814,946  min=0  max=1.813e+05  mean=1.229e+04  median=8922  std=1.083e+04  geomean(>0)=8837
    quantiles: p    1=1267  p    5=2217  p   10=3009  p   25=5002  p   50=8922  p   75=1.586e+04  p   90=2.587e+04  p   95=3.43e+04  p   99=5.308e+04  p 99.9=7.646e+04
    above-thr: >10=100.00%  >100=100.00%  >1000=99.55%  >5000=75.02%  >10000=44.66%  >30000= 7.07%  >50000= 1.33%
[78/348] mat0078  cohort1 (mat<100, factor1)
  shape: K=589, V=280790, total=165,385,310, valid(non-zero)=161,989,203 (97.9%)
  [per-mat (post-CCM)] n=485,967,609  min=0  max=1.832e+05  mean=1.344e+04  median=9952  std=1.244e+04  geomean(>0)=8458
    quantiles: p    1=197.2  p    5=1013  p   10=1901  p   25=4486  p   50=9952  p   75=1.843e+04  p   90=2.924e+04  p   95=3.822e+04  p   99=5.965e+04  p 99.9=7.942e+04
    above-thr: >10=99.54%  >100=99.31%  >1000=95.07%  >5000=72.25%  >10000=49.81%  >30000= 9.40%  >50000= 2.15%
[79/348] mat0079  cohort1 (mat<100, factor1)
  shape: K=589, V=299043, total=176,136,327, valid(non-zero)=173,254,091 (98.4%)
  [per-mat (post-CCM)] n=519,762,273  min=0  max=1.863e+05  mean=1.7e+04  median=1.288e+04  std=1.493e+04  geomean(>0)=1.151e+04
    quantiles: p    1=379.6  p    5=1809  p   10=3220  p   25=6734  p   50=1.288e+04  p   75=2.248e+04  p   90=3.602e+04  p   95=4.699e+04  p   99=7.179e+04  p 99.9=1.013e+05
    above-thr: >10=99.66%  >100=99.53%  >1000=97.41%  >5000=82.62%  >10000=60.97%  >30000=14.85%  >50000= 4.15%
[80/348] mat0080  cohort1 (mat<100, factor1)
  shape: K=591, V=319324, total=188,720,484, valid(non-zero)=185,366,234 (98.2%)
  [per-mat (post-CCM)] n=556,098,702  min=0  max=1.951e+05  mean=2.844e+04  median=2.291e+04  std=2.158e+04  geomean(>0)=2.197e+04
    quantiles: p    1=3170  p    5=5840  p   10=8274  p   25=1.396e+04  p   50=2.291e+04  p   75=3.62e+04  p   90=5.47e+04  p   95=7.097e+04  p   99=1.091e+05  p 99.9=1.555e+05
    above-thr: >10=100.00%  >100=100.00%  >1000=99.98%  >5000=96.46%  >10000=85.82%  >30000=34.69%  >50000=12.43%
[81/348] mat0081  cohort1 (mat<100, factor1)
  shape: K=591, V=340978, total=201,517,998, valid(non-zero)=197,109,861 (97.8%)
  [per-mat (post-CCM)] n=591,329,583  min=0  max=1.885e+05  mean=3.828e+04  median=3.171e+04  std=2.592e+04  geomean(>0)=3.116e+04
    quantiles: p    1=6093  p    5=1.006e+04  p   10=1.323e+04  p   25=2.075e+04  p   50=3.171e+04  p   75=4.808e+04  p   90=7.063e+04  p   95=9.278e+04  p   99=1.305e+05  p 99.9=1.801e+05
    above-thr: >10=100.00%  >100=100.00%  >1000=99.99%  >5000=99.54%  >10000=95.08%  >30000=53.62%  >50000=23.06%
[82/348] mat0082  cohort1 (mat<100, factor1)
  shape: K=591, V=209229, total=123,654,339, valid(non-zero)=121,681,940 (98.4%)
  [per-mat (post-CCM)] n=365,045,820  min=0  max=1.86e+05  mean=3.601e+04  median=2.987e+04  std=2.455e+04  geomean(>0)=2.917e+04
    quantiles: p    1=5542  p    5=9402  p   10=1.238e+04  p   25=1.908e+04  p   50=2.987e+04  p   75=4.543e+04  p   90=6.721e+04  p   95=8.668e+04  p   99=1.226e+05  p 99.9=1.697e+05
    above-thr: >10=100.00%  >100=100.00%  >1000=100.00%  >5000=99.26%  >10000=94.11%  >30000=49.73%  >50000=20.41%
[83/348] mat0083  cohort1 (mat<100, factor1)
  shape: K=591, V=326784, total=193,129,344, valid(non-zero)=188,728,264 (97.7%)
  [per-mat (post-CCM)] n=566,184,792  min=0  max=2.024e+05  mean=2.593e+04  median=2.068e+04  std=2.319e+04  geomean(>0)=1.665e+04
    quantiles: p    1=37.94  p    5=1533  p   10=3334  p   25=9648  p   50=2.068e+04  p   75=3.483e+04  p   90=5.354e+04  p   95=7.044e+04  p   99=1.145e+05  p 99.9=1.602e+05
    above-thr: >10=99.05%  >100=98.88%  >1000=96.56%  >5000=85.92%  >10000=74.16%  >30000=31.98%  >50000=11.75%
[84/348] mat0084  cohort1 (mat<100, factor1)
  shape: K=591, V=169348, total=100,084,668, valid(non-zero)=98,258,515 (98.2%)
  [per-mat (post-CCM)] n=294,775,545  min=0  max=1.999e+05  mean=2.581e+04  median=1.941e+04  std=2.529e+04  geomean(>0)=1.439e+04
    quantiles: p    1=351  p    5=1291  p   10=2211  p   25=6192  p   50=1.941e+04  p   75=3.638e+04  p   90=5.766e+04  p   95=7.539e+04  p   99=1.189e+05  p 99.9=1.604e+05
    above-thr: >10=99.66%  >100=99.53%  >1000=96.48%  >5000=78.30%  >10000=66.86%  >30000=33.17%  >50000=13.80%
[85/348] mat0085  cohort1 (mat<100, factor1)
  shape: K=591, V=126977, total=75,043,407, valid(non-zero)=73,597,820 (98.1%)
  [per-mat (post-CCM)] n=220,793,460  min=0  max=2.119e+05  mean=2.082e+04  median=8672  std=2.651e+04  geomean(>0)=8980
    quantiles: p    1=22.19  p    5=682.9  p   10=1280  p   25=3171  p   50=8672  p   75=3.052e+04  p   90=5.523e+04  p   95=7.651e+04  p   99=1.221e+05  p 99.9=1.623e+05
    above-thr: >10=99.04%  >100=98.69%  >1000=92.38%  >5000=63.35%  >10000=46.99%  >30000=25.47%  >50000=12.05%
[86/348] mat0086  cohort1 (mat<100, factor1)
  shape: K=591, V=338944, total=200,315,904, valid(non-zero)=197,669,382 (98.7%)
  [per-mat (post-CCM)] n=593,008,146  min=0  max=1.999e+05  mean=1.977e+04  median=1.509e+04  std=1.783e+04  geomean(>0)=1.296e+04
    quantiles: p    1=638.2  p    5=1880  p   10=3181  p   25=7200  p   50=1.509e+04  p   75=2.662e+04  p   90=4.117e+04  p   95=5.484e+04  p   99=8.782e+04  p 99.9=1.16e+05
    above-thr: >10=99.89%  >100=99.83%  >1000=98.03%  >5000=82.92%  >10000=65.56%  >30000=20.13%  >50000= 6.28%
[87/348] mat0087  cohort1 (mat<100, factor1)
  shape: K=591, V=111621, total=65,968,011, valid(non-zero)=64,829,696 (98.3%)
  [per-mat (post-CCM)] n=194,489,088  min=0  max=1.864e+05  mean=1.618e+04  median=1.186e+04  std=1.457e+04  geomean(>0)=1.139e+04
    quantiles: p    1=1329  p    5=2584  p   10=3653  p   25=6403  p   50=1.186e+04  p   75=2.094e+04  p   90=3.376e+04  p   95=4.515e+04  p   99=7.157e+04  p 99.9=1.052e+05
    above-thr: >10=99.99%  >100=99.98%  >1000=99.50%  >5000=82.60%  >10000=57.52%  >30000=12.89%  >50000= 3.79%
[88/348] mat0088  cohort1 (mat<100, factor1)
  shape: K=591, V=121356, total=71,721,396, valid(non-zero)=70,634,302 (98.5%)
  [per-mat (post-CCM)] n=211,902,906  min=0  max=1.966e+05  mean=1.251e+04  median=8445  std=1.282e+04  geomean(>0)=7978
    quantiles: p    1=596.7  p    5=1436  p   10=2179  p   25=4096  p   50=8445  p   75=1.628e+04  p   90=2.744e+04  p   95=3.767e+04  p   99=6.326e+04  p 99.9=9.705e+04
    above-thr: >10=99.93%  >100=99.88%  >1000=97.36%  >5000=68.81%  >10000=43.53%  >30000= 8.30%  >50000= 2.37%
[89/348] mat0089  cohort1 (mat<100, factor1)
  shape: K=591, V=281132, total=166,149,012, valid(non-zero)=164,479,765 (99.0%)
  [per-mat (post-CCM)] n=493,439,295  min=0  max=1.924e+05  mean=1.373e+04  median=1.039e+04  std=1.252e+04  geomean(>0)=8982
    quantiles: p    1=432.9  p    5=1366  p   10=2186  p   25=4868  p   50=1.039e+04  p   75=1.838e+04  p   90=2.937e+04  p   95=3.872e+04  p   99=6.012e+04  p 99.9=8.464e+04
    above-thr: >10=99.78%  >100=99.67%  >1000=96.91%  >5000=74.35%  >10000=51.60%  >30000= 9.53%  >50000= 2.20%
[90/348] mat0090  cohort1 (mat<100, factor1)
  shape: K=588, V=25197, total=14,815,836, valid(non-zero)=14,536,424 (98.1%)
  [per-mat (post-CCM)] n=43,609,272  min=0  max=1.859e+05  mean=5561  median=3373  std=6629  geomean(>0)=3152
    quantiles: p    1=0  p    5=213  p   10=555.1  p   25=1412  p   50=3373  p   75=7207  p   90=1.302e+04  p   95=1.835e+04  p   99=3.252e+04  p 99.9=5.156e+04
    above-thr: >10=97.25%  >100=96.30%  >1000=82.18%  >5000=36.73%  >10000=15.81%  >30000= 1.34%  >50000= 0.12%
[91/348] mat0091  cohort1 (mat<100, factor1)
  shape: K=588, V=312991, total=184,038,708, valid(non-zero)=181,723,772 (98.7%)
  [per-mat (post-CCM)] n=545,171,316  min=0  max=1.9e+05  mean=1.142e+04  median=8954  std=9902  geomean(>0)=7669
    quantiles: p    1=246.9  p    5=1089  p   10=1871  p   25=4400  p   50=8954  p   75=1.532e+04  p   90=2.396e+04  p   95=3.107e+04  p   99=4.725e+04  p 99.9=6.621e+04
    above-thr: >10=99.54%  >100=99.37%  >1000=95.52%  >5000=71.63%  >10000=44.86%  >30000= 5.54%  >50000= 0.74%
[92/348] mat0092  cohort1 (mat<100, factor1)
  shape: K=588, V=1067, total=627,396, valid(non-zero)=568,623 (90.6%)
  [per-mat (post-CCM)] n= 1,705,869  min=0  max=1.826e+05  mean=1921  median=936.3  std=3891  geomean(>0)=990.5
    quantiles: p    1=0  p    5=0  p   10=3.203  p   25=284.2  p   50=936.3  p   75=2262  p   90=4657  p   95=6893  p   99=1.333e+04  p 99.9=4.048e+04
    above-thr: >10=89.71%  >100=85.72%  >1000=48.21%  >5000= 8.91%  >10000= 2.15%  >30000= 0.17%  >50000= 0.07%
[93/348] mat0093  cohort1 (mat<100, factor1)
  shape: K=588, V=309384, total=181,917,792, valid(non-zero)=177,438,318 (97.5%)
  [per-mat (post-CCM)] n=532,314,954  min=0  max=1.7e+05  mean=1.137e+04  median=9331  std=9600  geomean(>0)=7553
    quantiles: p    1=422.4  p    5=1006  p   10=1616  p   25=4376  p   50=9331  p   75=1.525e+04  p   90=2.354e+04  p   95=3.04e+04  p   99=4.547e+04  p 99.9=6.357e+04
    above-thr: >10=99.93%  >100=99.85%  >1000=95.05%  >5000=72.20%  >10000=46.50%  >30000= 5.21%  >50000= 0.58%
[94/348] mat0094  cohort1 (mat<100, factor1)
  shape: K=588, V=295159, total=173,553,492, valid(non-zero)=169,503,250 (97.7%)
  [per-mat (post-CCM)] n=508,509,750  min=0  max=1.839e+05  mean=1.086e+04  median=8640  std=8987  geomean(>0)=7721
    quantiles: p    1=722.3  p    5=1538  p   10=2275  p   25=4440  p   50=8640  p   75=1.436e+04  p   90=2.223e+04  p   95=2.884e+04  p   99=4.336e+04  p 99.9=6.059e+04
    above-thr: >10=99.98%  >100=99.96%  >1000=97.94%  >5000=71.39%  >10000=42.77%  >30000= 4.44%  >50000= 0.42%
[95/348] mat0095  cohort1 (mat<100, factor1)
  shape: K=588, V=244889, total=143,994,732, valid(non-zero)=141,710,393 (98.4%)
  [per-mat (post-CCM)] n=425,131,179  min=0  max=1.826e+05  mean=1.613e+04  median=1.216e+04  std=1.385e+04  geomean(>0)=1.135e+04
    quantiles: p    1=1336  p    5=2535  p   10=3499  p   25=6096  p   50=1.216e+04  p   75=2.167e+04  p   90=3.386e+04  p   95=4.418e+04  p   99=6.667e+04  p 99.9=8.688e+04
    above-thr: >10=99.99%  >100=99.99%  >1000=99.54%  >5000=81.16%  >10000=57.61%  >30000=13.18%  >50000= 3.42%
[96/348] mat0096  cohort1 (mat<100, factor1)
  shape: K=588, V=158599, total=93,256,212, valid(non-zero)=92,081,966 (98.7%)
  [per-mat (post-CCM)] n=276,245,898  min=0  max=1.828e+05  mean=1.915e+04  median=1.557e+04  std=1.354e+04  geomean(>0)=1.52e+04
    quantiles: p    1=1993  p    5=4714  p   10=6295  p   25=9851  p   50=1.557e+04  p   75=2.439e+04  p   90=3.701e+04  p   95=4.656e+04  p   99=6.672e+04  p 99.9=8.962e+04
    above-thr: >10=100.00%  >100=100.00%  >1000=99.88%  >5000=94.23%  >10000=74.32%  >30000=16.56%  >50000= 3.87%
[97/348] mat0097  cohort1 (mat<100, factor1)
  shape: K=588, V=344109, total=202,336,092, valid(non-zero)=199,036,214 (98.4%)
  [per-mat (post-CCM)] n=597,108,642  min=0  max=1.841e+05  mean=2.384e+04  median=1.786e+04  std=1.982e+04  geomean(>0)=1.74e+04
    quantiles: p    1=2323  p    5=4516  p   10=6011  p   25=9864  p   50=1.786e+04  p   75=3.118e+04  p   90=5.071e+04  p   95=6.6e+04  p   99=9.073e+04  p 99.9=1.304e+05
    above-thr: >10=99.99%  >100=99.99%  >1000=99.86%  >5000=93.55%  >10000=74.50%  >30000=26.54%  >50000=10.32%
[98/348] mat0098  cohort1 (mat<100, factor1)
  shape: K=588, V=187597, total=110,307,036, valid(non-zero)=108,630,435 (98.5%)
  [per-mat (post-CCM)] n=325,891,305  min=0  max=1.836e+05  mean=2.951e+04  median=2.421e+04  std=1.91e+04  geomean(>0)=2.43e+04
    quantiles: p    1=4677  p    5=8471  p   10=1.097e+04  p   25=1.621e+04  p   50=2.421e+04  p   75=3.766e+04  p   90=5.631e+04  p   95=6.938e+04  p   99=9.089e+04  p 99.9=1.227e+05
    above-thr: >10=100.00%  >100=100.00%  >1000=99.98%  >5000=98.80%  >10000=92.19%  >30000=36.67%  >50000=13.58%
[99/348] mat0099  cohort1 (mat<100, factor1)
  shape: K=588, V=334970, total=196,962,360, valid(non-zero)=193,480,290 (98.2%)
  [per-mat (post-CCM)] n=580,440,870  min=0  max=1.878e+05  mean=3.691e+04  median=3.111e+04  std=2.311e+04  geomean(>0)=3.096e+04
    quantiles: p    1=5982  p    5=1.114e+04  p   10=1.474e+04  p   25=2.164e+04  p   50=3.111e+04  p   75=4.556e+04  p   90=6.707e+04  p   95=8.14e+04  p   99=1.167e+05  p 99.9=1.757e+05
    above-thr: >10=100.00%  >100=100.00%  >1000=100.00%  >5000=99.40%  >10000=96.17%  >30000=52.76%  >50000=20.59%
[100/348] mat0100  cohort2 (100<=mat<352, factor2)
  shape: K=500, V=206512, total=103,256,000, valid(non-zero)=102,788,703 (99.5%)
  [per-mat (post-CCM)] n=308,366,109  min=0  max=2.093e+05  mean=4.842e+04  median=4.044e+04  std=3.139e+04  geomean(>0)=3.994e+04
    quantiles: p    1=9268  p    5=1.412e+04  p   10=1.749e+04  p   25=2.574e+04  p   50=4.044e+04  p   75=6.353e+04  p   90=8.95e+04  p   95=1.075e+05  p   99=1.721e+05  p 99.9=1.801e+05
    above-thr: >10=100.00%  >100=100.00%  >1000=100.00%  >5000=99.87%  >10000=98.66%  >30000=67.21%  >50000=37.68%
[101/348] mat0101  cohort2 (100<=mat<352, factor2)
  shape: K=500, V=272746, total=136,373,000, valid(non-zero)=135,842,172 (99.6%)
  [per-mat (post-CCM)] n=407,526,516  min=0  max=2.111e+05  mean=5.458e+04  median=5.011e+04  std=2.985e+04  geomean(>0)=4.667e+04
    quantiles: p    1=8522  p    5=1.58e+04  p   10=2.144e+04  p   25=3.309e+04  p   50=5.011e+04  p   75=6.958e+04  p   90=9.2e+04  p   95=1.094e+05  p   99=1.644e+05  p 99.9=1.801e+05
    above-thr: >10=100.00%  >100=100.00%  >1000=100.00%  >5000=99.85%  >10000=98.42%  >30000=79.41%  >50000=50.15%
[102/348] mat0102  cohort2 (100<=mat<352, factor2)
  shape: K=500, V=261297, total=130,648,500, valid(non-zero)=130,136,931 (99.6%)
  [per-mat (post-CCM)] n=390,410,793  min=0  max=2.186e+05  mean=4.35e+04  median=3.676e+04  std=2.804e+04  geomean(>0)=3.57e+04
    quantiles: p    1=7194  p    5=1.184e+04  p   10=1.519e+04  p   25=2.336e+04  p   50=3.676e+04  p   75=5.653e+04  p   90=7.998e+04  p   95=9.874e+04  p   99=1.415e+05  p 99.9=1.802e+05
    above-thr: >10=100.00%  >100=100.00%  >1000=100.00%  >5000=99.69%  >10000=97.05%  >30000=62.09%  >50000=31.55%
[103/348] mat0103  cohort2 (100<=mat<352, factor2)
  shape: K=500, V=209079, total=104,539,500, valid(non-zero)=104,093,004 (99.6%)
  [per-mat (post-CCM)] n=312,279,012  min=0  max=2.169e+05  mean=4.231e+04  median=3.423e+04  std=3.003e+04  geomean(>0)=3.359e+04
    quantiles: p    1=6502  p    5=1.041e+04  p   10=1.343e+04  p   25=2.094e+04  p   50=3.423e+04  p   75=5.515e+04  p   90=8.177e+04  p   95=1.035e+05  p   99=1.542e+05  p 99.9=1.801e+05
    above-thr: >10=100.00%  >100=99.99%  >1000=99.99%  >5000=99.66%  >10000=95.57%  >30000=57.33%  >50000=29.62%
[104/348] mat0104  cohort2 (100<=mat<352, factor2)
  shape: K=500, V=261371, total=130,685,500, valid(non-zero)=130,077,818 (99.5%)
  [per-mat (post-CCM)] n=390,233,454  min=0  max=2.158e+05  mean=4.055e+04  median=3.499e+04  std=2.733e+04  geomean(>0)=3.161e+04
    quantiles: p    1=3141  p    5=7440  p   10=1.137e+04  p   25=2.074e+04  p   50=3.499e+04  p   75=5.417e+04  p   90=7.554e+04  p   95=9.293e+04  p   99=1.309e+05  p 99.9=1.801e+05
    above-thr: >10=99.99%  >100=99.99%  >1000=99.95%  >5000=97.49%  >10000=91.86%  >30000=58.45%  >50000=29.35%
[105/348] mat0105  cohort2 (100<=mat<352, factor2)
  shape: K=500, V=151330, total=75,665,000, valid(non-zero)=75,259,998 (99.5%)
  [per-mat (post-CCM)] n=225,779,994  min=0  max=2.18e+05  mean=2.825e+04  median=2.084e+04  std=2.474e+04  geomean(>0)=2.015e+04
    quantiles: p    1=2623  p    5=4764  p   10=6511  p   25=1.132e+04  p   50=2.084e+04  p   75=3.683e+04  p   90=5.981e+04  p   95=7.748e+04  p   99=1.21e+05  p 99.9=1.801e+05
    above-thr: >10=100.00%  >100=99.99%  >1000=99.93%  >5000=94.37%  >10000=79.15%  >30000=33.38%  >50000=14.67%
[106/348] mat0106  cohort2 (100<=mat<352, factor2)
  shape: K=500, V=265989, total=132,994,500, valid(non-zero)=132,386,197 (99.5%)
  [per-mat (post-CCM)] n=397,158,591  min=0  max=2.183e+05  mean=3.575e+04  median=3.032e+04  std=2.563e+04  geomean(>0)=2.68e+04
    quantiles: p    1=1959  p    5=5388  p   10=8766  p   25=1.727e+04  p   50=3.032e+04  p   75=4.806e+04  p   90=6.895e+04  p   95=8.419e+04  p   99=1.209e+05  p 99.9=1.801e+05
    above-thr: >10=99.98%  >100=99.97%  >1000=99.73%  >5000=95.51%  >10000=88.00%  >30000=50.57%  >50000=23.05%
[107/348] mat0107  cohort2 (100<=mat<352, factor2)
  shape: K=500, V=301794, total=150,897,000, valid(non-zero)=150,194,278 (99.5%)
  [per-mat (post-CCM)] n=450,582,834  min=0  max=2.195e+05  mean=3.238e+04  median=2.442e+04  std=2.719e+04  geomean(>0)=2.303e+04
    quantiles: p    1=3047  p    5=5186  p   10=7016  p   25=1.252e+04  p   50=2.442e+04  p   75=4.401e+04  p   90=6.876e+04  p   95=8.434e+04  p   99=1.253e+05  p 99.9=1.801e+05
    above-thr: >10=100.00%  >100=100.00%  >1000=99.97%  >5000=95.46%  >10000=81.57%  >30000=41.09%  >50000=20.29%
[108/348] mat0108  cohort2 (100<=mat<352, factor2)
  shape: K=500, V=298682, total=149,341,000, valid(non-zero)=148,909,846 (99.7%)
  [per-mat (post-CCM)] n=446,729,538  min=0  max=2.181e+05  mean=2.399e+04  median=1.732e+04  std=2.174e+04  geomean(>0)=1.664e+04
    quantiles: p    1=2003  p    5=3662  p   10=5076  p   25=9062  p   50=1.732e+04  p   75=3.141e+04  p   90=5.216e+04  p   95=6.799e+04  p   99=1.046e+05  p 99.9=1.701e+05
    above-thr: >10=100.00%  >100=100.00%  >1000=99.88%  >5000=90.29%  >10000=71.73%  >30000=26.74%  >50000=10.95%
[109/348] mat0109  cohort2 (100<=mat<352, factor2)
  shape: K=591, V=294976, total=174,330,816, valid(non-zero)=170,258,945 (97.7%)
  [per-mat (post-CCM)] n=510,776,835  min=0  max=2.229e+05  mean=1.455e+04  median=9487  std=1.563e+04  geomean(>0)=9079
    quantiles: p    1=664.1  p    5=1630  p   10=2390  p   25=4554  p   50=9487  p   75=1.89e+04  p   90=3.269e+04  p   95=4.427e+04  p   99=7.53e+04  p 99.9=1.317e+05
    above-thr: >10=99.86%  >100=99.81%  >1000=98.02%  >5000=72.18%  >10000=48.04%  >30000=11.87%  >50000= 3.63%
[110/348] mat0110  cohort2 (100<=mat<352, factor2)
  shape: K=602, V=211278, total=127,189,356, valid(non-zero)=125,399,224 (98.6%)
  [per-mat (post-CCM)] n=376,197,672  min=0  max=2.165e+05  mean=4.397e+04  median=3.411e+04  std=3.437e+04  geomean(>0)=3.245e+04
    quantiles: p    1=3865  p    5=7981  p   10=1.097e+04  p   25=1.894e+04  p   50=3.411e+04  p   75=5.916e+04  p   90=9.16e+04  p   95=1.118e+05  p   99=1.712e+05  p 99.9=1.815e+05
    above-thr: >10=99.99%  >100=99.99%  >1000=99.88%  >5000=98.28%  >10000=91.69%  >30000=56.07%  >50000=32.04%
[111/348] mat0112  cohort2 (100<=mat<352, factor2)
  shape: K=602, V=298057, total=179,430,314, valid(non-zero)=176,840,206 (98.6%)
  [per-mat (post-CCM)] n=530,520,618  min=0  max=2.123e+05  mean=3.319e+04  median=2.772e+04  std=2.267e+04  geomean(>0)=2.643e+04
    quantiles: p    1=3733  p    5=7763  p   10=1.063e+04  p   25=1.703e+04  p   50=2.772e+04  p   75=4.347e+04  p   90=6.303e+04  p   95=7.667e+04  p   99=1.105e+05  p 99.9=1.658e+05
    above-thr: >10=100.00%  >100=100.00%  >1000=99.97%  >5000=98.09%  >10000=91.23%  >30000=45.44%  >50000=18.49%
[112/348] mat0113  cohort2 (100<=mat<352, factor2)
  shape: K=602, V=284041, total=170,992,682, valid(non-zero)=170,141,158 (99.5%)
  [per-mat (post-CCM)] n=510,423,474  min=0  max=2.132e+05  mean=4.448e+04  median=3.922e+04  std=2.781e+04  geomean(>0)=3.554e+04
    quantiles: p    1=4356  p    5=9151  p   10=1.323e+04  p   25=2.321e+04  p   50=3.922e+04  p   75=6.167e+04  p   90=8.051e+04  p   95=9.585e+04  p   99=1.262e+05  p 99.9=1.801e+05
    above-thr: >10=100.00%  >100=100.00%  >1000=99.98%  >5000=98.62%  >10000=94.05%  >30000=63.93%  >50000=36.44%
[113/348] mat0114  cohort2 (100<=mat<352, factor2)
  shape: K=602, V=178686, total=107,568,972, valid(non-zero)=106,389,380 (98.9%)
  [per-mat (post-CCM)] n=319,168,140  min=0  max=2.156e+05  mean=3.289e+04  median=2.6e+04  std=2.463e+04  geomean(>0)=2.52e+04
    quantiles: p    1=2980  p    5=6995  p   10=9752  p   25=1.549e+04  p   50=2.6e+04  p   75=4.334e+04  p   90=6.567e+04  p   95=8.123e+04  p   99=1.184e+05  p 99.9=1.771e+05
    above-thr: >10=100.00%  >100=100.00%  >1000=99.95%  >5000=97.29%  >10000=89.43%  >30000=42.66%  >50000=19.08%
[114/348] mat0115  cohort2 (100<=mat<352, factor2)
  shape: K=602, V=13377, total=8,052,954, valid(non-zero)=346,171 (4.3%)
  [per-mat (post-CCM)] n= 1,038,513  min=0  max=2.076e+05  mean=3.117e+04  median=2.545e+04  std=2.309e+04  geomean(>0)=2.392e+04
    quantiles: p    1=4108  p    5=6458  p   10=8418  p   25=1.4e+04  p   50=2.545e+04  p   75=4.173e+04  p   90=6.186e+04  p   95=7.507e+04  p   99=1.102e+05  p 99.9=1.651e+05
    above-thr: >10=100.00%  >100=100.00%  >1000=100.00%  >5000=97.83%  >10000=85.57%  >30000=41.47%  >50000=17.42%
[115/348] mat0116  cohort2 (100<=mat<352, factor2)
  shape: K=602, V=318819, total=191,929,038, valid(non-zero)=190,086,769 (99.0%)
  [per-mat (post-CCM)] n=570,260,307  min=0  max=2.199e+05  mean=3.003e+04  median=2.153e+04  std=2.755e+04  geomean(>0)=1.963e+04
    quantiles: p    1=1264  p    5=3252  p   10=5114  p   25=1.046e+04  p   50=2.153e+04  p   75=4.092e+04  p   90=6.657e+04  p   95=8.496e+04  p   99=1.287e+05  p 99.9=1.801e+05
    above-thr: >10=99.95%  >100=99.93%  >1000=99.33%  >5000=90.32%  >10000=76.25%  >30000=36.81%  >50000=18.22%
[116/348] mat0117  cohort2 (100<=mat<352, factor2)
  shape: K=602, V=258353, total=155,528,506, valid(non-zero)=154,163,107 (99.1%)
  [per-mat (post-CCM)] n=462,489,321  min=0  max=2.195e+05  mean=5.516e+04  median=4.942e+04  std=3.132e+04  geomean(>0)=4.677e+04
    quantiles: p    1=8299  p    5=1.692e+04  p   10=2.185e+04  p   25=3.181e+04  p   50=4.942e+04  p   75=7.103e+04  p   90=9.709e+04  p   95=1.115e+05  p   99=1.702e+05  p 99.9=1.801e+05
    above-thr: >10=100.00%  >100=100.00%  >1000=100.00%  >5000=99.72%  >10000=98.51%  >30000=77.90%  >50000=49.28%
[117/348] mat0118  cohort2 (100<=mat<352, factor2)
  shape: K=602, V=250854, total=151,014,108, valid(non-zero)=150,333,659 (99.5%)
  [per-mat (post-CCM)] n=451,000,977  min=0  max=2.119e+05  mean=5.426e+04  median=4.74e+04  std=3.218e+04  geomean(>0)=4.544e+04
    quantiles: p    1=7854  p    5=1.569e+04  p   10=2.088e+04  p   25=3.074e+04  p   50=4.74e+04  p   75=7.018e+04  p   90=9.752e+04  p   95=1.122e+05  p   99=1.779e+05  p 99.9=1.801e+05
    above-thr: >10=100.00%  >100=100.00%  >1000=100.00%  >5000=99.62%  >10000=98.27%  >30000=76.24%  >50000=46.84%
[118/348] mat0119  cohort2 (100<=mat<352, factor2)
  shape: K=602, V=281528, total=169,479,856, valid(non-zero)=168,425,199 (99.4%)
  [per-mat (post-CCM)] n=505,275,597  min=0  max=2.092e+05  mean=5.31e+04  median=4.753e+04  std=3.162e+04  geomean(>0)=4.38e+04
    quantiles: p    1=6539  p    5=1.304e+04  p   10=1.814e+04  p   25=2.955e+04  p   50=4.753e+04  p   75=6.994e+04  p   90=9.502e+04  p   95=1.109e+05  p   99=1.646e+05  p 99.9=1.801e+05
    above-thr: >10=100.00%  >100=100.00%  >1000=100.00%  >5000=99.50%  >10000=97.24%  >30000=74.34%  >50000=46.99%
[119/348] mat0120  cohort2 (100<=mat<352, factor2)
  shape: K=602, V=244511, total=147,195,622, valid(non-zero)=145,124,304 (98.6%)
  [per-mat (post-CCM)] n=435,372,912  min=0  max=2.108e+05  mean=5.364e+04  median=4.813e+04  std=3.028e+04  geomean(>0)=4.576e+04
    quantiles: p    1=9277  p    5=1.614e+04  p   10=2.116e+04  p   25=3.187e+04  p   50=4.813e+04  p   75=6.834e+04  p   90=9.224e+04  p   95=1.092e+05  p   99=1.704e+05  p 99.9=1.801e+05
    above-thr: >10=100.00%  >100=100.00%  >1000=100.00%  >5000=99.90%  >10000=98.74%  >30000=77.90%  >50000=47.43%
[120/348] mat0121  cohort2 (100<=mat<352, factor2)
  shape: K=602, V=323575, total=194,792,150, valid(non-zero)=191,541,741 (98.3%)
  [per-mat (post-CCM)] n=574,625,223  min=0  max=2.111e+05  mean=4.523e+04  median=3.957e+04  std=2.764e+04  geomean(>0)=3.749e+04
    quantiles: p    1=7033  p    5=1.2e+04  p   10=1.594e+04  p   25=2.493e+04  p   50=3.957e+04  p   75=5.994e+04  p   90=7.987e+04  p   95=9.803e+04  p   99=1.376e+05  p 99.9=1.801e+05
    above-thr: >10=99.99%  >100=99.99%  >1000=99.98%  >5000=99.70%  >10000=96.96%  >30000=65.99%  >50000=35.39%
[121/348] mat0122  cohort2 (100<=mat<352, factor2)
  shape: K=602, V=336745, total=202,720,490, valid(non-zero)=198,351,189 (97.8%)
  [per-mat (post-CCM)] n=595,053,567  min=0  max=2.149e+05  mean=5.369e+04  median=4.66e+04  std=3.509e+04  geomean(>0)=4.283e+04
    quantiles: p    1=6242  p    5=1.151e+04  p   10=1.602e+04  p   25=2.769e+04  p   50=4.66e+04  p   75=7.009e+04  p   90=1.038e+05  p   95=1.164e+05  p   99=1.801e+05  p 99.9=1.801e+05
    above-thr: >10=100.00%  >100=100.00%  >1000=100.00%  >5000=99.49%  >10000=96.42%  >30000=71.86%  >50000=46.14%
[122/348] mat0123  cohort2 (100<=mat<352, factor2)
  shape: K=602, V=298453, total=179,668,706, valid(non-zero)=175,944,984 (97.9%)
  [per-mat (post-CCM)] n=527,834,952  min=0  max=2.08e+05  mean=5.092e+04  median=4.567e+04  std=2.909e+04  geomean(>0)=4.308e+04
    quantiles: p    1=8184  p    5=1.439e+04  p   10=1.923e+04  p   25=2.996e+04  p   50=4.567e+04  p   75=6.636e+04  p   90=8.657e+04  p   95=1.06e+05  p   99=1.543e+05  p 99.9=1.801e+05
    above-thr: >10=100.00%  >100=100.00%  >1000=99.99%  >5000=99.78%  >10000=98.17%  >30000=74.93%  >50000=43.75%
[123/348] mat0124  cohort2 (100<=mat<352, factor2)
  shape: K=602, V=308034, total=185,436,468, valid(non-zero)=184,351,805 (99.4%)
  [per-mat (post-CCM)] n=553,055,415  min=0  max=2.09e+05  mean=6.015e+04  median=5.486e+04  std=3.12e+04  geomean(>0)=5.278e+04
    quantiles: p    1=1.359e+04  p    5=2.095e+04  p   10=2.649e+04  p   25=3.802e+04  p   50=5.486e+04  p   75=7.419e+04  p   90=1.043e+05  p   95=1.154e+05  p   99=1.801e+05  p 99.9=1.801e+05
    above-thr: >10=100.00%  >100=100.00%  >1000=100.00%  >5000=99.97%  >10000=99.71%  >30000=85.99%  >50000=56.81%
[124/348] mat0125  cohort2 (100<=mat<352, factor2)
  shape: K=602, V=288659, total=173,772,718, valid(non-zero)=170,650,616 (98.2%)
  [per-mat (post-CCM)] n=511,951,848  min=0  max=2.125e+05  mean=6e+04  median=5.475e+04  std=3.196e+04  geomean(>0)=5.222e+04
    quantiles: p    1=1.297e+04  p    5=2.028e+04  p   10=2.556e+04  p   25=3.674e+04  p   50=5.475e+04  p   75=7.443e+04  p   90=1.051e+05  p   95=1.162e+05  p   99=1.801e+05  p 99.9=1.801e+05
    above-thr: >10=100.00%  >100=100.00%  >1000=100.00%  >5000=99.98%  >10000=99.63%  >30000=84.68%  >50000=56.16%
[125/348] mat0126  cohort2 (100<=mat<352, factor2)
  shape: K=602, V=336348, total=202,481,496, valid(non-zero)=195,565,239 (96.6%)
  [per-mat (post-CCM)] n=586,695,717  min=0  max=2.084e+05  mean=6.047e+04  median=5.514e+04  std=3.482e+04  geomean(>0)=5.073e+04
    quantiles: p    1=8455  p    5=1.698e+04  p   10=2.272e+04  p   25=3.511e+04  p   50=5.514e+04  p   75=7.554e+04  p   90=1.057e+05  p   95=1.226e+05  p   99=1.801e+05  p 99.9=1.801e+05
    above-thr: >10=100.00%  >100=99.99%  >1000=99.95%  >5000=99.49%  >10000=98.61%  >30000=81.60%  >50000=55.99%
[126/348] mat0127  cohort2 (100<=mat<352, factor2)
  shape: K=602, V=307423, total=185,068,646, valid(non-zero)=181,536,676 (98.1%)
  [per-mat (post-CCM)] n=544,610,028  min=0  max=2.056e+05  mean=6.307e+04  median=5.85e+04  std=3.166e+04  geomean(>0)=5.574e+04
    quantiles: p    1=1.462e+04  p    5=2.267e+04  p   10=2.871e+04  p   25=4.084e+04  p   50=5.85e+04  p   75=7.666e+04  p   90=1.051e+05  p   95=1.18e+05  p   99=1.801e+05  p 99.9=1.801e+05
    above-thr: >10=100.00%  >100=100.00%  >1000=99.99%  >5000=99.94%  >10000=99.72%  >30000=88.72%  >50000=61.67%
[127/348] mat0128  cohort2 (100<=mat<352, factor2)
  shape: K=602, V=322013, total=193,851,826, valid(non-zero)=190,852,310 (98.5%)
  [per-mat (post-CCM)] n=572,556,930  min=0  max=2.064e+05  mean=6.272e+04  median=5.804e+04  std=3.164e+04  geomean(>0)=5.544e+04
    quantiles: p    1=1.526e+04  p    5=2.253e+04  p   10=2.815e+04  p   25=4.046e+04  p   50=5.804e+04  p   75=7.637e+04  p   90=1.051e+05  p   95=1.179e+05  p   99=1.801e+05  p 99.9=1.801e+05
    above-thr: >10=100.00%  >100=100.00%  >1000=100.00%  >5000=99.98%  >10000=99.86%  >30000=88.08%  >50000=61.11%
[128/348] mat0129  cohort2 (100<=mat<352, factor2)
  shape: K=602, V=299025, total=180,013,050, valid(non-zero)=176,863,480 (98.3%)
  [per-mat (post-CCM)] n=530,590,440  min=0  max=2.06e+05  mean=6.646e+04  median=6.346e+04  std=3.203e+04  geomean(>0)=5.918e+04
    quantiles: p    1=1.569e+04  p    5=2.43e+04  p   10=3.073e+04  p   25=4.413e+04  p   50=6.346e+04  p   75=7.947e+04  p   90=1.087e+05  p   95=1.22e+05  p   99=1.801e+05  p 99.9=1.801e+05
    above-thr: >10=100.00%  >100=100.00%  >1000=99.97%  >5000=99.96%  >10000=99.86%  >30000=90.66%  >50000=67.60%
[129/348] mat0130  cohort2 (100<=mat<352, factor2)
  shape: K=603, V=346074, total=208,682,622, valid(non-zero)=205,773,433 (98.6%)
  [per-mat (post-CCM)] n=617,320,299  min=0  max=2.106e+05  mean=6.896e+04  median=6.595e+04  std=3.688e+04  geomean(>0)=5.898e+04
    quantiles: p    1=9800  p    5=1.93e+04  p   10=2.671e+04  p   25=4.284e+04  p   50=6.595e+04  p   75=8.448e+04  p   90=1.132e+05  p   95=1.46e+05  p   99=1.801e+05  p 99.9=1.801e+05
    above-thr: >10=100.00%  >100=100.00%  >1000=100.00%  >5000=99.87%  >10000=98.94%  >30000=87.26%  >50000=67.60%
[130/348] mat0131  cohort2 (100<=mat<352, factor2)
  shape: K=591, V=292041, total=172,596,231, valid(non-zero)=171,719,911 (99.5%)
  [per-mat (post-CCM)] n=515,159,733  min=0  max=2.136e+05  mean=7.044e+04  median=6.657e+04  std=3.342e+04  geomean(>0)=6.213e+04
    quantiles: p    1=1.014e+04  p    5=2.266e+04  p   10=3.246e+04  p   25=4.813e+04  p   50=6.657e+04  p   75=8.456e+04  p   90=1.124e+05  p   95=1.311e+05  p   99=1.801e+05  p 99.9=1.801e+05
    above-thr: >10=100.00%  >100=100.00%  >1000=100.00%  >5000=99.90%  >10000=99.03%  >30000=91.55%  >50000=72.86%
[131/348] mat0132  cohort2 (100<=mat<352, factor2)
  shape: K=591, V=353372, total=208,842,852, valid(non-zero)=206,847,348 (99.0%)
  [per-mat (post-CCM)] n=620,542,044  min=0  max=2.064e+05  mean=7.232e+04  median=6.757e+04  std=3.296e+04  geomean(>0)=6.462e+04
    quantiles: p    1=1.338e+04  p    5=2.465e+04  p   10=3.379e+04  p   25=5.108e+04  p   50=6.757e+04  p   75=8.605e+04  p   90=1.132e+05  p   95=1.324e+05  p   99=1.801e+05  p 99.9=1.801e+05
    above-thr: >10=100.00%  >100=100.00%  >1000=100.00%  >5000=99.97%  >10000=99.68%  >30000=92.31%  >50000=76.14%
[132/348] mat0133  cohort2 (100<=mat<352, factor2)
  shape: K=591, V=318731, total=188,370,021, valid(non-zero)=186,603,250 (99.1%)
  [per-mat (post-CCM)] n=559,809,750  min=0  max=2.075e+05  mean=7.462e+04  median=6.925e+04  std=3.363e+04  geomean(>0)=6.674e+04
    quantiles: p    1=1.261e+04  p    5=2.608e+04  p   10=3.582e+04  p   25=5.345e+04  p   50=6.925e+04  p   75=8.924e+04  p   90=1.153e+05  p   95=1.39e+05  p   99=1.801e+05  p 99.9=1.801e+05
    above-thr: >10=100.00%  >100=100.00%  >1000=100.00%  >5000=99.98%  >10000=99.55%  >30000=93.29%  >50000=78.47%
[133/348] mat0134  cohort2 (100<=mat<352, factor2)
  shape: K=591, V=343729, total=203,143,839, valid(non-zero)=201,366,414 (99.1%)
  [per-mat (post-CCM)] n=604,099,242  min=0  max=2.128e+05  mean=7.037e+04  median=6.636e+04  std=3.683e+04  geomean(>0)=6.066e+04
    quantiles: p    1=9986  p    5=2.08e+04  p   10=2.869e+04  p   25=4.443e+04  p   50=6.636e+04  p   75=8.632e+04  p   90=1.142e+05  p   95=1.487e+05  p   99=1.801e+05  p 99.9=1.801e+05
    above-thr: >10=100.00%  >100=100.00%  >1000=100.00%  >5000=99.93%  >10000=99.00%  >30000=88.97%  >50000=69.13%
[134/348] mat0135  cohort2 (100<=mat<352, factor2)
  shape: K=591, V=337105, total=199,229,055, valid(non-zero)=197,073,679 (98.9%)
  [per-mat (post-CCM)] n=591,221,037  min=0  max=2.049e+05  mean=4.95e+04  median=4.433e+04  std=3.156e+04  geomean(>0)=3.91e+04
    quantiles: p    1=4213  p    5=9514  p   10=1.412e+04  p   25=2.541e+04  p   50=4.433e+04  p   75=6.675e+04  p   90=9.02e+04  p   95=1.087e+05  p   99=1.572e+05  p 99.9=1.801e+05
    above-thr: >10=100.00%  >100=100.00%  >1000=99.94%  >5000=98.56%  >10000=94.53%  >30000=68.62%  >50000=43.30%
[135/348] mat0136  cohort2 (100<=mat<352, factor2)
  shape: K=591, V=366387, total=216,534,717, valid(non-zero)=214,126,216 (98.9%)
  [per-mat (post-CCM)] n=642,378,648  min=0  max=2.05e+05  mean=4.894e+04  median=4.349e+04  std=3.352e+04  geomean(>0)=3.676e+04
    quantiles: p    1=3382  p    5=7542  p   10=1.133e+04  p   25=2.18e+04  p   50=4.349e+04  p   75=6.836e+04  p   90=9.201e+04  p   95=1.113e+05  p   99=1.642e+05  p 99.9=1.801e+05
    above-thr: >10=100.00%  >100=100.00%  >1000=99.95%  >5000=97.72%  >10000=91.85%  >30000=64.85%  >50000=43.37%
[136/348] mat0137  cohort2 (100<=mat<352, factor2)
  shape: K=591, V=346065, total=204,524,415, valid(non-zero)=202,563,061 (99.0%)
  [per-mat (post-CCM)] n=607,689,183  min=0  max=2.078e+05  mean=3.781e+04  median=3.083e+04  std=3.049e+04  geomean(>0)=2.505e+04
    quantiles: p    1=936.5  p    5=3247  p   10=5775  p   25=1.377e+04  p   50=3.083e+04  p   75=5.481e+04  p   90=7.752e+04  p   95=9.678e+04  p   99=1.357e+05  p 99.9=1.801e+05
    above-thr: >10=99.82%  >100=99.78%  >1000=98.92%  >5000=91.54%  >10000=81.79%  >30000=51.06%  >50000=29.06%
[137/348] mat0138  cohort2 (100<=mat<352, factor2)
  shape: K=591, V=344575, total=203,643,825, valid(non-zero)=200,749,405 (98.6%)
  [per-mat (post-CCM)] n=602,248,215  min=0  max=2.205e+05  mean=3.959e+04  median=3.38e+04  std=3.244e+04  geomean(>0)=2.41e+04
    quantiles: p    1=493.1  p    5=2039  p   10=3906  p   25=1.243e+04  p   50=3.38e+04  p   75=5.859e+04  p   90=8.182e+04  p   95=1.02e+05  p   99=1.434e+05  p 99.9=1.801e+05
    above-thr: >10=99.73%  >100=99.64%  >1000=97.84%  >5000=87.39%  >10000=78.29%  >30000=54.46%  >50000=32.53%
[138/348] mat0139  cohort2 (100<=mat<352, factor2)
  shape: K=591, V=367844, total=217,395,804, valid(non-zero)=216,240,017 (99.5%)
  [per-mat (post-CCM)] n=648,720,051  min=0  max=2.06e+05  mean=5.404e+04  median=4.947e+04  std=3.52e+04  geomean(>0)=4.114e+04
    quantiles: p    1=3071  p    5=7817  p   10=1.275e+04  p   25=2.688e+04  p   50=4.947e+04  p   75=7.29e+04  p   90=1.03e+05  p   95=1.163e+05  p   99=1.748e+05  p 99.9=1.818e+05
    above-thr: >10=99.99%  >100=99.98%  >1000=99.85%  >5000=97.59%  >10000=92.82%  >30000=71.68%  >50000=49.42%
[139/348] mat0140  cohort2 (100<=mat<352, factor2)
  shape: K=589, V=338289, total=199,252,221, valid(non-zero)=195,717,804 (98.2%)
  [per-mat (post-CCM)] n=587,153,412  min=0  max=2.093e+05  mean=4.286e+04  median=3.616e+04  std=3.212e+04  geomean(>0)=3.028e+04
    quantiles: p    1=2002  p    5=5011  p   10=8041  p   25=1.742e+04  p   50=3.616e+04  p   75=6.226e+04  p   90=8.407e+04  p   95=1.051e+05  p   99=1.496e+05  p 99.9=1.801e+05
    above-thr: >10=99.97%  >100=99.96%  >1000=99.69%  >5000=95.02%  >10000=86.74%  >30000=57.58%  >50000=35.25%
[140/348] mat0141  cohort2 (100<=mat<352, factor2)
  shape: K=589, V=349650, total=205,943,850, valid(non-zero)=202,746,139 (98.4%)
  [per-mat (post-CCM)] n=608,238,417  min=0  max=2.039e+05  mean=5.55e+04  median=5.082e+04  std=3.458e+04  geomean(>0)=4.411e+04
    quantiles: p    1=5060  p    5=1.067e+04  p   10=1.57e+04  p   25=2.88e+04  p   50=5.082e+04  p   75=7.403e+04  p   90=1.044e+05  p   95=1.16e+05  p   99=1.801e+05  p 99.9=1.801e+05
    above-thr: >10=100.00%  >100=100.00%  >1000=99.98%  >5000=99.03%  >10000=95.59%  >30000=73.57%  >50000=50.86%
[141/348] mat0142  cohort2 (100<=mat<352, factor2)
  shape: K=589, V=316978, total=186,700,042, valid(non-zero)=185,719,221 (99.5%)
  [per-mat (post-CCM)] n=557,157,663  min=0  max=2.234e+05  mean=4.732e+04  median=4.083e+04  std=3.408e+04  geomean(>0)=3.449e+04
    quantiles: p    1=2337  p    5=5893  p   10=9805  p   25=2.143e+04  p   50=4.083e+04  p   75=6.627e+04  p   90=9.222e+04  p   95=1.097e+05  p   99=1.731e+05  p 99.9=1.805e+05
    above-thr: >10=100.00%  >100=99.99%  >1000=99.83%  >5000=96.11%  >10000=89.75%  >30000=63.69%  >50000=39.75%
[142/348] mat0143  cohort2 (100<=mat<352, factor2)
  shape: K=589, V=368799, total=217,222,611, valid(non-zero)=215,170,849 (99.1%)
  [per-mat (post-CCM)] n=645,512,547  min=0  max=2.174e+05  mean=4.328e+04  median=3.626e+04  std=3.195e+04  geomean(>0)=3.176e+04
    quantiles: p    1=2761  p    5=6247  p   10=9601  p   25=1.895e+04  p   50=3.626e+04  p   75=6.073e+04  p   90=8.42e+04  p   95=1.051e+05  p   99=1.587e+05  p 99.9=1.801e+05
    above-thr: >10=100.00%  >100=100.00%  >1000=99.90%  >5000=96.65%  >10000=89.37%  >30000=58.46%  >50000=34.29%
[143/348] mat0144  cohort2 (100<=mat<352, factor2)
  shape: K=589, V=382629, total=225,368,481, valid(non-zero)=222,355,154 (98.7%)
  [per-mat (post-CCM)] n=667,065,462  min=0  max=2.086e+05  mean=5.065e+04  median=4.463e+04  std=3.238e+04  geomean(>0)=4.059e+04
    quantiles: p    1=5304  p    5=1.085e+04  p   10=1.551e+04  p   25=2.653e+04  p   50=4.463e+04  p   75=6.709e+04  p   90=9.281e+04  p   95=1.103e+05  p   99=1.737e+05  p 99.9=1.801e+05
    above-thr: >10=100.00%  >100=100.00%  >1000=99.99%  >5000=99.13%  >10000=95.78%  >30000=69.98%  >50000=43.54%
[144/348] mat0145  cohort2 (100<=mat<352, factor2)
  shape: K=589, V=371844, total=219,016,116, valid(non-zero)=215,807,724 (98.5%)
  [per-mat (post-CCM)] n=647,423,172  min=0  max=2.134e+05  mean=5.166e+04  median=4.556e+04  std=3.362e+04  geomean(>0)=4.068e+04
    quantiles: p    1=4490  p    5=9981  p   10=1.474e+04  p   25=2.634e+04  p   50=4.556e+04  p   75=6.891e+04  p   90=9.713e+04  p   95=1.125e+05  p   99=1.785e+05  p 99.9=1.801e+05
    above-thr: >10=100.00%  >100=100.00%  >1000=99.97%  >5000=98.74%  >10000=94.98%  >30000=69.99%  >50000=44.96%
[145/348] mat0146  cohort2 (100<=mat<352, factor2)
  shape: K=589, V=369236, total=217,480,004, valid(non-zero)=212,278,135 (97.6%)
  [per-mat (post-CCM)] n=636,834,405  min=0  max=2.14e+05  mean=5.312e+04  median=4.716e+04  std=3.365e+04  geomean(>0)=4.253e+04
    quantiles: p    1=5296  p    5=1.117e+04  p   10=1.613e+04  p   25=2.786e+04  p   50=4.716e+04  p   75=7.014e+04  p   90=9.915e+04  p   95=1.136e+05  p   99=1.801e+05  p 99.9=1.801e+05
    above-thr: >10=100.00%  >100=100.00%  >1000=99.99%  >5000=99.13%  >10000=95.99%  >30000=72.08%  >50000=46.75%
[146/348] mat0147  cohort2 (100<=mat<352, factor2)
  shape: K=589, V=299927, total=176,657,003, valid(non-zero)=175,725,620 (99.5%)
  [per-mat (post-CCM)] n=527,176,860  min=0  max=2.111e+05  mean=5.144e+04  median=4.538e+04  std=3.283e+04  geomean(>0)=4.113e+04
    quantiles: p    1=5208  p    5=1.083e+04  p   10=1.557e+04  p   25=2.691e+04  p   50=4.538e+04  p   75=6.823e+04  p   90=9.504e+04  p   95=1.114e+05  p   99=1.75e+05  p 99.9=1.801e+05
    above-thr: >10=100.00%  >100=100.00%  >1000=99.98%  >5000=99.09%  >10000=95.74%  >30000=70.62%  >50000=44.55%
[147/348] mat0148  cohort2 (100<=mat<352, factor2)
  shape: K=589, V=386905, total=227,887,045, valid(non-zero)=225,392,095 (98.9%)
  [per-mat (post-CCM)] n=676,176,285  min=0  max=2.145e+05  mean=4.722e+04  median=4.03e+04  std=3.284e+04  geomean(>0)=3.597e+04
    quantiles: p    1=3252  p    5=7986  p   10=1.223e+04  p   25=2.268e+04  p   50=4.03e+04  p   75=6.549e+04  p   90=9.05e+04  p   95=1.084e+05  p   99=1.689e+05  p 99.9=1.801e+05
    above-thr: >10=100.00%  >100=99.99%  >1000=99.90%  >5000=97.77%  >10000=92.76%  >30000=64.10%  >50000=38.75%
[148/348] mat0149  cohort2 (100<=mat<352, factor2)
  shape: K=589, V=327060, total=192,638,340, valid(non-zero)=191,723,768 (99.5%)
  [per-mat (post-CCM)] n=575,171,304  min=0  max=2.086e+05  mean=2.88e+04  median=2.362e+04  std=2.098e+04  geomean(>0)=2.232e+04
    quantiles: p    1=2745  p    5=5935  p   10=8432  p   25=1.414e+04  p   50=2.362e+04  p   75=3.763e+04  p   90=5.58e+04  p   95=6.917e+04  p   99=1.045e+05  p 99.9=1.708e+05
    above-thr: >10=100.00%  >100=100.00%  >1000=99.92%  >5000=96.46%  >10000=86.21%  >30000=36.74%  >50000=13.35%
[149/348] mat0150  cohort2 (100<=mat<352, factor2)
  shape: K=587, V=327628, total=192,317,636, valid(non-zero)=191,396,009 (99.5%)
  [per-mat (post-CCM)] n=574,188,027  min=0  max=2.044e+05  mean=5.677e+04  median=5.251e+04  std=3.203e+04  geomean(>0)=4.74e+04
    quantiles: p    1=5769  p    5=1.392e+04  p   10=2.034e+04  p   25=3.396e+04  p   50=5.251e+04  p   75=7.233e+04  p   90=1.005e+05  p   95=1.137e+05  p   99=1.774e+05  p 99.9=1.801e+05
    above-thr: >10=100.00%  >100=100.00%  >1000=99.99%  >5000=99.25%  >10000=97.26%  >30000=79.83%  >50000=53.34%
[150/348] mat0151  cohort2 (100<=mat<352, factor2)
  shape: K=587, V=416096, total=244,248,352, valid(non-zero)=239,639,938 (98.1%)
  [per-mat (post-CCM)] n=718,919,814  min=0  max=2.048e+05  mean=5.402e+04  median=4.971e+04  std=3.251e+04  geomean(>0)=4.315e+04
    quantiles: p    1=3252  p    5=9770  p   10=1.617e+04  p   25=3.059e+04  p   50=4.971e+04  p   75=7.079e+04  p   90=9.759e+04  p   95=1.124e+05  p   99=1.698e+05  p 99.9=1.801e+05
    above-thr: >10=100.00%  >100=100.00%  >1000=99.93%  >5000=98.07%  >10000=94.84%  >30000=75.72%  >50000=49.63%
[151/348] mat0152  cohort2 (100<=mat<352, factor2)
  shape: K=587, V=404337, total=237,345,819, valid(non-zero)=233,404,708 (98.3%)
  [per-mat (post-CCM)] n=700,214,124  min=0  max=2.105e+05  mean=3.448e+04  median=2.804e+04  std=2.57e+04  geomean(>0)=2.596e+04
    quantiles: p    1=2721  p    5=5966  p   10=8930  p   25=1.605e+04  p   50=2.804e+04  p   75=4.603e+04  p   90=6.82e+04  p   95=8.39e+04  p   99=1.187e+05  p 99.9=1.801e+05
    above-thr: >10=99.99%  >100=99.99%  >1000=99.89%  >5000=96.39%  >10000=87.96%  >30000=46.50%  >50000=21.41%
[152/348] mat0153  cohort2 (100<=mat<352, factor2)
  shape: K=587, V=405404, total=237,972,148, valid(non-zero)=233,064,290 (97.9%)
  [per-mat (post-CCM)] n=699,192,870  min=0  max=2.1e+05  mean=2.552e+04  median=1.995e+04  std=2.027e+04  geomean(>0)=1.905e+04
    quantiles: p    1=2141  p    5=4703  p   10=6768  p   25=1.162e+04  p   50=1.995e+04  p   75=3.33e+04  p   90=5.144e+04  p   95=6.585e+04  p   99=9.882e+04  p 99.9=1.573e+05
    above-thr: >10=99.99%  >100=99.98%  >1000=99.79%  >5000=94.37%  >10000=80.26%  >30000=29.63%  >50000=10.74%
[153/348] mat0154  cohort2 (100<=mat<352, factor2)
  shape: K=587, V=257117, total=150,927,679, valid(non-zero)=150,800,587 (99.9%)
  [per-mat (post-CCM)] n=452,401,761  min=0  max=2.178e+05  mean=2.428e+04  median=1.769e+04  std=2.303e+04  geomean(>0)=1.53e+04
    quantiles: p    1=523.5  p    5=1968  p   10=3418  p   25=8323  p   50=1.769e+04  p   75=3.248e+04  p   90=5.344e+04  p   95=7.007e+04  p   99=1.092e+05  p 99.9=1.705e+05
    above-thr: >10=99.69%  >100=99.61%  >1000=97.95%  >5000=84.82%  >10000=70.23%  >30000=28.02%  >50000=11.56%
[154/348] mat0155  cohort2 (100<=mat<352, factor2)
  shape: K=587, V=290477, total=170,509,999, valid(non-zero)=169,611,313 (99.5%)
  [per-mat (post-CCM)] n=508,833,939  min=0  max=2.125e+05  mean=3.677e+04  median=2.888e+04  std=2.868e+04  geomean(>0)=2.719e+04
    quantiles: p    1=2958  p    5=6292  p   10=9090  p   25=1.639e+04  p   50=2.888e+04  p   75=4.907e+04  p   90=7.381e+04  p   95=9.565e+04  p   99=1.361e+05  p 99.9=1.801e+05
    above-thr: >10=99.99%  >100=99.99%  >1000=99.86%  >5000=96.91%  >10000=88.24%  >30000=48.10%  >50000=24.23%
[155/348] mat0156  cohort2 (100<=mat<352, factor2)
  shape: K=587, V=312204, total=183,263,748, valid(non-zero)=182,893,277 (99.8%)
  [per-mat (post-CCM)] n=548,679,831  min=0  max=2.202e+05  mean=2.322e+04  median=1.667e+04  std=2.155e+04  geomean(>0)=1.576e+04
    quantiles: p    1=1280  p    5=3013  p   10=4662  p   25=8888  p   50=1.667e+04  p   75=3.022e+04  p   90=4.998e+04  p   95=6.621e+04  p   99=1.051e+05  p 99.9=1.68e+05
    above-thr: >10=99.95%  >100=99.92%  >1000=99.36%  >5000=88.90%  >10000=70.95%  >30000=25.27%  >50000= 9.99%
[156/348] mat0157  cohort2 (100<=mat<352, factor2)
  shape: K=587, V=226453, total=132,927,911, valid(non-zero)=132,878,285 (100.0%)
  [per-mat (post-CCM)] n=398,634,855  min=0  max=2.214e+05  mean=9859  median=6314  std=1.093e+04  geomean(>0)=5883
    quantiles: p    1=0  p    5=659.5  p   10=1300  p   25=2973  p   50=6314  p   75=1.269e+04  p   90=2.272e+04  p   95=3.119e+04  p   99=5.271e+04  p 99.9=8.724e+04
    above-thr: >10=98.77%  >100=98.39%  >1000=92.43%  >5000=58.57%  >10000=33.00%  >30000= 5.50%  >50000= 1.21%
[157/348] mat0158  cohort2 (100<=mat<352, factor2)
  shape: K=587, V=294550, total=172,900,850, valid(non-zero)=172,017,120 (99.5%)
  [per-mat (post-CCM)] n=516,051,360  min=0  max=2.231e+05  mean=1.05e+04  median=7328  std=1.024e+04  geomean(>0)=6956
    quantiles: p    1=425.6  p    5=1305  p   10=2014  p   25=3776  p   50=7328  p   75=1.367e+04  p   90=2.291e+04  p   95=3.046e+04  p   99=4.941e+04  p 99.9=8.01e+04
    above-thr: >10=99.75%  >100=99.64%  >1000=96.72%  >5000=65.25%  >10000=37.07%  >30000= 5.21%  >50000= 0.95%
[158/348] mat0159  cohort2 (100<=mat<352, factor2)
  shape: K=587, V=288615, total=169,417,005, valid(non-zero)=167,967,871 (99.1%)
  [per-mat (post-CCM)] n=503,903,613  min=0  max=2.165e+05  mean=1.065e+04  median=7495  std=1.021e+04  geomean(>0)=7300
    quantiles: p    1=732.4  p    5=1606  p   10=2295  p   25=4043  p   50=7495  p   75=1.369e+04  p   90=2.284e+04  p   95=3.04e+04  p   99=4.982e+04  p 99.9=8.083e+04
    above-thr: >10=99.93%  >100=99.89%  >1000=98.14%  >5000=67.12%  >10000=37.46%  >30000= 5.18%  >50000= 0.99%
[159/348] mat0160  cohort2 (100<=mat<352, factor2)
  shape: K=589, V=313653, total=184,741,617, valid(non-zero)=180,935,348 (97.9%)
  [per-mat (post-CCM)] n=542,806,044  min=0  max=2.134e+05  mean=3.211e+04  median=2.538e+04  std=2.445e+04  geomean(>0)=2.455e+04
    quantiles: p    1=3477  p    5=6605  p   10=9090  p   25=1.506e+04  p   50=2.538e+04  p   75=4.202e+04  p   90=6.494e+04  p   95=7.865e+04  p   99=1.158e+05  p 99.9=1.801e+05
    above-thr: >10=100.00%  >100=100.00%  >1000=99.96%  >5000=97.46%  >10000=87.92%  >30000=41.24%  >50000=18.05%
[160/348] mat0161  cohort2 (100<=mat<352, factor2)
  shape: K=589, V=322300, total=189,834,700, valid(non-zero)=188,867,570 (99.5%)
  [per-mat (post-CCM)] n=566,602,710  min=0  max=2.205e+05  mean=2.916e+04  median=2.324e+04  std=2.179e+04  geomean(>0)=2.249e+04
    quantiles: p    1=3658  p    5=6234  p   10=8370  p   25=1.364e+04  p   50=2.324e+04  p   75=3.845e+04  p   90=5.823e+04  p   95=7.181e+04  p   99=1.056e+05  p 99.9=1.662e+05
    above-thr: >10=100.00%  >100=100.00%  >1000=99.98%  >5000=97.27%  >10000=85.57%  >30000=36.87%  >50000=14.61%
[161/348] mat0162  cohort2 (100<=mat<352, factor2)
  shape: K=589, V=305866, total=180,155,074, valid(non-zero)=178,262,799 (98.9%)
  [per-mat (post-CCM)] n=534,788,397  min=0  max=2.128e+05  mean=2.887e+04  median=2.186e+04  std=2.333e+04  geomean(>0)=2.148e+04
    quantiles: p    1=3124  p    5=5626  p   10=7642  p   25=1.261e+04  p   50=2.186e+04  p   75=3.784e+04  p   90=6.076e+04  p   95=7.511e+04  p   99=1.12e+05  p 99.9=1.801e+05
    above-thr: >10=100.00%  >100=100.00%  >1000=99.97%  >5000=96.28%  >10000=83.10%  >30000=34.91%  >50000=15.22%
[162/348] mat0163  cohort2 (100<=mat<352, factor2)
  shape: K=589, V=310685, total=182,993,465, valid(non-zero)=181,085,267 (99.0%)
  [per-mat (post-CCM)] n=543,255,801  min=0  max=2.148e+05  mean=1.655e+04  median=1.186e+04  std=1.505e+04  geomean(>0)=1.162e+04
    quantiles: p    1=1401  p    5=2708  p   10=3772  p   25=6482  p   50=1.186e+04  p   75=2.146e+04  p   90=3.538e+04  p   95=4.664e+04  p   99=7.335e+04  p 99.9=1.125e+05
    above-thr: >10=99.99%  >100=99.99%  >1000=99.59%  >5000=83.31%  >10000=57.53%  >30000=14.12%  >50000= 4.09%
[163/348] mat0164  cohort2 (100<=mat<352, factor2)
  shape: K=589, V=273514, total=161,099,746, valid(non-zero)=158,624,853 (98.5%)
  [per-mat (post-CCM)] n=475,874,559  min=0  max=2.097e+05  mean=9468  median=6079  std=1.039e+04  geomean(>0)=5828
    quantiles: p    1=334.2  p    5=975.6  p   10=1510  p   25=2962  p   50=6079  p   75=1.215e+04  p   90=2.148e+04  p   95=2.928e+04  p   99=5.011e+04  p 99.9=8.495e+04
    above-thr: >10=99.76%  >100=99.63%  >1000=94.80%  >5000=57.34%  >10000=31.55%  >30000= 4.70%  >50000= 1.01%
[164/348] mat0165  cohort2 (100<=mat<352, factor2)
  shape: K=589, V=289771, total=170,675,119, valid(non-zero)=169,805,723 (99.5%)
  [per-mat (post-CCM)] n=509,417,169  min=0  max=2.106e+05  mean=1.309e+04  median=8234  std=1.461e+04  geomean(>0)=7563
    quantiles: p    1=92.18  p    5=878.2  p   10=1588  p   25=3698  p   50=8234  p   75=1.691e+04  p   90=3.054e+04  p   95=4.231e+04  p   99=7.298e+04  p 99.9=9.996e+04
    above-thr: >10=99.22%  >100=98.98%  >1000=94.18%  >5000=66.68%  >10000=43.01%  >30000=10.34%  >50000= 3.28%
[165/348] mat0166  cohort2 (100<=mat<352, factor2)
  shape: K=589, V=287056, total=169,075,984, valid(non-zero)=166,200,314 (98.3%)
  [per-mat (post-CCM)] n=498,600,942  min=0  max=2.1e+05  mean=1.074e+04  median=6939  std=1.156e+04  geomean(>0)=6663
    quantiles: p    1=403  p    5=1138  p   10=1739  p   25=3396  p   50=6939  p   75=1.379e+04  p   90=2.435e+04  p   95=3.323e+04  p   99=5.647e+04  p 99.9=9.136e+04
    above-thr: >10=99.76%  >100=99.66%  >1000=95.98%  >5000=62.27%  >10000=36.16%  >30000= 6.39%  >50000= 1.52%
[166/348] mat0167  cohort2 (100<=mat<352, factor2)
  shape: K=589, V=217731, total=128,243,559, valid(non-zero)=126,230,454 (98.4%)
  [per-mat (post-CCM)] n=378,691,362  min=0  max=2.152e+05  mean=6057  median=3762  std=7279  geomean(>0)=3564
    quantiles: p    1=106.1  p    5=516.6  p   10=840.7  p   25=1733  p   50=3762  p   75=7758  p   90=1.385e+04  p   95=1.894e+04  p   99=3.309e+04  p 99.9=7.123e+04
    above-thr: >10=99.43%  >100=99.03%  >1000=87.27%  >5000=39.83%  >10000=17.61%  >30000= 1.36%  >50000= 0.27%
[167/348] mat0168  cohort2 (100<=mat<352, factor2)
  shape: K=589, V=273935, total=161,347,715, valid(non-zero)=160,250,654 (99.3%)
  [per-mat (post-CCM)] n=480,751,962  min=0  max=2.158e+05  mean=8460  median=5710  std=8675  geomean(>0)=5468
    quantiles: p    1=384.2  p    5=1014  p   10=1524  p   25=2870  p   50=5710  p   75=1.1e+04  p   90=1.876e+04  p   95=2.506e+04  p   99=4.131e+04  p 99.9=7.145e+04
    above-thr: >10=99.81%  >100=99.70%  >1000=95.12%  >5000=55.23%  >10000=28.35%  >30000= 2.98%  >50000= 0.47%
[168/348] mat0169  cohort2 (100<=mat<352, factor2)
  shape: K=589, V=190424, total=112,159,736, valid(non-zero)=111,957,893 (99.8%)
  [per-mat (post-CCM)] n=335,873,679  min=0  max=2.278e+05  mean=5868  median=3554  std=7316  geomean(>0)=3405
    quantiles: p    1=125.1  p    5=501  p   10=801.8  p   25=1652  p   50=3554  p   75=7368  p   90=1.342e+04  p   95=1.868e+04  p   99=3.383e+04  p 99.9=7.208e+04
    above-thr: >10=99.50%  >100=99.15%  >1000=86.41%  >5000=37.82%  >10000=16.46%  >30000= 1.43%  >50000= 0.31%
[169/348] mat0170  cohort2 (100<=mat<352, factor2)
  shape: K=591, V=277830, total=164,197,530, valid(non-zero)=162,519,606 (99.0%)
  [per-mat (post-CCM)] n=487,558,818  min=0  max=2.164e+05  mean=1.076e+04  median=6664  std=1.219e+04  geomean(>0)=6616
    quantiles: p    1=524.1  p    5=1228  p   10=1806  p   25=3354  p   50=6664  p   75=1.342e+04  p   90=2.463e+04  p   95=3.436e+04  p   99=5.979e+04  p 99.9=1.009e+05
    above-thr: >10=99.90%  >100=99.83%  >1000=96.61%  >5000=61.08%  >10000=34.78%  >30000= 6.77%  >50000= 1.81%
[170/348] mat0171  cohort2 (100<=mat<352, factor2)
  shape: K=591, V=256732, total=151,728,612, valid(non-zero)=150,945,422 (99.5%)
  [per-mat (post-CCM)] n=452,836,266  min=0  max=2.291e+05  mean=1.002e+04  median=4449  std=1.449e+04  geomean(>0)=4437
    quantiles: p    1=0  p    5=380.3  p   10=696.9  p   25=1652  p   50=4449  p   75=1.229e+04  p   90=2.612e+04  p   95=3.868e+04  p   99=7.023e+04  p 99.9=1.186e+05
    above-thr: >10=98.75%  >100=98.12%  >1000=84.94%  >5000=47.08%  >10000=29.99%  >30000= 8.01%  >50000= 2.77%
[171/348] mat0172  cohort2 (100<=mat<352, factor2)
  shape: K=591, V=288299, total=170,384,709, valid(non-zero)=169,519,725 (99.5%)
  [per-mat (post-CCM)] n=508,559,175  min=0  max=2.286e+05  mean=1.516e+04  median=5096  std=2.387e+04  geomean(>0)=5550
    quantiles: p    1=0  p    5=0  p   10=309.4  p   25=1458  p   50=5096  p   75=1.876e+04  p   90=4.305e+04  p   95=6.396e+04  p   99=1.149e+05  p 99.9=1.855e+05
    above-thr: >10=94.27%  >100=93.02%  >1000=80.58%  >5000=50.39%  >10000=37.04%  >30000=15.97%  >50000= 7.90%
[172/348] mat0173  cohort2 (100<=mat<352, factor2)
  shape: K=591, V=290735, total=171,824,385, valid(non-zero)=170,661,445 (99.3%)
  [per-mat (post-CCM)] n=511,984,335  min=0  max=2.239e+05  mean=2.115e+04  median=1.083e+04  std=2.726e+04  geomean(>0)=1.036e+04
    quantiles: p    1=455.3  p    5=1225  p   10=1923  p   25=4100  p   50=1.083e+04  p   75=2.73e+04  p   90=5.292e+04  p   95=7.608e+04  p   99=1.36e+05  p 99.9=1.928e+05
    above-thr: >10=99.84%  >100=99.75%  >1000=96.42%  >5000=70.08%  >10000=52.06%  >30000=22.46%  >50000=10.98%
[173/348] mat0174  cohort2 (100<=mat<352, factor2)
  shape: K=591, V=278653, total=164,683,923, valid(non-zero)=162,733,352 (98.8%)
  [per-mat (post-CCM)] n=488,200,056  min=0  max=2.278e+05  mean=1.349e+04  median=5465  std=1.985e+04  geomean(>0)=5542
    quantiles: p    1=0  p    5=416  p   10=781.6  p   25=1906  p   50=5465  p   75=1.681e+04  p   90=3.633e+04  p   95=5.334e+04  p   99=9.576e+04  p 99.9=1.586e+05
    above-thr: >10=98.67%  >100=98.10%  >1000=86.83%  >5000=52.08%  >10000=36.54%  >30000=13.19%  >50000= 5.71%
[174/348] mat0175  cohort2 (100<=mat<352, factor2)
  shape: K=591, V=269823, total=159,465,393, valid(non-zero)=155,347,736 (97.4%)
  [per-mat (post-CCM)] n=466,043,208  min=0  max=2.214e+05  mean=9778  median=5185  std=1.325e+04  geomean(>0)=4971
    quantiles: p    1=2.315  p    5=530.9  p   10=933.3  p   25=2146  p   50=5185  p   75=1.177e+04  p   90=2.383e+04  p   95=3.542e+04  p   99=6.572e+04  p 99.9=1.112e+05
    above-thr: >10=98.97%  >100=98.57%  >1000=89.12%  >5000=51.15%  >10000=29.56%  >30000= 6.84%  >50000= 2.27%
[175/348] mat0176  cohort2 (100<=mat<352, factor2)
  shape: K=591, V=303690, total=179,480,790, valid(non-zero)=177,658,617 (99.0%)
  [per-mat (post-CCM)] n=532,975,851  min=0  max=2.177e+05  mean=1.819e+04  median=1.156e+04  std=2.022e+04  geomean(>0)=1.108e+04
    quantiles: p    1=793.9  p    5=1878  p   10=2845  p   25=5588  p   50=1.156e+04  p   75=2.29e+04  p   90=4.137e+04  p   95=5.787e+04  p   99=1.006e+05  p 99.9=1.655e+05
    above-thr: >10=99.94%  >100=99.91%  >1000=98.47%  >5000=78.10%  >10000=55.48%  >30000=17.14%  >50000= 6.90%
[176/348] mat0177  cohort2 (100<=mat<352, factor2)
  shape: K=591, V=313251, total=185,131,341, valid(non-zero)=182,308,143 (98.5%)
  [per-mat (post-CCM)] n=546,924,429  min=0  max=2.232e+05  mean=1.854e+04  median=1.235e+04  std=1.935e+04  geomean(>0)=1.179e+04
    quantiles: p    1=926.8  p    5=2135  p   10=3203  p   25=6158  p   50=1.235e+04  p   75=2.368e+04  p   90=4.128e+04  p   95=5.656e+04  p   99=9.553e+04  p 99.9=1.544e+05
    above-thr: >10=99.96%  >100=99.93%  >1000=98.84%  >5000=80.80%  >10000=58.27%  >30000=17.65%  >50000= 6.68%
[177/348] mat0178  cohort2 (100<=mat<352, factor2)
  shape: K=591, V=317612, total=187,708,692, valid(non-zero)=185,796,316 (99.0%)
  [per-mat (post-CCM)] n=557,388,948  min=0  max=2.182e+05  mean=2.908e+04  median=2.02e+04  std=2.848e+04  geomean(>0)=1.801e+04
    quantiles: p    1=841  p    5=2543  p   10=4218  p   25=9287  p   50=2.02e+04  p   75=3.903e+04  p   90=6.603e+04  p   95=8.695e+04  p   99=1.375e+05  p 99.9=1.823e+05
    above-thr: >10=99.87%  >100=99.82%  >1000=98.74%  >5000=87.63%  >10000=73.04%  >30000=34.72%  >50000=17.05%
[178/348] mat0179  cohort2 (100<=mat<352, factor2)
  shape: K=591, V=251111, total=148,406,601, valid(non-zero)=148,350,008 (100.0%)
  [per-mat (post-CCM)] n=445,050,024  min=0  max=2.194e+05  mean=3.308e+04  median=2.496e+04  std=2.835e+04  geomean(>0)=2.282e+04
    quantiles: p    1=1861  p    5=4259  p   10=6540  p   25=1.281e+04  p   50=2.496e+04  p   75=4.464e+04  p   90=7.018e+04  p   95=9.028e+04  p   99=1.349e+05  p 99.9=1.801e+05
    above-thr: >10=99.98%  >100=99.97%  >1000=99.70%  >5000=93.45%  >10000=81.71%  >30000=41.93%  >50000=20.70%
[179/348] mat0180  cohort2 (100<=mat<352, factor2)
  shape: K=591, V=310574, total=183,549,234, valid(non-zero)=180,443,494 (98.3%)
  [per-mat (post-CCM)] n=541,330,482  min=0  max=2.125e+05  mean=5.117e+04  median=4.307e+04  std=3.654e+04  geomean(>0)=3.838e+04
    quantiles: p    1=3803  p    5=8260  p   10=1.223e+04  p   25=2.343e+04  p   50=4.307e+04  p   75=6.877e+04  p   90=1.028e+05  p   95=1.199e+05  p   99=1.801e+05  p 99.9=1.806e+05
    above-thr: >10=100.00%  >100=99.99%  >1000=99.93%  >5000=98.23%  >10000=92.88%  >30000=66.16%  >50000=42.55%
[180/348] mat0181  cohort2 (100<=mat<352, factor2)
  shape: K=591, V=295602, total=174,700,782, valid(non-zero)=174,578,498 (99.9%)
  [per-mat (post-CCM)] n=523,735,494  min=0  max=2.116e+05  mean=4.717e+04  median=3.912e+04  std=3.29e+04  geomean(>0)=3.685e+04
    quantiles: p    1=4863  p    5=9949  p   10=1.385e+04  p   25=2.319e+04  p   50=3.912e+04  p   75=6.417e+04  p   90=9.116e+04  p   95=1.087e+05  p   99=1.774e+05  p 99.9=1.801e+05
    above-thr: >10=100.00%  >100=100.00%  >1000=99.97%  >5000=98.94%  >10000=94.94%  >30000=63.62%  >50000=37.06%
[181/348] mat0182  cohort2 (100<=mat<352, factor2)
  shape: K=591, V=294198, total=173,871,018, valid(non-zero)=173,871,018 (100.0%)
  [per-mat (post-CCM)] n=521,613,054  min=0  max=2.107e+05  mean=5.517e+04  median=4.862e+04  std=3.335e+04  geomean(>0)=4.576e+04
    quantiles: p    1=7530  p    5=1.471e+04  p   10=1.981e+04  p   25=3.093e+04  p   50=4.862e+04  p   75=7.057e+04  p   90=1.013e+05  p   95=1.143e+05  p   99=1.801e+05  p 99.9=1.801e+05
    above-thr: >10=100.00%  >100=100.00%  >1000=99.99%  >5000=99.64%  >10000=98.02%  >30000=76.37%  >50000=48.30%
[182/348] mat0183  cohort2 (100<=mat<352, factor2)
  shape: K=591, V=302306, total=178,662,846, valid(non-zero)=177,731,528 (99.5%)
  [per-mat (post-CCM)] n=533,194,584  min=0  max=2.115e+05  mean=6.937e+04  median=6.585e+04  std=3.538e+04  geomean(>0)=6.059e+04
    quantiles: p    1=1.218e+04  p    5=2.269e+04  p   10=3.004e+04  p   25=4.472e+04  p   50=6.585e+04  p   75=8.488e+04  p   90=1.119e+05  p   95=1.412e+05  p   99=1.801e+05  p 99.9=1.801e+05
    above-thr: >10=100.00%  >100=100.00%  >1000=100.00%  >5000=99.93%  >10000=99.43%  >30000=90.03%  >50000=68.78%
[183/348] mat0184  cohort2 (100<=mat<352, factor2)
  shape: K=591, V=276895, total=163,644,945, valid(non-zero)=162,260,470 (99.2%)
  [per-mat (post-CCM)] n=486,781,410  min=0  max=2.156e+05  mean=5.012e+04  median=4.29e+04  std=3.227e+04  geomean(>0)=4.062e+04
    quantiles: p    1=5831  p    5=1.219e+04  p   10=1.686e+04  p   25=2.688e+04  p   50=4.29e+04  p   75=6.65e+04  p   90=9.21e+04  p   95=1.096e+05  p   99=1.801e+05  p 99.9=1.801e+05
    above-thr: >10=100.00%  >100=100.00%  >1000=99.99%  >5000=99.29%  >10000=96.74%  >30000=69.82%  >50000=41.14%
[184/348] mat0185  cohort2 (100<=mat<352, factor2)
  shape: K=591, V=295152, total=174,434,832, valid(non-zero)=174,422,523 (100.0%)
  [per-mat (post-CCM)] n=523,267,569  min=0  max=2.106e+05  mean=5.867e+04  median=5.292e+04  std=3.379e+04  geomean(>0)=4.951e+04
    quantiles: p    1=9192  p    5=1.691e+04  p   10=2.224e+04  p   25=3.395e+04  p   50=5.292e+04  p   75=7.396e+04  p   90=1.051e+05  p   95=1.177e+05  p   99=1.801e+05  p 99.9=1.801e+05
    above-thr: >10=100.00%  >100=100.00%  >1000=99.99%  >5000=99.80%  >10000=98.75%  >30000=80.42%  >50000=53.50%
[185/348] mat0186  cohort2 (100<=mat<352, factor2)
  shape: K=591, V=321283, total=189,878,253, valid(non-zero)=189,117,771 (99.6%)
  [per-mat (post-CCM)] n=567,353,313  min=0  max=2.196e+05  mean=3.336e+04  median=2.568e+04  std=2.726e+04  geomean(>0)=2.42e+04
    quantiles: p    1=2548  p    5=5461  p   10=7898  p   25=1.419e+04  p   50=2.568e+04  p   75=4.428e+04  p   90=6.844e+04  p   95=8.756e+04  p   99=1.318e+05  p 99.9=1.801e+05
    above-thr: >10=99.99%  >100=99.99%  >1000=99.85%  >5000=95.82%  >10000=85.16%  >30000=42.56%  >50000=20.24%
[186/348] mat0187  cohort2 (100<=mat<352, factor2)
  shape: K=591, V=305550, total=180,580,050, valid(non-zero)=179,040,718 (99.1%)
  [per-mat (post-CCM)] n=537,122,154  min=0  max=2.154e+05  mean=3.095e+04  median=2.324e+04  std=2.577e+04  geomean(>0)=2.264e+04
    quantiles: p    1=2702  p    5=5627  p   10=7881  p   25=1.331e+04  p   50=2.324e+04  p   75=4.041e+04  p   90=6.535e+04  p   95=8.106e+04  p   99=1.222e+05  p 99.9=1.801e+05
    above-thr: >10=100.00%  >100=99.99%  >1000=99.88%  >5000=96.13%  >10000=84.40%  >30000=37.81%  >50000=17.39%
[187/348] mat0188  cohort2 (100<=mat<352, factor2)
  shape: K=591, V=304638, total=180,041,058, valid(non-zero)=178,514,928 (99.2%)
  [per-mat (post-CCM)] n=535,544,784  min=0  max=2.125e+05  mean=2.998e+04  median=2.062e+04  std=2.831e+04  geomean(>0)=1.959e+04
    quantiles: p    1=1682  p    5=3615  p   10=5317  p   25=1.015e+04  p   50=2.062e+04  p   75=4.055e+04  p   90=6.746e+04  p   95=8.632e+04  p   99=1.326e+05  p 99.9=1.801e+05
    above-thr: >10=99.98%  >100=99.97%  >1000=99.67%  >5000=90.98%  >10000=75.45%  >30000=35.64%  >50000=18.47%
[188/348] mat0189  cohort2 (100<=mat<352, factor2)
  shape: K=591, V=317926, total=187,894,266, valid(non-zero)=186,898,415 (99.5%)
  [per-mat (post-CCM)] n=560,695,245  min=0  max=2.164e+05  mean=2.848e+04  median=2.146e+04  std=2.399e+04  geomean(>0)=2.059e+04
    quantiles: p    1=2257  p    5=4844  p   10=6899  p   25=1.2e+04  p   50=2.146e+04  p   75=3.738e+04  p   90=5.959e+04  p   95=7.52e+04  p   99=1.143e+05  p 99.9=1.801e+05
    above-thr: >10=99.99%  >100=99.99%  >1000=99.80%  >5000=94.67%  >10000=81.01%  >30000=34.36%  >50000=14.74%
[189/348] mat0190  cohort2 (100<=mat<352, factor2)
  shape: K=591, V=296853, total=175,440,123, valid(non-zero)=174,846,417 (99.7%)
  [per-mat (post-CCM)] n=524,539,251  min=0  max=2.186e+05  mean=1.63e+04  median=1.108e+04  std=1.658e+04  geomean(>0)=1.028e+04
    quantiles: p    1=480.3  p    5=1642  p   10=2653  p   25=5427  p   50=1.108e+04  p   75=2.13e+04  p   90=3.638e+04  p   95=4.881e+04  p   99=8.004e+04  p 99.9=1.285e+05
    above-thr: >10=99.77%  >100=99.67%  >1000=97.56%  >5000=77.26%  >10000=54.03%  >30000=14.55%  >50000= 4.69%
[190/348] mat0191  cohort2 (100<=mat<352, factor2)
  shape: K=591, V=224201, total=132,502,791, valid(non-zero)=132,496,607 (100.0%)
  [per-mat (post-CCM)] n=397,489,821  min=0  max=2.224e+05  mean=1.381e+04  median=8863  std=1.521e+04  geomean(>0)=8445
    quantiles: p    1=447.9  p    5=1378  p   10=2168  p   25=4322  p   50=8863  p   75=1.755e+04  p   90=3.131e+04  p   95=4.321e+04  p   99=7.452e+04  p 99.9=1.246e+05
    above-thr: >10=99.78%  >100=99.67%  >1000=96.97%  >5000=70.57%  >10000=45.35%  >30000=10.84%  >50000= 3.45%
[191/348] mat0192  cohort2 (100<=mat<352, factor2)
  shape: K=591, V=273531, total=161,656,821, valid(non-zero)=161,081,195 (99.6%)
  [per-mat (post-CCM)] n=483,243,585  min=0  max=2.197e+05  mean=9885  median=6259  std=1.115e+04  geomean(>0)=6119
    quantiles: p    1=420.2  p    5=1117  p   10=1659  p   25=3124  p   50=6259  p   75=1.235e+04  p   90=2.227e+04  p   95=3.102e+04  p   99=5.49e+04  p 99.9=9.471e+04
    above-thr: >10=99.79%  >100=99.69%  >1000=95.90%  >5000=58.68%  >10000=32.17%  >30000= 5.40%  >50000= 1.36%
[192/348] mat0193  cohort2 (100<=mat<352, factor2)
  shape: K=591, V=202427, total=119,634,357, valid(non-zero)=119,402,190 (99.8%)
  [per-mat (post-CCM)] n=358,206,570  min=0  max=2.113e+05  mean=5680  median=3396  std=7003  geomean(>0)=3283
    quantiles: p    1=96.51  p    5=487.3  p   10=774.5  p   25=1565  p   50=3396  p   75=7137  p   90=1.311e+04  p   95=1.835e+04  p   99=3.319e+04  p 99.9=6.622e+04
    above-thr: >10=99.38%  >100=98.98%  >1000=85.62%  >5000=36.53%  >10000=15.77%  >30000= 1.36%  >50000= 0.26%
[193/348] mat0194  cohort2 (100<=mat<352, factor2)
  shape: K=591, V=139919, total=82,692,129, valid(non-zero)=82,202,527 (99.4%)
  [per-mat (post-CCM)] n=246,607,581  min=0  max=2.23e+05  mean=4484  median=2764  std=5916  geomean(>0)=2622
    quantiles: p    1=0  p    5=354.8  p   10=606  p   25=1274  p   50=2764  p   75=5543  p   90=9971  p   95=1.4e+04  p   99=2.658e+04  p 99.9=6.648e+04
    above-thr: >10=98.90%  >100=98.26%  >1000=80.95%  >5000=28.40%  >10000= 9.95%  >30000= 0.72%  >50000= 0.19%
[194/348] mat0195  cohort2 (100<=mat<352, factor2)
  shape: K=591, V=258744, total=152,917,704, valid(non-zero)=151,866,960 (99.3%)
  [per-mat (post-CCM)] n=455,600,880  min=0  max=2.15e+05  mean=7553  median=4775  std=8234  geomean(>0)=4699
    quantiles: p    1=282  p    5=851.9  p   10=1283  p   25=2384  p   50=4775  p   75=9632  p   90=1.732e+04  p   95=2.37e+04  p   99=3.98e+04  p 99.9=6.569e+04
    above-thr: >10=99.70%  >100=99.53%  >1000=93.43%  >5000=48.24%  >10000=23.84%  >30000= 2.61%  >50000= 0.39%
[195/348] mat0196  cohort2 (100<=mat<352, factor2)
  shape: K=591, V=281284, total=166,238,844, valid(non-zero)=164,832,424 (99.2%)
  [per-mat (post-CCM)] n=494,497,272  min=0  max=2.177e+05  mean=1.518e+04  median=1.062e+04  std=1.446e+04  geomean(>0)=1.033e+04
    quantiles: p    1=1086  p    5=2235  p   10=3180  p   25=5633  p   50=1.062e+04  p   75=1.968e+04  p   90=3.294e+04  p   95=4.374e+04  p   99=7.041e+04  p 99.9=1.101e+05
    above-thr: >10=99.97%  >100=99.96%  >1000=99.17%  >5000=78.86%  >10000=52.55%  >30000=12.16%  >50000= 3.40%
[196/348] mat0197  cohort2 (100<=mat<352, factor2)
  shape: K=591, V=285582, total=168,778,962, valid(non-zero)=156,784,515 (92.9%)
  [per-mat (post-CCM)] n=470,353,545  min=0  max=2.086e+05  mean=3.349e+04  median=2.663e+04  std=2.502e+04  geomean(>0)=2.593e+04
    quantiles: p    1=4188  p    5=7367  p   10=9863  p   25=1.59e+04  p   50=2.663e+04  p   75=4.383e+04  p   90=6.649e+04  p   95=8.093e+04  p   99=1.188e+05  p 99.9=1.801e+05
    above-thr: >10=100.00%  >100=100.00%  >1000=99.99%  >5000=98.29%  >10000=89.69%  >30000=43.69%  >50000=19.55%
[197/348] mat0198  cohort2 (100<=mat<352, factor2)
  shape: K=591, V=351044, total=207,467,004, valid(non-zero)=206,452,296 (99.5%)
  [per-mat (post-CCM)] n=619,356,888  min=0  max=2.133e+05  mean=4.499e+04  median=4.013e+04  std=2.721e+04  geomean(>0)=3.675e+04
    quantiles: p    1=5257  p    5=1.024e+04  p   10=1.448e+04  p   25=2.464e+04  p   50=4.013e+04  p   75=6.1e+04  p   90=7.969e+04  p   95=9.487e+04  p   99=1.273e+05  p 99.9=1.801e+05
    above-thr: >10=100.00%  >100=100.00%  >1000=100.00%  >5000=99.13%  >10000=95.25%  >30000=66.17%  >50000=36.58%
[198/348] mat0199  cohort2 (100<=mat<352, factor2)
  shape: K=591, V=351364, total=207,656,124, valid(non-zero)=207,118,772 (99.7%)
  [per-mat (post-CCM)] n=621,356,316  min=0  max=2.028e+05  mean=4.294e+04  median=3.837e+04  std=3.157e+04  geomean(>0)=2.878e+04
    quantiles: p    1=1147  p    5=3032  p   10=5530  p   25=1.765e+04  p   50=3.837e+04  p   75=6.322e+04  p   90=8.245e+04  p   95=1.025e+05  p   99=1.399e+05  p 99.9=1.801e+05
    above-thr: >10=99.98%  >100=99.96%  >1000=99.23%  >5000=90.95%  >10000=83.57%  >30000=60.45%  >50000=36.73%
[199/348] mat0200  cohort2 (100<=mat<352, factor2)
  shape: K=589, V=150976, total=88,924,864, valid(non-zero)=87,250,837 (98.1%)
  [per-mat (post-CCM)] n=261,752,511  min=0  max=2.284e+05  mean=7057  median=2230  std=1.085e+04  geomean(>0)=2637
    quantiles: p    1=0  p    5=0  p   10=127.5  p   25=660  p   50=2230  p   75=9574  p   90=2.024e+04  p   95=2.859e+04  p   99=4.953e+04  p 99.9=8.576e+04
    above-thr: >10=93.31%  >100=90.80%  >1000=67.25%  >5000=35.95%  >10000=24.14%  >30000= 4.47%  >50000= 0.97%
[200/348] mat0201  cohort2 (100<=mat<352, factor2)
  shape: K=589, V=341516, total=201,152,924, valid(non-zero)=198,045,653 (98.5%)
  [per-mat (post-CCM)] n=594,136,959  min=0  max=2.249e+05  mean=1.795e+04  median=6811  std=2.247e+04  geomean(>0)=7736
    quantiles: p    1=0  p    5=423.2  p   10=1015  p   25=2701  p   50=6811  p   75=2.899e+04  p   90=5.055e+04  p   95=6.354e+04  p   99=9.424e+04  p 99.9=1.418e+05
    above-thr: >10=97.83%  >100=97.31%  >1000=90.13%  >5000=58.43%  >10000=41.42%  >30000=24.21%  >50000=10.28%
[201/348] mat0202  cohort2 (100<=mat<352, factor2)
  shape: K=589, V=265255, total=156,235,195, valid(non-zero)=155,158,554 (99.3%)
  [per-mat (post-CCM)] n=465,475,662  min=0  max=2.274e+05  mean=1.504e+04  median=3215  std=2.192e+04  geomean(>0)=5651
    quantiles: p    1=0  p    5=0  p   10=0  p   25=880.8  p   50=3215  p   75=2.578e+04  p   90=4.619e+04  p   95=5.934e+04  p   99=9.146e+04  p 99.9=1.422e+05
    above-thr: >10=86.28%  >100=85.08%  >1000=73.41%  >5000=42.14%  >10000=35.02%  >30000=21.54%  >50000= 8.18%
[202/348] mat0203  cohort2 (100<=mat<352, factor2)
  shape: K=589, V=301829, total=177,777,281, valid(non-zero)=174,726,708 (98.3%)
  [per-mat (post-CCM)] n=524,180,124  min=0  max=2.237e+05  mean=1.034e+04  median=5917  std=1.202e+04  geomean(>0)=5369
    quantiles: p    1=0  p    5=370.2  p   10=808.3  p   25=2171  p   50=5917  p   75=1.454e+04  p   90=2.553e+04  p   95=3.4e+04  p   99=5.512e+04  p 99.9=8.927e+04
    above-thr: >10=98.10%  >100=97.46%  >1000=87.69%  >5000=54.51%  >10000=35.82%  >30000= 6.91%  >50000= 1.46%
[203/348] mat0204  cohort2 (100<=mat<352, factor2)
  shape: K=589, V=217908, total=128,347,812, valid(non-zero)=126,371,311 (98.5%)
  [per-mat (post-CCM)] n=379,113,933  min=0  max=2.292e+05  mean=8550  median=3132  std=1.205e+04  geomean(>0)=3537
    quantiles: p    1=0  p    5=224.2  p   10=486.6  p   25=1173  p   50=3132  p   75=1.202e+04  p   90=2.368e+04  p   95=3.249e+04  p   99=5.479e+04  p 99.9=9.284e+04
    above-thr: >10=97.79%  >100=96.78%  >1000=78.63%  >5000=40.48%  >10000=28.68%  >30000= 6.06%  >50000= 1.39%
[204/348] mat0205  cohort2 (100<=mat<352, factor2)
  shape: K=589, V=145439, total=85,663,571, valid(non-zero)=85,210,887 (99.5%)
  [per-mat (post-CCM)] n=255,632,661  min=0  max=2.186e+05  mean=5372  median=3403  std=6246  geomean(>0)=3234
    quantiles: p    1=0  p    5=384.8  p   10=732.3  p   25=1575  p   50=3403  p   75=6859  p   90=1.219e+04  p   95=1.689e+04  p   99=3.002e+04  p 99.9=5.493e+04
    above-thr: >10=98.33%  >100=97.71%  >1000=85.33%  >5000=35.92%  >10000=14.28%  >30000= 1.00%  >50000= 0.15%
[205/348] mat0206  cohort2 (100<=mat<352, factor2)
  shape: K=589, V=134051, total=78,956,039, valid(non-zero)=78,124,591 (98.9%)
  [per-mat (post-CCM)] n=234,373,773  min=0  max=2.257e+05  mean=4937  median=3481  std=5031  geomean(>0)=3366
    quantiles: p    1=181.3  p    5=688.5  p   10=1055  p   25=1913  p   50=3481  p   75=6213  p   90=1.035e+04  p   95=1.394e+04  p   99=2.419e+04  p 99.9=4.624e+04
    above-thr: >10=99.56%  >100=99.32%  >1000=90.83%  >5000=33.70%  >10000=10.76%  >30000= 0.48%  >50000= 0.07%
[206/348] mat0207  cohort2 (100<=mat<352, factor2)
  shape: K=589, V=326785, total=192,476,365, valid(non-zero)=190,171,847 (98.8%)
  [per-mat (post-CCM)] n=570,515,541  min=0  max=2.201e+05  mean=1.133e+04  median=8304  std=1.026e+04  geomean(>0)=7929
    quantiles: p    1=772.8  p    5=1749  p   10=2507  p   25=4445  p   50=8304  p   75=1.495e+04  p   90=2.378e+04  p   95=3.075e+04  p   99=4.916e+04  p 99.9=8.249e+04
    above-thr: >10=99.92%  >100=99.88%  >1000=98.36%  >5000=70.81%  >10000=41.91%  >30000= 5.37%  >50000= 0.94%
[207/348] mat0208  cohort2 (100<=mat<352, factor2)
  shape: K=589, V=291283, total=171,565,687, valid(non-zero)=169,199,417 (98.6%)
  [per-mat (post-CCM)] n=507,598,251  min=0  max=2.151e+05  mean=9024  median=6685  std=8104  geomean(>0)=6452
    quantiles: p    1=718.4  p    5=1539  p   10=2163  p   25=3718  p   50=6685  p   75=1.163e+04  p   90=1.86e+04  p   95=2.439e+04  p   99=3.962e+04  p 99.9=6.612e+04
    above-thr: >10=99.94%  >100=99.90%  >1000=98.03%  >5000=63.21%  >10000=31.34%  >30000= 2.68%  >50000= 0.38%
[208/348] mat0209  cohort2 (100<=mat<352, factor2)
  shape: K=589, V=371071, total=218,560,819, valid(non-zero)=214,823,119 (98.3%)
  [per-mat (post-CCM)] n=644,469,357  min=0  max=2.175e+05  mean=1.343e+04  median=9996  std=1.195e+04  geomean(>0)=9396
    quantiles: p    1=826.4  p    5=2002  p   10=2924  p   25=5292  p   50=9996  p   75=1.779e+04  p   90=2.801e+04  p   95=3.634e+04  p   99=5.782e+04  p 99.9=9.187e+04
    above-thr: >10=99.90%  >100=99.86%  >1000=98.62%  >5000=76.84%  >10000=49.98%  >30000= 8.43%  >50000= 1.76%
[209/348] mat0210  cohort2 (100<=mat<352, factor2)
  shape: K=589, V=456581, total=268,926,209, valid(non-zero)=266,127,861 (99.0%)
  [per-mat (post-CCM)] n=798,383,583  min=0  max=2.098e+05  mean=4.212e+04  median=3.717e+04  std=2.582e+04  geomean(>0)=3.453e+04
    quantiles: p    1=5589  p    5=1.02e+04  p   10=1.394e+04  p   25=2.302e+04  p   50=3.717e+04  p   75=5.605e+04  p   90=7.558e+04  p   95=9.01e+04  p   99=1.223e+05  p 99.9=1.801e+05
    above-thr: >10=100.00%  >100=100.00%  >1000=99.98%  >5000=99.27%  >10000=95.24%  >30000=62.32%  >50000=31.67%
[210/348] mat0211  cohort2 (100<=mat<352, factor2)
  shape: K=589, V=447937, total=263,834,893, valid(non-zero)=260,662,427 (98.8%)
  [per-mat (post-CCM)] n=781,987,281  min=0  max=2.101e+05  mean=3.385e+04  median=2.873e+04  std=2.255e+04  geomean(>0)=2.693e+04
    quantiles: p    1=4068  p    5=7534  p   10=1.03e+04  p   25=1.709e+04  p   50=2.873e+04  p   75=4.535e+04  p   90=6.435e+04  p   95=7.672e+04  p   99=1.064e+05  p 99.9=1.545e+05
    above-thr: >10=100.00%  >100=100.00%  >1000=99.98%  >5000=98.24%  >10000=90.60%  >30000=47.62%  >50000=20.24%
[211/348] mat0212  cohort2 (100<=mat<352, factor2)
  shape: K=589, V=387736, total=228,376,504, valid(non-zero)=226,776,934 (99.3%)
  [per-mat (post-CCM)] n=680,330,802  min=0  max=2.133e+05  mean=1.581e+04  median=1.223e+04  std=1.309e+04  geomean(>0)=1.136e+04
    quantiles: p    1=1074  p    5=2464  p   10=3623  p   25=6601  p   50=1.223e+04  p   75=2.115e+04  p   90=3.246e+04  p   95=4.111e+04  p   99=6.23e+04  p 99.9=9.624e+04
    above-thr: >10=99.95%  >100=99.93%  >1000=99.12%  >5000=83.17%  >10000=58.99%  >30000=12.20%  >50000= 2.50%
[212/348] mat0213  cohort2 (100<=mat<352, factor2)
  shape: K=589, V=215403, total=126,872,367, valid(non-zero)=125,765,257 (99.1%)
  [per-mat (post-CCM)] n=377,295,771  min=0  max=2.146e+05  mean=6339  median=4313  std=6778  geomean(>0)=3998
    quantiles: p    1=0  p    5=501.2  p   10=951.7  p   25=2080  p   50=4313  p   75=8221  p   90=1.399e+04  p   95=1.888e+04  p   99=3.241e+04  p 99.9=5.853e+04
    above-thr: >10=98.56%  >100=98.05%  >1000=89.40%  >5000=44.10%  >10000=18.61%  >30000= 1.30%  >50000= 0.20%
[213/348] mat0214  cohort2 (100<=mat<352, factor2)
  shape: K=589, V=452914, total=266,766,346, valid(non-zero)=264,470,741 (99.1%)
  [per-mat (post-CCM)] n=793,412,223  min=0  max=2.072e+05  mean=5.25e+04  median=4.837e+04  std=2.867e+04  geomean(>0)=4.459e+04
    quantiles: p    1=8404  p    5=1.464e+04  p   10=1.948e+04  p   25=3.078e+04  p   50=4.837e+04  p   75=6.893e+04  p   90=9.021e+04  p   95=1.054e+05  p   99=1.411e+05  p 99.9=1.801e+05
    above-thr: >10=100.00%  >100=100.00%  >1000=100.00%  >5000=99.83%  >10000=98.29%  >30000=76.11%  >50000=47.80%
[214/348] mat0215  cohort2 (100<=mat<352, factor2)
  shape: K=589, V=434405, total=255,864,545, valid(non-zero)=253,664,247 (99.1%)
  [per-mat (post-CCM)] n=760,992,741  min=0  max=2.089e+05  mean=3.146e+04  median=2.733e+04  std=1.987e+04  geomean(>0)=2.562e+04
    quantiles: p    1=4324  p    5=7626  p   10=1.03e+04  p   25=1.674e+04  p   50=2.733e+04  p   75=4.172e+04  p   90=5.785e+04  p   95=6.91e+04  p   99=9.506e+04  p 99.9=1.37e+05
    above-thr: >10=100.00%  >100=100.00%  >1000=99.99%  >5000=98.45%  >10000=90.62%  >30000=44.45%  >50000=15.83%
[215/348] mat0216  cohort2 (100<=mat<352, factor2)
  shape: K=589, V=419217, total=246,918,813, valid(non-zero)=244,789,878 (99.1%)
  [per-mat (post-CCM)] n=734,369,634  min=0  max=2.141e+05  mean=2.717e+04  median=2.226e+04  std=1.996e+04  geomean(>0)=2.061e+04
    quantiles: p    1=2533  p    5=5044  p   10=7087  p   25=1.243e+04  p   50=2.226e+04  p   75=3.674e+04  p   90=5.365e+04  p   95=6.59e+04  p   99=9.384e+04  p 99.9=1.35e+05
    above-thr: >10=100.00%  >100=99.99%  >1000=99.88%  >5000=95.09%  >10000=81.90%  >30000=34.95%  >50000=12.26%
[216/348] mat0217  cohort2 (100<=mat<352, factor2)
  shape: K=589, V=434773, total=256,081,297, valid(non-zero)=255,153,174 (99.6%)
  [per-mat (post-CCM)] n=765,459,522  min=0  max=2.138e+05  mean=2.54e+04  median=2.024e+04  std=2.054e+04  geomean(>0)=1.755e+04
    quantiles: p    1=1192  p    5=2943  p   10=4625  p   25=9882  p   50=2.024e+04  p   75=3.567e+04  p   90=5.28e+04  p   95=6.499e+04  p   99=9.341e+04  p 99.9=1.355e+05
    above-thr: >10=99.95%  >100=99.92%  >1000=99.26%  >5000=88.87%  >10000=74.68%  >30000=32.72%  >50000=11.70%
[217/348] mat0218  cohort2 (100<=mat<352, factor2)
  shape: K=589, V=409877, total=241,417,553, valid(non-zero)=238,463,565 (98.8%)
  [per-mat (post-CCM)] n=715,390,695  min=0  max=2.086e+05  mean=2.034e+04  median=1.653e+04  std=1.483e+04  geomean(>0)=1.588e+04
    quantiles: p    1=2430  p    5=4545  p   10=6109  p   25=9845  p   50=1.653e+04  p   75=2.668e+04  p   90=3.944e+04  p   95=4.907e+04  p   99=7.188e+04  p 99.9=1.082e+05
    above-thr: >10=100.00%  >100=99.99%  >1000=99.90%  >5000=93.69%  >10000=74.36%  >30000=19.74%  >50000= 4.68%
[218/348] mat0219  cohort2 (100<=mat<352, factor2)
  shape: K=589, V=299629, total=176,481,481, valid(non-zero)=175,564,620 (99.5%)
  [per-mat (post-CCM)] n=526,693,860  min=0  max=2.19e+05  mean=2.826e+04  median=1.939e+04  std=2.613e+04  geomean(>0)=1.748e+04
    quantiles: p    1=1077  p    5=2583  p   10=4013  p   25=8356  p   50=1.939e+04  p   75=4.132e+04  p   90=6.649e+04  p   95=7.941e+04  p   99=1.122e+05  p 99.9=1.796e+05
    above-thr: >10=99.97%  >100=99.95%  >1000=99.13%  >5000=86.41%  >10000=70.13%  >30000=35.67%  >50000=18.76%
[219/348] mat0220  cohort2 (100<=mat<352, factor2)
  shape: K=591, V=333425, total=197,054,175, valid(non-zero)=195,189,948 (99.1%)
  [per-mat (post-CCM)] n=585,569,844  min=0  max=2.18e+05  mean=2.743e+04  median=1.917e+04  std=2.484e+04  geomean(>0)=1.749e+04
    quantiles: p    1=1331  p    5=2884  p   10=4272  p   25=8434  p   50=1.917e+04  p   75=3.991e+04  p   90=6.363e+04  p   95=7.671e+04  p   99=1.085e+05  p 99.9=1.682e+05
    above-thr: >10=99.98%  >100=99.97%  >1000=99.46%  >5000=87.23%  >10000=70.19%  >30000=35.07%  >50000=17.23%
[220/348] mat0221  cohort2 (100<=mat<352, factor2)
  shape: K=591, V=425891, total=251,701,581, valid(non-zero)=249,563,662 (99.2%)
  [per-mat (post-CCM)] n=748,690,986  min=0  max=2.098e+05  mean=3.753e+04  median=3.361e+04  std=2.569e+04  geomean(>0)=2.74e+04
    quantiles: p    1=1603  p    5=3825  p   10=6931  p   25=1.865e+04  p   50=3.361e+04  p   75=5.179e+04  p   90=7.15e+04  p   95=8.281e+04  p   99=1.151e+05  p 99.9=1.797e+05
    above-thr: >10=100.00%  >100=99.99%  >1000=99.66%  >5000=92.93%  >10000=86.12%  >30000=56.18%  >50000=26.90%
[221/348] mat0222  cohort2 (100<=mat<352, factor2)
  shape: K=591, V=3127, total=1,848,057, valid(non-zero)=1,831,527 (99.1%)
  [per-mat (post-CCM)] n= 5,494,581  min=0  max=1.468e+05  mean=5992  median=4195  std=5824  geomean(>0)=4060
    quantiles: p    1=304.6  p    5=848.6  p   10=1236  p   25=2207  p   50=4195  p   75=7826  p   90=1.289e+04  p   95=1.699e+04  p   99=2.78e+04  p 99.9=4.842e+04
    above-thr: >10=99.72%  >100=99.58%  >1000=93.21%  >5000=42.68%  >10000=16.75%  >30000= 0.74%  >50000= 0.09%
[222/348] mat0223  cohort2 (100<=mat<352, factor2)
  shape: K=591, V=428330, total=253,143,030, valid(non-zero)=250,734,110 (99.0%)
  [per-mat (post-CCM)] n=752,202,330  min=0  max=2.119e+05  mean=4.935e+04  median=4.493e+04  std=2.911e+04  geomean(>0)=4.028e+04
    quantiles: p    1=4314  p    5=1.02e+04  p   10=1.617e+04  p   25=2.845e+04  p   50=4.493e+04  p   75=6.606e+04  p   90=8.453e+04  p   95=1.051e+05  p   99=1.464e+05  p 99.9=1.801e+05
    above-thr: >10=100.00%  >100=100.00%  >1000=99.97%  >5000=98.62%  >10000=95.15%  >30000=72.73%  >50000=43.01%
[223/348] mat0224  cohort2 (100<=mat<352, factor2)
  shape: K=591, V=116148, total=68,643,468, valid(non-zero)=67,744,604 (98.7%)
  [per-mat (post-CCM)] n=203,233,812  min=0  max=2.093e+05  mean=1.123e+04  median=9550  std=7013  geomean(>0)=9465
    quantiles: p    1=2013  p    5=3586  p   10=4568  p   25=6471  p   50=9550  p   75=1.415e+04  p   90=1.977e+04  p   95=2.424e+04  p   99=3.636e+04  p 99.9=5.552e+04
    above-thr: >10=100.00%  >100=99.99%  >1000=99.84%  >5000=87.09%  >10000=46.91%  >30000= 2.22%  >50000= 0.19%
[224/348] mat0225  cohort2 (100<=mat<352, factor2)
  shape: K=591, V=426110, total=251,831,010, valid(non-zero)=250,235,597 (99.4%)
  [per-mat (post-CCM)] n=750,706,791  min=0  max=2.016e+05  mean=5.161e+04  median=4.644e+04  std=2.984e+04  geomean(>0)=4.332e+04
    quantiles: p    1=7442  p    5=1.439e+04  p   10=1.903e+04  p   25=2.932e+04  p   50=4.644e+04  p   75=6.747e+04  p   90=8.8e+04  p   95=1.084e+05  p   99=1.566e+05  p 99.9=1.801e+05
    above-thr: >10=100.00%  >100=100.00%  >1000=100.00%  >5000=99.65%  >10000=97.94%  >30000=73.95%  >50000=45.34%
[225/348] mat0226  cohort2 (100<=mat<352, factor2)
  shape: K=591, V=464342, total=274,426,122, valid(non-zero)=270,645,278 (98.6%)
  [per-mat (post-CCM)] n=811,935,834  min=0  max=2.029e+05  mean=5.465e+04  median=5.035e+04  std=2.911e+04  geomean(>0)=4.696e+04
    quantiles: p    1=7900  p    5=1.645e+04  p   10=2.225e+04  p   25=3.382e+04  p   50=5.035e+04  p   75=6.985e+04  p   90=8.949e+04  p   95=1.091e+05  p   99=1.588e+05  p 99.9=1.801e+05
    above-thr: >10=100.00%  >100=100.00%  >1000=99.99%  >5000=99.64%  >10000=98.33%  >30000=80.54%  >50000=50.49%
[226/348] mat0227  cohort2 (100<=mat<352, factor2)
  shape: K=591, V=345947, total=204,454,677, valid(non-zero)=202,436,331 (99.0%)
  [per-mat (post-CCM)] n=607,308,993  min=0  max=2.063e+05  mean=4.307e+04  median=3.617e+04  std=2.815e+04  geomean(>0)=3.501e+04
    quantiles: p    1=5826  p    5=1.128e+04  p   10=1.484e+04  p   25=2.274e+04  p   50=3.617e+04  p   75=5.713e+04  p   90=7.833e+04  p   95=9.811e+04  p   99=1.428e+05  p 99.9=1.801e+05
    above-thr: >10=100.00%  >100=100.00%  >1000=99.99%  >5000=99.31%  >10000=96.32%  >30000=60.79%  >50000=31.69%
[227/348] mat0228  cohort2 (100<=mat<352, factor2)
  shape: K=591, V=259075, total=153,113,325, valid(non-zero)=150,569,477 (98.3%)
  [per-mat (post-CCM)] n=451,708,431  min=0  max=2.051e+05  mean=2.423e+04  median=2.161e+04  std=1.266e+04  geomean(>0)=2.12e+04
    quantiles: p    1=4887  p    5=8500  p   10=1.089e+04  p   25=1.546e+04  p   50=2.161e+04  p   75=3.052e+04  p   90=4.078e+04  p   95=4.787e+04  p   99=6.569e+04  p 99.9=8.901e+04
    above-thr: >10=100.00%  >100=100.00%  >1000=99.98%  >5000=98.93%  >10000=92.10%  >30000=26.08%  >50000= 4.08%
[228/348] mat0229  cohort2 (100<=mat<352, factor2)
  shape: K=591, V=294824, total=174,240,984, valid(non-zero)=174,029,396 (99.9%)
  [per-mat (post-CCM)] n=522,088,188  min=0  max=2.059e+05  mean=3.865e+04  median=3.303e+04  std=2.447e+04  geomean(>0)=3.155e+04
    quantiles: p    1=4706  p    5=9911  p   10=1.349e+04  p   25=2.081e+04  p   50=3.303e+04  p   75=5.117e+04  p   90=7.105e+04  p   95=8.297e+04  p   99=1.158e+05  p 99.9=1.801e+05
    above-thr: >10=100.00%  >100=100.00%  >1000=99.98%  >5000=98.86%  >10000=94.90%  >30000=55.63%  >50000=26.21%
[229/348] mat0230  cohort2 (100<=mat<352, factor2)
  shape: K=589, V=360517, total=212,344,513, valid(non-zero)=209,909,658 (98.9%)
  [per-mat (post-CCM)] n=629,728,974  min=0  max=2.113e+05  mean=1.776e+04  median=1.148e+04  std=1.862e+04  geomean(>0)=1.154e+04
    quantiles: p    1=1205  p    5=2464  p   10=3468  p   25=6075  p   50=1.148e+04  p   75=2.216e+04  p   90=4.01e+04  p   95=5.605e+04  p   99=8.948e+04  p 99.9=1.496e+05
    above-thr: >10=99.97%  >100=99.96%  >1000=99.34%  >5000=81.20%  >10000=55.72%  >30000=16.31%  >50000= 6.46%
[230/348] mat0231  cohort2 (100<=mat<352, factor2)
  shape: K=589, V=201095, total=118,444,955, valid(non-zero)=116,865,664 (98.7%)
  [per-mat (post-CCM)] n=350,596,992  min=0  max=2.034e+05  mean=1.525e+04  median=1.298e+04  std=9518  geomean(>0)=1.268e+04
    quantiles: p    1=2600  p    5=4433  p   10=5667  p   25=8440  p   50=1.298e+04  p   75=1.962e+04  p   90=2.79e+04  p   95=3.38e+04  p   99=4.73e+04  p 99.9=6.528e+04
    above-thr: >10=100.00%  >100=100.00%  >1000=99.92%  >5000=92.91%  >10000=66.01%  >30000= 7.85%  >50000= 0.72%
[231/348] mat0232  cohort2 (100<=mat<352, factor2)
  shape: K=589, V=408859, total=240,817,951, valid(non-zero)=237,646,356 (98.7%)
  [per-mat (post-CCM)] n=712,939,068  min=0  max=1.875e+05  mean=6.195e+04  median=5.82e+04  std=3.21e+04  geomean(>0)=5.365e+04
    quantiles: p    1=9760  p    5=1.886e+04  p   10=2.576e+04  p   25=3.937e+04  p   50=5.82e+04  p   75=7.702e+04  p   90=1.052e+05  p   95=1.173e+05  p   99=1.8e+05  p 99.9=1.801e+05
    above-thr: >10=100.00%  >100=100.00%  >1000=99.99%  >5000=99.78%  >10000=98.94%  >30000=86.09%  >50000=60.46%
[232/348] mat0233  cohort2 (100<=mat<352, factor2)
  shape: K=589, V=402626, total=237,146,714, valid(non-zero)=233,696,319 (98.5%)
  [per-mat (post-CCM)] n=701,088,957  min=0  max=1.898e+05  mean=6.296e+04  median=6.058e+04  std=3.158e+04  geomean(>0)=5.477e+04
    quantiles: p    1=9548  p    5=1.902e+04  p   10=2.631e+04  p   25=4.079e+04  p   50=6.058e+04  p   75=7.788e+04  p   90=1.052e+05  p   95=1.171e+05  p   99=1.788e+05  p 99.9=1.801e+05
    above-thr: >10=100.00%  >100=100.00%  >1000=100.00%  >5000=99.80%  >10000=98.88%  >30000=86.77%  >50000=63.47%
[233/348] mat0234  cohort2 (100<=mat<352, factor2)
  shape: K=589, V=381255, total=224,559,195, valid(non-zero)=221,614,206 (98.7%)
  [per-mat (post-CCM)] n=664,842,618  min=0  max=1.862e+05  mean=3.749e+04  median=3.008e+04  std=2.766e+04  geomean(>0)=2.93e+04
    quantiles: p    1=4553  p    5=8593  p   10=1.155e+04  p   25=1.832e+04  p   50=3.008e+04  p   75=4.878e+04  p   90=7.186e+04  p   95=8.783e+04  p   99=1.476e+05  p 99.9=1.801e+05
    above-thr: >10=100.00%  >100=100.00%  >1000=99.98%  >5000=98.73%  >10000=92.81%  >30000=50.14%  >50000=23.91%
[234/348] mat0235  cohort2 (100<=mat<352, factor2)
  shape: K=589, V=357794, total=210,740,666, valid(non-zero)=208,958,880 (99.2%)
  [per-mat (post-CCM)] n=626,876,640  min=0  max=1.868e+05  mean=4.952e+04  median=4.31e+04  std=3.127e+04  geomean(>0)=4.031e+04
    quantiles: p    1=6107  p    5=1.204e+04  p   10=1.648e+04  p   25=2.664e+04  p   50=4.31e+04  p   75=6.625e+04  p   90=8.706e+04  p   95=1.08e+05  p   99=1.699e+05  p 99.9=1.801e+05
    above-thr: >10=100.00%  >100=100.00%  >1000=99.97%  >5000=99.37%  >10000=96.75%  >30000=69.64%  >50000=41.37%
[235/348] mat0236  cohort2 (100<=mat<352, factor2)
  shape: K=589, V=452975, total=266,802,275, valid(non-zero)=265,936,544 (99.7%)
  [per-mat (post-CCM)] n=797,809,632  min=0  max=1.852e+05  mean=4.774e+04  median=4.284e+04  std=2.705e+04  geomean(>0)=4.034e+04
    quantiles: p    1=6764  p    5=1.376e+04  p   10=1.837e+04  p   25=2.802e+04  p   50=4.284e+04  p   75=6.312e+04  p   90=8.114e+04  p   95=9.824e+04  p   99=1.359e+05  p 99.9=1.801e+05
    above-thr: >10=100.00%  >100=100.00%  >1000=99.97%  >5000=99.46%  >10000=97.64%  >30000=71.56%  >50000=39.66%
[236/348] mat0237  cohort2 (100<=mat<352, factor2)
  shape: K=589, V=439440, total=258,830,160, valid(non-zero)=255,759,423 (98.8%)
  [per-mat (post-CCM)] n=767,278,269  min=0  max=1.829e+05  mean=6.443e+04  median=6.084e+04  std=3.093e+04  geomean(>0)=5.733e+04
    quantiles: p    1=1.398e+04  p    5=2.399e+04  p   10=3.03e+04  p   25=4.281e+04  p   50=6.084e+04  p   75=7.795e+04  p   90=1.057e+05  p   95=1.177e+05  p   99=1.8e+05  p 99.9=1.801e+05
    above-thr: >10=100.00%  >100=100.00%  >1000=99.99%  >5000=99.90%  >10000=99.63%  >30000=90.28%  >50000=64.71%
[237/348] mat0238  cohort2 (100<=mat<352, factor2)
  shape: K=589, V=407257, total=239,874,373, valid(non-zero)=237,122,336 (98.9%)
  [per-mat (post-CCM)] n=711,367,008  min=0  max=1.937e+05  mean=6.036e+04  median=5.73e+04  std=3.281e+04  geomean(>0)=5.099e+04
    quantiles: p    1=7116  p    5=1.477e+04  p   10=2.188e+04  p   25=3.765e+04  p   50=5.73e+04  p   75=7.553e+04  p   90=1.051e+05  p   95=1.163e+05  p   99=1.8e+05  p 99.9=1.801e+05
    above-thr: >10=99.99%  >100=99.99%  >1000=99.98%  >5000=99.56%  >10000=97.83%  >30000=83.13%  >50000=59.46%
[238/348] mat0239  cohort2 (100<=mat<352, factor2)
  shape: K=589, V=496231, total=292,280,059, valid(non-zero)=291,483,670 (99.7%)
  [per-mat (post-CCM)] n=874,451,010  min=0  max=1.828e+05  mean=5.461e+04  median=5.007e+04  std=2.881e+04  geomean(>0)=4.727e+04
    quantiles: p    1=8933  p    5=1.783e+04  p   10=2.32e+04  p   25=3.384e+04  p   50=5.007e+04  p   75=6.953e+04  p   90=8.932e+04  p   95=1.084e+05  p   99=1.582e+05  p 99.9=1.801e+05
    above-thr: >10=100.00%  >100=100.00%  >1000=99.99%  >5000=99.71%  >10000=98.72%  >30000=80.89%  >50000=50.10%
[239/348] mat0240  cohort2 (100<=mat<352, factor2)
  shape: K=588, V=305436, total=179,596,368, valid(non-zero)=179,380,093 (99.9%)
  [per-mat (post-CCM)] n=538,140,279  min=0  max=1.815e+05  mean=2.834e+04  median=2.657e+04  std=1.32e+04  geomean(>0)=2.53e+04
    quantiles: p    1=6868  p    5=1.075e+04  p   10=1.305e+04  p   25=1.831e+04  p   50=2.657e+04  p   75=3.62e+04  p   90=4.593e+04  p   95=5.236e+04  p   99=6.661e+04  p 99.9=8.638e+04
    above-thr: >10=100.00%  >100=100.00%  >1000=100.00%  >5000=99.66%  >10000=96.20%  >30000=40.21%  >50000= 6.49%
[240/348] mat0241  cohort2 (100<=mat<352, factor2)
  shape: K=588, V=413646, total=243,223,848, valid(non-zero)=241,982,546 (99.5%)
  [per-mat (post-CCM)] n=725,947,638  min=0  max=1.837e+05  mean=4.075e+04  median=3.671e+04  std=2.698e+04  geomean(>0)=3.073e+04
    quantiles: p    1=2393  p    5=5488  p   10=8975  p   25=1.995e+04  p   50=3.671e+04  p   75=5.699e+04  p   90=7.638e+04  p   95=8.708e+04  p   99=1.191e+05  p 99.9=1.75e+05
    above-thr: >10=100.00%  >100=99.99%  >1000=99.88%  >5000=95.71%  >10000=88.59%  >30000=60.18%  >50000=32.25%
[241/348] mat0242  cohort2 (100<=mat<352, factor2)
  shape: K=588, V=373487, total=219,610,356, valid(non-zero)=216,405,167 (98.5%)
  [per-mat (post-CCM)] n=649,215,501  min=0  max=1.943e+05  mean=2.886e+04  median=2.173e+04  std=2.472e+04  geomean(>0)=2.064e+04
    quantiles: p    1=2191  p    5=4590  p   10=6663  p   25=1.195e+04  p   50=2.173e+04  p   75=3.788e+04  p   90=6.088e+04  p   95=7.585e+04  p   99=1.162e+05  p 99.9=1.8e+05
    above-thr: >10=99.99%  >100=99.99%  >1000=99.84%  >5000=94.10%  >10000=80.65%  >30000=34.96%  >50000=15.23%
[242/348] mat0243  cohort2 (100<=mat<352, factor2)
  shape: K=588, V=412268, total=242,413,584, valid(non-zero)=242,181,690 (99.9%)
  [per-mat (post-CCM)] n=726,545,070  min=0  max=1.895e+05  mean=4.825e+04  median=4.312e+04  std=3.11e+04  geomean(>0)=3.759e+04
    quantiles: p    1=3538  p    5=8460  p   10=1.283e+04  p   25=2.441e+04  p   50=4.312e+04  p   75=6.646e+04  p   90=8.741e+04  p   95=1.068e+05  p   99=1.49e+05  p 99.9=1.801e+05
    above-thr: >10=99.99%  >100=99.98%  >1000=99.89%  >5000=98.09%  >10000=93.33%  >30000=67.40%  >50000=41.85%
[243/348] mat0244  cohort2 (100<=mat<352, factor2)
  shape: K=588, V=369778, total=217,429,464, valid(non-zero)=139,243,199 (64.0%)
  [per-mat (post-CCM)] n=417,729,597  min=0  max=1.862e+05  mean=3.219e+04  median=2.522e+04  std=2.649e+04  geomean(>0)=2.216e+04
    quantiles: p    1=1279  p    5=3420  p   10=6022  p   25=1.309e+04  p   50=2.522e+04  p   75=4.406e+04  p   90=6.744e+04  p   95=8.182e+04  p   99=1.189e+05  p 99.9=1.801e+05
    above-thr: >10=99.93%  >100=99.90%  >1000=99.33%  >5000=91.96%  >10000=81.85%  >30000=42.01%  >50000=20.13%
[244/348] mat0245  cohort2 (100<=mat<352, factor2)
  shape: K=588, V=391941, total=230,461,308, valid(non-zero)=228,637,435 (99.2%)
  [per-mat (post-CCM)] n=685,912,305  min=0  max=1.848e+05  mean=2.218e+04  median=1.765e+04  std=1.757e+04  geomean(>0)=1.71e+04
    quantiles: p    1=2574  p    5=4832  p   10=6609  p   25=1.079e+04  p   50=1.765e+04  p   75=2.799e+04  p   90=4.229e+04  p   95=5.518e+04  p   99=8.688e+04  p 99.9=1.544e+05
    above-thr: >10=99.99%  >100=99.99%  >1000=99.89%  >5000=94.59%  >10000=78.00%  >30000=21.84%  >50000= 6.50%
[245/348] mat0246  cohort2 (100<=mat<352, factor2)
  shape: K=588, V=397962, total=234,001,656, valid(non-zero)=231,890,794 (99.1%)
  [per-mat (post-CCM)] n=695,672,382  min=0  max=1.85e+05  mean=4.978e+04  median=4.425e+04  std=2.992e+04  geomean(>0)=4.1e+04
    quantiles: p    1=6594  p    5=1.24e+04  p   10=1.685e+04  p   25=2.727e+04  p   50=4.425e+04  p   75=6.657e+04  p   90=8.741e+04  p   95=1.068e+05  p   99=1.494e+05  p 99.9=1.801e+05
    above-thr: >10=100.00%  >100=100.00%  >1000=99.98%  >5000=99.51%  >10000=97.05%  >30000=70.78%  >50000=42.76%
[246/348] mat0247  cohort2 (100<=mat<352, factor2)
  shape: K=588, V=339471, total=199,608,948, valid(non-zero)=196,109,552 (98.2%)
  [per-mat (post-CCM)] n=588,328,656  min=0  max=1.861e+05  mean=4.812e+04  median=4.166e+04  std=3.149e+04  geomean(>0)=3.822e+04
    quantiles: p    1=5658  p    5=1.05e+04  p   10=1.426e+04  p   25=2.388e+04  p   50=4.166e+04  p   75=6.623e+04  p   90=8.806e+04  p   95=1.08e+05  p   99=1.571e+05  p 99.9=1.801e+05
    above-thr: >10=100.00%  >100=100.00%  >1000=99.97%  >5000=99.27%  >10000=95.56%  >30000=65.71%  >50000=40.50%
[247/348] mat0248  cohort2 (100<=mat<352, factor2)
  shape: K=588, V=341057, total=200,541,516, valid(non-zero)=199,254,056 (99.4%)
  [per-mat (post-CCM)] n=597,762,168  min=0  max=1.931e+05  mean=1.796e+04  median=1.259e+04  std=1.885e+04  geomean(>0)=1.231e+04
    quantiles: p    1=1549  p    5=2898  p   10=3970  p   25=6848  p   50=1.259e+04  p   75=2.223e+04  p   90=3.618e+04  p   95=5.003e+04  p   99=1.016e+05  p 99.9=1.8e+05
    above-thr: >10=99.96%  >100=99.96%  >1000=99.65%  >5000=84.64%  >10000=60.21%  >30000=14.71%  >50000= 5.01%
[248/348] mat0250  cohort2 (100<=mat<352, factor2)
  shape: K=589, V=36069, total=21,244,641, valid(non-zero)=21,028,941 (99.0%)
  [per-mat (post-CCM)] n=63,086,823  min=0  max=1.828e+05  mean=5852  median=4488  std=4965  geomean(>0)=4501
    quantiles: p    1=693.4  p    5=1384  p   10=1842  p   25=2831  p   50=4488  p   75=7272  p   90=1.138e+04  p   95=1.473e+04  p   99=2.396e+04  p 99.9=4.525e+04
    above-thr: >10=99.98%  >100=99.95%  >1000=97.71%  >5000=43.83%  >10000=13.48%  >30000= 0.45%  >50000= 0.06%
[249/348] mat0251  cohort2 (100<=mat<352, factor2)
  shape: K=589, V=322304, total=189,837,056, valid(non-zero)=187,640,098 (98.8%)
  [per-mat (post-CCM)] n=562,920,294  min=0  max=1.872e+05  mean=2.723e+04  median=1.742e+04  std=2.69e+04  geomean(>0)=1.537e+04
    quantiles: p    1=923.8  p    5=1949  p   10=2927  p   25=6348  p   50=1.742e+04  p   75=4.128e+04  p   90=6.634e+04  p   95=7.938e+04  p   99=1.139e+05  p 99.9=1.736e+05
    above-thr: >10=99.98%  >100=99.96%  >1000=98.80%  >5000=80.21%  >10000=64.21%  >30000=34.97%  >50000=18.76%
[250/348] mat0252  cohort2 (100<=mat<352, factor2)
  shape: K=588, V=329796, total=193,920,048, valid(non-zero)=193,055,673 (99.6%)
  [per-mat (post-CCM)] n=579,167,019  min=0  max=1.852e+05  mean=2.217e+04  median=1.483e+04  std=2.134e+04  geomean(>0)=1.521e+04
    quantiles: p    1=2044  p    5=3628  p   10=4956  p   25=8288  p   50=1.483e+04  p   75=2.845e+04  p   90=4.954e+04  p   95=6.619e+04  p   99=1.05e+05  p 99.9=1.706e+05
    above-thr: >10=100.00%  >100=100.00%  >1000=99.93%  >5000=89.82%  >10000=67.47%  >30000=23.29%  >50000= 9.81%
[251/348] mat0253  cohort2 (100<=mat<352, factor2)
  shape: K=588, V=255192, total=150,052,896, valid(non-zero)=149,259,772 (99.5%)
  [per-mat (post-CCM)] n=447,779,316  min=0  max=1.854e+05  mean=1.752e+04  median=5749  std=2.47e+04  geomean(>0)=6267
    quantiles: p    1=17.49  p    5=449.5  p   10=783.9  p   25=1810  p   50=5749  p   75=2.414e+04  p   90=5.266e+04  p   95=7.036e+04  p   99=1.093e+05  p 99.9=1.703e+05
    above-thr: >10=99.03%  >100=98.54%  >1000=86.54%  >5000=52.62%  >10000=40.60%  >30000=20.77%  >50000=10.92%
[252/348] mat0254  cohort2 (100<=mat<352, factor2)
  shape: K=588, V=342579, total=201,436,452, valid(non-zero)=200,158,139 (99.4%)
  [per-mat (post-CCM)] n=600,474,417  min=0  max=1.892e+05  mean=2.02e+04  median=9913  std=2.426e+04  geomean(>0)=1.023e+04
    quantiles: p    1=617.6  p    5=1320  p   10=1999  p   25=4208  p   50=9913  p   75=2.763e+04  p   90=5.481e+04  p   95=7.146e+04  p   99=1.082e+05  p 99.9=1.752e+05
    above-thr: >10=99.96%  >100=99.93%  >1000=97.10%  >5000=70.41%  >10000=49.74%  >30000=23.19%  >50000=11.84%
[253/348] mat0255  cohort2 (100<=mat<352, factor2)
  shape: K=588, V=346457, total=203,716,716, valid(non-zero)=202,092,367 (99.2%)
  [per-mat (post-CCM)] n=606,277,101  min=0  max=1.833e+05  mean=3.168e+04  median=2.107e+04  std=3.04e+04  geomean(>0)=1.786e+04
    quantiles: p    1=1065  p    5=2167  p   10=3233  p   25=7194  p   50=2.107e+04  p   75=4.96e+04  p   90=7.458e+04  p   95=8.768e+04  p   99=1.261e+05  p 99.9=1.8e+05
    above-thr: >10=99.98%  >100=99.97%  >1000=99.14%  >5000=82.41%  >10000=67.76%  >30000=40.49%  >50000=24.73%
[254/348] mat0256  cohort2 (100<=mat<352, factor2)
  shape: K=588, V=625, total=367,500, valid(non-zero)=362,336 (98.6%)
  [per-mat (post-CCM)] n= 1,087,008  min=0  max=1.801e+05  mean=8050  median=5785  std=8590  geomean(>0)=4941
    quantiles: p    1=107.8  p    5=614.1  p   10=1039  p   25=2501  p   50=5785  p   75=1.068e+04  p   90=1.727e+04  p   95=2.275e+04  p   99=4.011e+04  p 99.9=8.436e+04
    above-thr: >10=99.32%  >100=99.04%  >1000=90.47%  >5000=55.44%  >10000=27.65%  >30000= 2.31%  >50000= 0.55%
[255/348] mat0257  cohort2 (100<=mat<352, factor2)
  shape: K=588, V=396753, total=233,290,764, valid(non-zero)=231,422,871 (99.2%)
  [per-mat (post-CCM)] n=694,268,613  min=0  max=1.833e+05  mean=3.448e+04  median=2.776e+04  std=2.781e+04  geomean(>0)=2.257e+04
    quantiles: p    1=981.2  p    5=2594  p   10=4890  p   25=1.262e+04  p   50=2.776e+04  p   75=5.038e+04  p   90=7.278e+04  p   95=8.421e+04  p   99=1.182e+05  p 99.9=1.8e+05
    above-thr: >10=99.96%  >100=99.94%  >1000=98.96%  >5000=89.79%  >10000=80.25%  >30000=46.97%  >50000=25.32%
[256/348] mat0258  cohort2 (100<=mat<352, factor2)
  shape: K=588, V=340067, total=199,959,396, valid(non-zero)=198,581,549 (99.3%)
  [per-mat (post-CCM)] n=595,744,647  min=0  max=1.875e+05  mean=4.02e+04  median=3.229e+04  std=3.091e+04  geomean(>0)=2.774e+04
    quantiles: p    1=1657  p    5=4505  p   10=7340  p   25=1.521e+04  p   50=3.229e+04  p   75=6.071e+04  p   90=8.177e+04  p   95=9.84e+04  p   99=1.317e+05  p 99.9=1.801e+05
    above-thr: >10=99.97%  >100=99.97%  >1000=99.62%  >5000=94.18%  >10000=84.87%  >30000=52.74%  >50000=32.98%
[257/348] mat0259  cohort2 (100<=mat<352, factor2)
  shape: K=590, V=360883, total=212,920,970, valid(non-zero)=211,544,212 (99.4%)
  [per-mat (post-CCM)] n=634,632,636  min=0  max=1.922e+05  mean=2.197e+04  median=1.616e+04  std=2.027e+04  geomean(>0)=1.583e+04
    quantiles: p    1=1927  p    5=3928  p   10=5531  p   25=9363  p   50=1.616e+04  p   75=2.752e+04  p   90=4.445e+04  p   95=6.019e+04  p   99=1.052e+05  p 99.9=1.8e+05
    above-thr: >10=99.99%  >100=99.98%  >1000=99.80%  >5000=91.80%  >10000=72.41%  >30000=21.64%  >50000= 7.69%
[258/348] mat0260  cohort2 (100<=mat<352, factor2)
  shape: K=590, V=390194, total=230,214,460, valid(non-zero)=227,574,295 (98.9%)
  [per-mat (post-CCM)] n=682,722,885  min=0  max=1.821e+05  mean=7.098e+04  median=6.666e+04  std=3.236e+04  geomean(>0)=6.341e+04
    quantiles: p    1=1.306e+04  p    5=2.458e+04  p   10=3.381e+04  p   25=4.997e+04  p   50=6.666e+04  p   75=8.364e+04  p   90=1.115e+05  p   95=1.308e+05  p   99=1.801e+05  p 99.9=1.801e+05
    above-thr: >10=100.00%  >100=100.00%  >1000=99.99%  >5000=99.89%  >10000=99.59%  >30000=92.35%  >50000=74.96%
[259/348] mat0261  cohort2 (100<=mat<352, factor2)
  shape: K=590, V=455111, total=268,515,490, valid(non-zero)=267,256,853 (99.5%)
  [per-mat (post-CCM)] n=801,770,559  min=0  max=1.836e+05  mean=1.912e+04  median=1.608e+04  std=1.355e+04  geomean(>0)=1.53e+04
    quantiles: p    1=2229  p    5=4438  p   10=6258  p   25=1.023e+04  p   50=1.608e+04  p   75=2.418e+04  p   90=3.49e+04  p   95=4.403e+04  p   99=6.941e+04  p 99.9=1.113e+05
    above-thr: >10=99.99%  >100=99.99%  >1000=99.87%  >5000=93.61%  >10000=75.98%  >30000=15.04%  >50000= 3.32%
[260/348] mat0262  cohort2 (100<=mat<352, factor2)
  shape: K=590, V=390673, total=230,497,070, valid(non-zero)=227,723,470 (98.8%)
  [per-mat (post-CCM)] n=683,170,410  min=0  max=1.836e+05  mean=1.575e+04  median=1.302e+04  std=1.138e+04  geomean(>0)=1.24e+04
    quantiles: p    1=1721  p    5=3468  p   10=4861  p   25=8053  p   50=1.302e+04  p   75=2.026e+04  p   90=2.964e+04  p   95=3.708e+04  p   99=5.67e+04  p 99.9=8.666e+04
    above-thr: >10=99.99%  >100=99.98%  >1000=99.73%  >5000=89.43%  >10000=64.86%  >30000= 9.66%  >50000= 1.67%
[261/348] mat0263  cohort2 (100<=mat<352, factor2)
  shape: K=590, V=330063, total=194,737,170, valid(non-zero)=194,057,461 (99.7%)
  [per-mat (post-CCM)] n=582,172,383  min=0  max=1.824e+05  mean=1.18e+04  median=8660  std=1.092e+04  geomean(>0)=8265
    quantiles: p    1=804.8  p    5=1821  p   10=2649  p   25=4733  p   50=8660  p   75=1.512e+04  p   90=2.437e+04  p   95=3.237e+04  p   99=5.471e+04  p 99.9=8.781e+04
    above-thr: >10=99.92%  >100=99.89%  >1000=98.47%  >5000=73.07%  >10000=43.29%  >30000= 6.09%  >50000= 1.37%
[262/348] mat0264  cohort2 (100<=mat<352, factor2)
  shape: K=590, V=365972, total=215,923,480, valid(non-zero)=213,606,439 (98.9%)
  [per-mat (post-CCM)] n=640,819,317  min=0  max=1.833e+05  mean=8872  median=6529  std=8331  geomean(>0)=6144
    quantiles: p    1=510  p    5=1271  p   10=1897  p   25=3476  p   50=6529  p   75=1.153e+04  p   90=1.842e+04  p   95=2.409e+04  p   99=4.02e+04  p 99.9=7.346e+04
    above-thr: >10=99.86%  >100=99.79%  >1000=96.74%  >5000=61.51%  >10000=30.88%  >30000= 2.61%  >50000= 0.47%
[263/348] mat0265  cohort2 (100<=mat<352, factor2)
  shape: K=590, V=118712, total=70,040,080, valid(non-zero)=68,311,494 (97.5%)
  [per-mat (post-CCM)] n=204,934,482  min=0  max=1.843e+05  mean=5202  median=2829  std=9486  geomean(>0)=2765
    quantiles: p    1=0  p    5=357.2  p   10=638.6  p   25=1341  p   50=2829  p   75=5775  p   90=1.073e+04  p   95=1.556e+04  p   99=4.338e+04  p 99.9=1.182e+05
    above-thr: >10=98.82%  >100=98.17%  >1000=82.30%  >5000=29.59%  >10000=11.27%  >30000= 1.56%  >50000= 0.86%
[264/348] mat0266  cohort2 (100<=mat<352, factor2)
  shape: K=590, V=293151, total=172,959,090, valid(non-zero)=170,475,371 (98.6%)
  [per-mat (post-CCM)] n=511,426,113  min=0  max=1.853e+05  mean=3.957e+04  median=3.321e+04  std=2.812e+04  geomean(>0)=3.037e+04
    quantiles: p    1=3853  p    5=7482  p   10=1.054e+04  p   25=1.841e+04  p   50=3.321e+04  p   75=5.424e+04  p   90=7.552e+04  p   95=9.138e+04  p   99=1.362e+05  p 99.9=1.801e+05
    above-thr: >10=100.00%  >100=100.00%  >1000=99.98%  >5000=98.04%  >10000=90.95%  >30000=54.91%  >50000=28.96%
[265/348] mat0267  cohort2 (100<=mat<352, factor2)
  shape: K=590, V=318016, total=187,629,440, valid(non-zero)=183,406,402 (97.7%)
  [per-mat (post-CCM)] n=550,219,206  min=0  max=1.976e+05  mean=3.243e+04  median=1.98e+04  std=3.479e+04  geomean(>0)=2.013e+04
    quantiles: p    1=1897  p    5=3907  p   10=5591  p   25=1.012e+04  p   50=1.98e+04  p   75=4.08e+04  p   90=7.406e+04  p   95=1.056e+05  p   99=1.8e+05  p 99.9=1.801e+05
    above-thr: >10=99.96%  >100=99.95%  >1000=99.75%  >5000=91.85%  >10000=75.37%  >30000=34.51%  >50000=19.91%
[266/348] mat0268  cohort2 (100<=mat<352, factor2)
  shape: K=590, V=379789, total=224,075,510, valid(non-zero)=222,605,875 (99.3%)
  [per-mat (post-CCM)] n=667,817,625  min=0  max=1.863e+05  mean=3.483e+04  median=2.858e+04  std=2.517e+04  geomean(>0)=2.686e+04
    quantiles: p    1=2825  p    5=6830  p   10=1.014e+04  p   25=1.721e+04  p   50=2.858e+04  p   75=4.579e+04  p   90=6.732e+04  p   95=8.142e+04  p   99=1.205e+05  p 99.9=1.8e+05
    above-thr: >10=99.99%  >100=99.99%  >1000=99.88%  >5000=97.08%  >10000=90.25%  >30000=47.31%  >50000=21.06%
[267/348] mat0269  cohort2 (100<=mat<352, factor2)
  shape: K=590, V=334778, total=197,519,020, valid(non-zero)=195,940,246 (99.2%)
  [per-mat (post-CCM)] n=587,820,738  min=0  max=1.923e+05  mean=4.289e+04  median=3.765e+04  std=2.691e+04  geomean(>0)=3.476e+04
    quantiles: p    1=4535  p    5=9749  p   10=1.398e+04  p   25=2.333e+04  p   50=3.765e+04  p   75=5.71e+04  p   90=7.67e+04  p   95=9.253e+04  p   99=1.321e+05  p 99.9=1.801e+05
    above-thr: >10=100.00%  >100=100.00%  >1000=99.97%  >5000=98.76%  >10000=94.74%  >30000=63.03%  >50000=32.64%
[268/348] mat0270  cohort2 (100<=mat<352, factor2)
  shape: K=590, V=400455, total=236,268,450, valid(non-zero)=229,843,632 (97.3%)
  [per-mat (post-CCM)] n=689,530,896  min=0  max=1.933e+05  mean=4.251e+04  median=3.685e+04  std=2.707e+04  geomean(>0)=3.442e+04
    quantiles: p    1=4249  p    5=1.009e+04  p   10=1.417e+04  p   25=2.302e+04  p   50=3.685e+04  p   75=5.626e+04  p   90=7.652e+04  p   95=9.309e+04  p   99=1.362e+05  p 99.9=1.8e+05
    above-thr: >10=99.93%  >100=99.92%  >1000=99.82%  >5000=98.68%  >10000=95.09%  >30000=61.91%  >50000=31.57%
[269/348] mat0271  cohort2 (100<=mat<352, factor2)
  shape: K=590, V=387367, total=228,546,530, valid(non-zero)=225,209,672 (98.5%)
  [per-mat (post-CCM)] n=675,629,016  min=0  max=1.843e+05  mean=4.251e+04  median=3.589e+04  std=2.954e+04  geomean(>0)=3.281e+04
    quantiles: p    1=3794  p    5=8146  p   10=1.163e+04  p   25=2.032e+04  p   50=3.589e+04  p   75=5.857e+04  p   90=7.927e+04  p   95=1.002e+05  p   99=1.449e+05  p 99.9=1.801e+05
    above-thr: >10=100.00%  >100=100.00%  >1000=99.96%  >5000=98.21%  >10000=92.48%  >30000=58.77%  >50000=32.81%
[270/348] mat0272  cohort2 (100<=mat<352, factor2)
  shape: K=590, V=349083, total=205,958,970, valid(non-zero)=202,609,553 (98.4%)
  [per-mat (post-CCM)] n=607,828,659  min=0  max=1.862e+05  mean=3.684e+04  median=2.973e+04  std=2.735e+04  geomean(>0)=2.826e+04
    quantiles: p    1=3944  p    5=7444  p   10=1.027e+04  p   25=1.726e+04  p   50=2.973e+04  p   75=4.904e+04  p   90=7.182e+04  p   95=8.802e+04  p   99=1.37e+05  p 99.9=1.801e+05
    above-thr: >10=100.00%  >100=100.00%  >1000=99.98%  >5000=98.11%  >10000=90.53%  >30000=49.53%  >50000=24.15%
[271/348] mat0273  cohort2 (100<=mat<352, factor2)
  shape: K=590, V=363127, total=214,244,930, valid(non-zero)=212,619,784 (99.2%)
  [per-mat (post-CCM)] n=637,859,352  min=0  max=1.864e+05  mean=4.568e+04  median=3.976e+04  std=2.78e+04  geomean(>0)=3.806e+04
    quantiles: p    1=6798  p    5=1.284e+04  p   10=1.691e+04  p   25=2.566e+04  p   50=3.976e+04  p   75=5.992e+04  p   90=7.948e+04  p   95=9.877e+04  p   99=1.473e+05  p 99.9=1.801e+05
    above-thr: >10=100.00%  >100=100.00%  >1000=100.00%  >5000=99.55%  >10000=97.36%  >30000=66.89%  >50000=35.53%
[272/348] mat0274  cohort2 (100<=mat<352, factor2)
  shape: K=590, V=361815, total=213,470,850, valid(non-zero)=211,818,332 (99.2%)
  [per-mat (post-CCM)] n=635,454,996  min=0  max=1.856e+05  mean=4.398e+04  median=3.822e+04  std=2.655e+04  geomean(>0)=3.689e+04
    quantiles: p    1=7308  p    5=1.271e+04  p   10=1.66e+04  p   25=2.512e+04  p   50=3.822e+04  p   75=5.705e+04  p   90=7.694e+04  p   95=9.372e+04  p   99=1.391e+05  p 99.9=1.801e+05
    above-thr: >10=100.00%  >100=100.00%  >1000=99.99%  >5000=99.66%  >10000=97.48%  >30000=65.38%  >50000=32.61%
[273/348] mat0275  cohort2 (100<=mat<352, factor2)
  shape: K=590, V=353473, total=208,549,070, valid(non-zero)=205,475,601 (98.5%)
  [per-mat (post-CCM)] n=616,426,803  min=0  max=1.878e+05  mean=4.555e+04  median=3.71e+04  std=3.243e+04  geomean(>0)=3.561e+04
    quantiles: p    1=5745  p    5=1.019e+04  p   10=1.355e+04  p   25=2.182e+04  p   50=3.71e+04  p   75=6.218e+04  p   90=8.649e+04  p   95=1.068e+05  p   99=1.752e+05  p 99.9=1.801e+05
    above-thr: >10=100.00%  >100=100.00%  >1000=99.99%  >5000=99.33%  >10000=95.24%  >30000=60.62%  >50000=35.02%
[274/348] mat0276  cohort2 (100<=mat<352, factor2)
  shape: K=590, V=395077, total=233,095,430, valid(non-zero)=229,966,510 (98.7%)
  [per-mat (post-CCM)] n=689,899,530  min=0  max=1.88e+05  mean=4.245e+04  median=3.658e+04  std=2.731e+04  geomean(>0)=3.426e+04
    quantiles: p    1=4767  p    5=9930  p   10=1.379e+04  p   25=2.254e+04  p   50=3.658e+04  p   75=5.661e+04  p   90=7.701e+04  p   95=9.365e+04  p   99=1.363e+05  p 99.9=1.8e+05
    above-thr: >10=100.00%  >100=100.00%  >1000=99.98%  >5000=98.88%  >10000=94.92%  >30000=61.20%  >50000=31.74%
[275/348] mat0277  cohort2 (100<=mat<352, factor2)
  shape: K=590, V=227051, total=133,960,090, valid(non-zero)=131,702,216 (98.3%)
  [per-mat (post-CCM)] n=395,106,648  min=0  max=1.9e+05  mean=3.972e+04  median=3.198e+04  std=2.918e+04  geomean(>0)=3.111e+04
    quantiles: p    1=4482  p    5=9206  p   10=1.245e+04  p   25=1.972e+04  p   50=3.198e+04  p   75=5.148e+04  p   90=7.477e+04  p   95=9.643e+04  p   99=1.622e+05  p 99.9=1.801e+05
    above-thr: >10=99.99%  >100=99.98%  >1000=99.94%  >5000=98.74%  >10000=93.93%  >30000=53.60%  >50000=26.32%
[276/348] mat0278  cohort2 (100<=mat<352, factor2)
  shape: K=590, V=441332, total=260,385,880, valid(non-zero)=256,956,507 (98.7%)
  [per-mat (post-CCM)] n=770,869,521  min=0  max=1.863e+05  mean=4.78e+04  median=4.248e+04  std=2.793e+04  geomean(>0)=4.012e+04
    quantiles: p    1=7550  p    5=1.338e+04  p   10=1.763e+04  p   25=2.712e+04  p   50=4.248e+04  p   75=6.368e+04  p   90=8.177e+04  p   95=1.01e+05  p   99=1.431e+05  p 99.9=1.801e+05
    above-thr: >10=100.00%  >100=100.00%  >1000=100.00%  >5000=99.68%  >10000=97.77%  >30000=70.09%  >50000=39.67%
[277/348] mat0279  cohort2 (100<=mat<352, factor2)
  shape: K=590, V=352650, total=208,063,500, valid(non-zero)=205,729,309 (98.9%)
  [per-mat (post-CCM)] n=617,187,927  min=0  max=1.839e+05  mean=4.81e+04  median=4.193e+04  std=2.935e+04  geomean(>0)=3.995e+04
    quantiles: p    1=7447  p    5=1.309e+04  p   10=1.722e+04  p   25=2.666e+04  p   50=4.193e+04  p   75=6.424e+04  p   90=8.371e+04  p   95=1.051e+05  p   99=1.549e+05  p 99.9=1.801e+05
    above-thr: >10=100.00%  >100=100.00%  >1000=100.00%  >5000=99.68%  >10000=97.67%  >30000=69.23%  >50000=39.25%
[278/348] mat0280  cohort2 (100<=mat<352, factor2)
  shape: K=586, V=365614, total=214,249,804, valid(non-zero)=211,085,092 (98.5%)
  [per-mat (post-CCM)] n=633,255,276  min=0  max=1.837e+05  mean=5.243e+04  median=4.67e+04  std=2.992e+04  geomean(>0)=4.471e+04
    quantiles: p    1=1.032e+04  p    5=1.624e+04  p   10=2.05e+04  p   25=3.062e+04  p   50=4.67e+04  p   75=6.72e+04  p   90=8.959e+04  p   95=1.082e+05  p   99=1.65e+05  p 99.9=1.801e+05
    above-thr: >10=100.00%  >100=100.00%  >1000=100.00%  >5000=99.90%  >10000=99.11%  >30000=75.98%  >50000=45.47%
[279/348] mat0281  cohort2 (100<=mat<352, factor2)
  shape: K=586, V=318362, total=186,560,132, valid(non-zero)=183,338,244 (98.3%)
  [per-mat (post-CCM)] n=550,014,732  min=0  max=1.862e+05  mean=5.089e+04  median=4.464e+04  std=3.139e+04  geomean(>0)=4.16e+04
    quantiles: p    1=5493  p    5=1.252e+04  p   10=1.75e+04  p   25=2.806e+04  p   50=4.464e+04  p   75=6.666e+04  p   90=9.046e+04  p   95=1.093e+05  p   99=1.686e+05  p 99.9=1.801e+05
    above-thr: >10=100.00%  >100=99.99%  >1000=99.95%  >5000=99.16%  >10000=96.83%  >30000=71.93%  >50000=43.24%
[280/348] mat0282  cohort2 (100<=mat<352, factor2)
  shape: K=586, V=329254, total=192,942,844, valid(non-zero)=190,058,970 (98.5%)
  [per-mat (post-CCM)] n=570,176,910  min=0  max=1.843e+05  mean=4.526e+04  median=3.753e+04  std=3.033e+04  geomean(>0)=3.654e+04
    quantiles: p    1=6699  p    5=1.168e+04  p   10=1.522e+04  p   25=2.329e+04  p   50=3.753e+04  p   75=6.069e+04  p   90=8.21e+04  p   95=1.053e+05  p   99=1.618e+05  p 99.9=1.801e+05
    above-thr: >10=100.00%  >100=100.00%  >1000=99.99%  >5000=99.55%  >10000=96.78%  >30000=62.36%  >50000=34.41%
[281/348] mat0283  cohort2 (100<=mat<352, factor2)
  shape: K=586, V=453176, total=265,561,136, valid(non-zero)=260,770,649 (98.2%)
  [per-mat (post-CCM)] n=782,311,947  min=0  max=1.862e+05  mean=4.709e+04  median=4.017e+04  std=2.863e+04  geomean(>0)=3.965e+04
    quantiles: p    1=9176  p    5=1.466e+04  p   10=1.837e+04  p   25=2.65e+04  p   50=4.017e+04  p   75=6.177e+04  p   90=8.159e+04  p   95=1.042e+05  p   99=1.55e+05  p 99.9=1.801e+05
    above-thr: >10=100.00%  >100=100.00%  >1000=100.00%  >5000=99.86%  >10000=98.65%  >30000=68.07%  >50000=36.61%
[282/348] mat0284  cohort2 (100<=mat<352, factor2)
  shape: K=586, V=400335, total=234,596,310, valid(non-zero)=230,723,357 (98.3%)
  [per-mat (post-CCM)] n=692,170,071  min=0  max=1.835e+05  mean=5.558e+04  median=5.011e+04  std=3.018e+04  geomean(>0)=4.805e+04
    quantiles: p    1=1.108e+04  p    5=1.851e+04  p   10=2.327e+04  p   25=3.358e+04  p   50=5.011e+04  p   75=7.051e+04  p   90=9.455e+04  p   95=1.116e+05  p   99=1.675e+05  p 99.9=1.801e+05
    above-thr: >10=100.00%  >100=100.00%  >1000=100.00%  >5000=99.90%  >10000=99.26%  >30000=80.58%  >50000=50.14%
[283/348] mat0285  cohort2 (100<=mat<352, factor2)
  shape: K=586, V=381606, total=223,621,116, valid(non-zero)=221,373,830 (99.0%)
  [per-mat (post-CCM)] n=664,121,490  min=0  max=1.856e+05  mean=5.688e+04  median=5.04e+04  std=3.393e+04  geomean(>0)=4.752e+04
    quantiles: p    1=8731  p    5=1.572e+04  p   10=2.091e+04  p   25=3.211e+04  p   50=5.04e+04  p   75=7.254e+04  p   90=1.045e+05  p   95=1.17e+05  p   99=1.8e+05  p 99.9=1.801e+05
    above-thr: >10=100.00%  >100=100.00%  >1000=99.99%  >5000=99.80%  >10000=98.51%  >30000=78.07%  >50000=50.48%
[284/348] mat0286  cohort2 (100<=mat<352, factor2)
  shape: K=586, V=364402, total=213,539,572, valid(non-zero)=210,779,875 (98.7%)
  [per-mat (post-CCM)] n=632,339,625  min=0  max=1.816e+05  mean=4.581e+04  median=4.141e+04  std=2.347e+04  geomean(>0)=4.029e+04
    quantiles: p    1=1.069e+04  p    5=1.64e+04  p   10=2.032e+04  p   25=2.885e+04  p   50=4.141e+04  p   75=5.854e+04  p   90=7.595e+04  p   95=8.756e+04  p   99=1.176e+05  p 99.9=1.8e+05
    above-thr: >10=100.00%  >100=100.00%  >1000=100.00%  >5000=99.96%  >10000=99.23%  >30000=72.72%  >50000=35.76%
[285/348] mat0287  cohort2 (100<=mat<352, factor2)
  shape: K=586, V=428186, total=250,916,996, valid(non-zero)=246,811,257 (98.4%)
  [per-mat (post-CCM)] n=740,433,771  min=0  max=1.89e+05  mean=3.033e+04  median=2.311e+04  std=2.459e+04  geomean(>0)=2.264e+04
    quantiles: p    1=3187  p    5=6027  p   10=8197  p   25=1.343e+04  p   50=2.311e+04  p   75=3.952e+04  p   90=6.288e+04  p   95=7.738e+04  p   99=1.158e+05  p 99.9=1.8e+05
    above-thr: >10=100.00%  >100=100.00%  >1000=99.94%  >5000=96.83%  >10000=85.06%  >30000=37.23%  >50000=16.39%
[286/348] mat0288  cohort2 (100<=mat<352, factor2)
  shape: K=586, V=364729, total=213,731,194, valid(non-zero)=210,957,982 (98.7%)
  [per-mat (post-CCM)] n=632,873,946  min=0  max=1.894e+05  mean=3.551e+04  median=2.755e+04  std=2.772e+04  geomean(>0)=2.686e+04
    quantiles: p    1=3796  p    5=7206  p   10=9864  p   25=1.614e+04  p   50=2.755e+04  p   75=4.682e+04  p   90=7.091e+04  p   95=8.842e+04  p   99=1.411e+05  p 99.9=1.801e+05
    above-thr: >10=100.00%  >100=100.00%  >1000=99.96%  >5000=97.94%  >10000=89.71%  >30000=45.72%  >50000=22.37%
[287/348] mat0289  cohort2 (100<=mat<352, factor2)
  shape: K=586, V=326923, total=191,576,878, valid(non-zero)=188,382,447 (98.3%)
  [per-mat (post-CCM)] n=565,147,341  min=0  max=1.862e+05  mean=4.138e+04  median=3.478e+04  std=2.762e+04  geomean(>0)=3.314e+04
    quantiles: p    1=5104  p    5=9790  p   10=1.329e+04  p   25=2.123e+04  p   50=3.478e+04  p   75=5.512e+04  p   90=7.682e+04  p   95=9.475e+04  p   99=1.362e+05  p 99.9=1.801e+05
    above-thr: >10=100.00%  >100=100.00%  >1000=99.99%  >5000=99.05%  >10000=94.75%  >30000=58.15%  >50000=29.91%
[288/348] mat0290  cohort2 (100<=mat<352, factor2)
  shape: K=587, V=370301, total=217,366,687, valid(non-zero)=216,746,293 (99.7%)
  [per-mat (post-CCM)] n=650,238,879  min=0  max=1.924e+05  mean=3.778e+04  median=2.861e+04  std=3.059e+04  geomean(>0)=2.878e+04
    quantiles: p    1=4530  p    5=8714  p   10=1.143e+04  p   25=1.76e+04  p   50=2.861e+04  p   75=4.774e+04  p   90=7.352e+04  p   95=1.023e+05  p   99=1.742e+05  p 99.9=1.801e+05
    above-thr: >10=99.99%  >100=99.99%  >1000=99.93%  >5000=98.76%  >10000=92.84%  >30000=47.44%  >50000=23.20%
[289/348] mat0291  cohort2 (100<=mat<352, factor2)
  shape: K=587, V=320481, total=188,122,347, valid(non-zero)=186,994,934 (99.4%)
  [per-mat (post-CCM)] n=560,984,802  min=0  max=1.9e+05  mean=3.369e+04  median=2.435e+04  std=3.006e+04  geomean(>0)=2.375e+04
    quantiles: p    1=2556  p    5=5503  p   10=7817  p   25=1.348e+04  p   50=2.435e+04  p   75=4.387e+04  p   90=7.003e+04  p   95=9.353e+04  p   99=1.675e+05  p 99.9=1.801e+05
    above-thr: >10=99.99%  >100=99.98%  >1000=99.84%  >5000=95.89%  >10000=84.40%  >30000=40.57%  >50000=20.49%
[290/348] mat0292  cohort2 (100<=mat<352, factor2)
  shape: K=587, V=280478, total=164,640,586, valid(non-zero)=162,830,909 (98.9%)
  [per-mat (post-CCM)] n=488,492,727  min=0  max=1.908e+05  mean=3.091e+04  median=2.428e+04  std=2.418e+04  geomean(>0)=2.36e+04
    quantiles: p    1=2952  p    5=6516  p   10=9088  p   25=1.478e+04  p   50=2.428e+04  p   75=3.951e+04  p   90=6.148e+04  p   95=7.666e+04  p   99=1.188e+05  p 99.9=1.8e+05
    above-thr: >10=99.98%  >100=99.97%  >1000=99.83%  >5000=97.13%  >10000=87.87%  >30000=38.49%  >50000=15.89%
[291/348] mat0293  cohort2 (100<=mat<352, factor2)
  shape: K=587, V=110335, total=64,766,645, valid(non-zero)=63,914,361 (98.7%)
  [per-mat (post-CCM)] n=191,743,083  min=0  max=1.899e+05  mean=2.728e+04  median=1.832e+04  std=2.717e+04  geomean(>0)=1.864e+04
    quantiles: p    1=2196  p    5=4532  p   10=6239  p   25=1.035e+04  p   50=1.832e+04  p   75=3.368e+04  p   90=6.108e+04  p   95=7.894e+04  p   99=1.495e+05  p 99.9=1.801e+05
    above-thr: >10=99.97%  >100=99.96%  >1000=99.75%  >5000=93.78%  >10000=76.28%  >30000=29.11%  >50000=13.92%
[292/348] mat0294  cohort2 (100<=mat<352, factor2)
  shape: K=587, V=304568, total=178,781,416, valid(non-zero)=176,487,241 (98.7%)
  [per-mat (post-CCM)] n=529,461,723  min=0  max=1.904e+05  mean=3.189e+04  median=1.891e+04  std=3.331e+04  geomean(>0)=1.889e+04
    quantiles: p    1=1517  p    5=3219  p   10=4619  p   25=8591  p   50=1.891e+04  p   75=4.48e+04  p   90=7.569e+04  p   95=1.028e+05  p   99=1.671e+05  p 99.9=1.801e+05
    above-thr: >10=99.98%  >100=99.97%  >1000=99.60%  >5000=88.52%  >10000=70.38%  >30000=36.11%  >50000=22.11%
[293/348] mat0295  cohort2 (100<=mat<352, factor2)
  shape: K=587, V=373132, total=219,028,484, valid(non-zero)=217,671,089 (99.4%)
  [per-mat (post-CCM)] n=653,013,267  min=0  max=1.864e+05  mean=4.07e+04  median=3.406e+04  std=2.741e+04  geomean(>0)=3.263e+04
    quantiles: p    1=4844  p    5=9751  p   10=1.332e+04  p   25=2.122e+04  p   50=3.406e+04  p   75=5.359e+04  p   90=7.528e+04  p   95=9.243e+04  p   99=1.413e+05  p 99.9=1.8e+05
    above-thr: >10=100.00%  >100=100.00%  >1000=99.97%  >5000=98.93%  >10000=94.71%  >30000=57.32%  >50000=28.45%
[294/348] mat0296  cohort2 (100<=mat<352, factor2)
  shape: K=587, V=357466, total=209,832,542, valid(non-zero)=207,361,002 (98.8%)
  [per-mat (post-CCM)] n=622,083,006  min=0  max=1.848e+05  mean=3.127e+04  median=2.676e+04  std=1.991e+04  geomean(>0)=2.573e+04
    quantiles: p    1=4427  p    5=8410  p   10=1.118e+04  p   25=1.722e+04  p   50=2.676e+04  p   75=4.037e+04  p   90=5.711e+04  p   95=6.923e+04  p   99=9.861e+04  p 99.9=1.532e+05
    above-thr: >10=100.00%  >100=100.00%  >1000=99.97%  >5000=98.65%  >10000=92.33%  >30000=42.74%  >50000=14.81%
[295/348] mat0297  cohort2 (100<=mat<352, factor2)
  shape: K=587, V=328158, total=192,628,746, valid(non-zero)=192,438,604 (99.9%)
  [per-mat (post-CCM)] n=577,315,812  min=0  max=1.844e+05  mean=4.603e+04  median=3.791e+04  std=3.27e+04  geomean(>0)=3.545e+04
    quantiles: p    1=4626  p    5=9037  p   10=1.268e+04  p   25=2.169e+04  p   50=3.791e+04  p   75=6.45e+04  p   90=8.73e+04  p   95=1.08e+05  p   99=1.708e+05  p 99.9=1.801e+05
    above-thr: >10=100.00%  >100=100.00%  >1000=99.97%  >5000=98.78%  >10000=93.79%  >30000=61.26%  >50000=36.49%
[296/348] mat0298  cohort2 (100<=mat<352, factor2)
  shape: K=587, V=495798, total=291,033,426, valid(non-zero)=288,696,064 (99.2%)
  [per-mat (post-CCM)] n=866,088,192  min=0  max=1.86e+05  mean=5.032e+04  median=4.448e+04  std=3.082e+04  geomean(>0)=4.143e+04
    quantiles: p    1=6673  p    5=1.244e+04  p   10=1.712e+04  p   25=2.787e+04  p   50=4.448e+04  p   75=6.634e+04  p   90=8.816e+04  p   95=1.081e+05  p   99=1.643e+05  p 99.9=1.801e+05
    above-thr: >10=100.00%  >100=100.00%  >1000=100.00%  >5000=99.57%  >10000=97.04%  >30000=71.72%  >50000=42.79%
[297/348] mat0299  cohort2 (100<=mat<352, factor2)
  shape: K=587, V=314203, total=184,437,161, valid(non-zero)=182,416,308 (98.9%)
  [per-mat (post-CCM)] n=547,248,924  min=0  max=1.87e+05  mean=3.812e+04  median=2.997e+04  std=2.817e+04  geomean(>0)=2.981e+04
    quantiles: p    1=5604  p    5=9296  p   10=1.187e+04  p   25=1.795e+04  p   50=2.997e+04  p   75=5.059e+04  p   90=7.424e+04  p   95=9.139e+04  p   99=1.461e+05  p 99.9=1.801e+05
    above-thr: >10=100.00%  >100=100.00%  >1000=99.99%  >5000=99.31%  >10000=93.80%  >30000=49.94%  >50000=25.50%
[298/348] mat0300  cohort2 (100<=mat<352, factor2)
  shape: K=589, V=411142, total=242,162,638, valid(non-zero)=238,028,080 (98.3%)
  [per-mat (post-CCM)] n=714,084,240  min=0  max=1.851e+05  mean=3.704e+04  median=3.192e+04  std=2.332e+04  geomean(>0)=3.044e+04
    quantiles: p    1=5087  p    5=9398  p   10=1.295e+04  p   25=2.045e+04  p   50=3.192e+04  p   75=4.82e+04  p   90=6.768e+04  p   95=7.977e+04  p   99=1.145e+05  p 99.9=1.747e+05
    above-thr: >10=100.00%  >100=100.00%  >1000=99.99%  >5000=99.05%  >10000=94.26%  >30000=53.89%  >50000=23.09%
[299/348] mat0301  cohort2 (100<=mat<352, factor2)
  shape: K=589, V=326462, total=192,286,118, valid(non-zero)=190,499,672 (99.1%)
  [per-mat (post-CCM)] n=571,499,016  min=0  max=1.875e+05  mean=4.592e+04  median=3.874e+04  std=3.18e+04  geomean(>0)=3.64e+04
    quantiles: p    1=5016  p    5=9857  p   10=1.418e+04  p   25=2.391e+04  p   50=3.874e+04  p   75=6.07e+04  p   90=8.193e+04  p   95=1.054e+05  p   99=1.8e+05  p 99.9=1.801e+05
    above-thr: >10=100.00%  >100=100.00%  >1000=99.97%  >5000=99.01%  >10000=94.85%  >30000=64.27%  >50000=35.17%
[300/348] mat0302  cohort2 (100<=mat<352, factor2)
  shape: K=589, V=136802, total=80,576,378, valid(non-zero)=79,945,301 (99.2%)
  [per-mat (post-CCM)] n=239,835,903  min=0  max=1.847e+05  mean=4798  median=3031  std=6041  geomean(>0)=2843
    quantiles: p    1=0  p    5=315  p   10=608  p   25=1367  p   50=3031  p   75=6138  p   90=1.082e+04  p   95=1.48e+04  p   99=2.611e+04  p 99.9=6.555e+04
    above-thr: >10=98.26%  >100=97.56%  >1000=82.17%  >5000=31.93%  >10000=11.63%  >30000= 0.66%  >50000= 0.18%
[301/348] mat0303  cohort2 (100<=mat<352, factor2)
  shape: K=589, V=211113, total=124,345,557, valid(non-zero)=121,801,381 (98.0%)
  [per-mat (post-CCM)] n=365,404,143  min=0  max=1.848e+05  mean=1.061e+04  median=6812  std=1.075e+04  geomean(>0)=7191
    quantiles: p    1=1081  p    5=1845  p   10=2410  p   25=3829  p   50=6812  p   75=1.339e+04  p   90=2.397e+04  p   95=3.2e+04  p   99=5.197e+04  p 99.9=8.493e+04
    above-thr: >10=99.98%  >100=99.98%  >1000=99.22%  >5000=63.63%  >10000=34.72%  >30000= 5.94%  >50000= 1.16%
[302/348] mat0304  cohort2 (100<=mat<352, factor2)
  shape: K=589, V=343264, total=202,182,496, valid(non-zero)=200,083,855 (99.0%)
  [per-mat (post-CCM)] n=600,251,565  min=0  max=1.88e+05  mean=1.267e+04  median=8736  std=1.255e+04  geomean(>0)=8413
    quantiles: p    1=687.4  p    5=1657  p   10=2444  p   25=4527  p   50=8736  p   75=1.637e+04  p   90=2.767e+04  p   95=3.705e+04  p   99=6.153e+04  p 99.9=9.779e+04
    above-thr: >10=99.82%  >100=99.78%  >1000=98.08%  >5000=71.70%  >10000=44.35%  >30000= 8.38%  >50000= 2.07%
[303/348] mat0305  cohort2 (100<=mat<352, factor2)
  shape: K=589, V=312398, total=184,002,422, valid(non-zero)=182,650,499 (99.3%)
  [per-mat (post-CCM)] n=547,951,497  min=0  max=1.894e+05  mean=1.709e+04  median=1.079e+04  std=1.863e+04  geomean(>0)=1.07e+04
    quantiles: p    1=949  p    5=2042  p   10=2944  p   25=5423  p   50=1.079e+04  p   75=2.149e+04  p   90=3.921e+04  p   95=5.464e+04  p   99=8.965e+04  p 99.9=1.553e+05
    above-thr: >10=99.88%  >100=99.86%  >1000=98.89%  >5000=77.48%  >10000=52.98%  >30000=15.72%  >50000= 6.12%
[304/348] mat0306  cohort2 (100<=mat<352, factor2)
  shape: K=589, V=228702, total=134,705,478, valid(non-zero)=133,086,512 (98.8%)
  [per-mat (post-CCM)] n=399,259,536  min=0  max=1.848e+05  mean=7992  median=4507  std=1.162e+04  geomean(>0)=4444
    quantiles: p    1=133.5  p    5=677.4  p   10=1062  p   25=2114  p   50=4507  p   75=9321  p   90=1.745e+04  p   95=2.546e+04  p   99=6.328e+04  p 99.9=1.172e+05
    above-thr: >10=99.31%  >100=99.10%  >1000=90.87%  >5000=46.23%  >10000=22.92%  >30000= 3.64%  >50000= 1.49%
[305/348] mat0307  cohort2 (100<=mat<352, factor2)
  shape: K=589, V=335928, total=197,861,592, valid(non-zero)=195,073,975 (98.6%)
  [per-mat (post-CCM)] n=585,221,925  min=0  max=1.868e+05  mean=1.702e+04  median=1.124e+04  std=1.719e+04  geomean(>0)=1.085e+04
    quantiles: p    1=1001  p    5=2033  p   10=2923  p   25=5435  p   50=1.124e+04  p   75=2.264e+04  p   90=3.878e+04  p   95=5.146e+04  p   99=7.999e+04  p 99.9=1.315e+05
    above-thr: >10=99.98%  >100=99.97%  >1000=99.00%  >5000=77.46%  >10000=54.28%  >30000=16.38%  >50000= 5.41%
[306/348] mat0308  cohort2 (100<=mat<352, factor2)
  shape: K=589, V=273579, total=161,138,031, valid(non-zero)=160,036,251 (99.3%)
  [per-mat (post-CCM)] n=480,108,753  min=0  max=1.843e+05  mean=1.065e+04  median=6685  std=1.16e+04  geomean(>0)=6132
    quantiles: p    1=0  p    5=684.4  p   10=1207  p   25=2781  p   50=6685  p   75=1.447e+04  p   90=2.532e+04  p   95=3.383e+04  p   99=5.45e+04  p 99.9=8.502e+04
    above-thr: >10=98.80%  >100=98.52%  >1000=92.10%  >5000=59.16%  >10000=36.83%  >30000= 6.82%  >50000= 1.41%
[307/348] mat0309  cohort2 (100<=mat<352, factor2)
  shape: K=589, V=330341, total=194,570,849, valid(non-zero)=191,584,545 (98.5%)
  [per-mat (post-CCM)] n=574,753,635  min=0  max=1.855e+05  mean=1.993e+04  median=1.518e+04  std=1.71e+04  geomean(>0)=1.389e+04
    quantiles: p    1=1207  p    5=2747  p   10=4071  p   25=7719  p   50=1.518e+04  p   75=2.694e+04  p   90=4.181e+04  p   95=5.331e+04  p   99=7.998e+04  p 99.9=1.241e+05
    above-thr: >10=99.93%  >100=99.91%  >1000=99.30%  >5000=86.17%  >10000=66.44%  >30000=20.74%  >50000= 6.09%
[308/348] mat0310  cohort2 (100<=mat<352, factor2)
  shape: K=590, V=299955, total=176,973,450, valid(non-zero)=175,672,222 (99.3%)
  [per-mat (post-CCM)] n=527,016,666  min=0  max=1.862e+05  mean=2.276e+04  median=1.771e+04  std=1.849e+04  geomean(>0)=1.629e+04
    quantiles: p    1=1554  p    5=3368  p   10=4991  p   25=9405  p   50=1.771e+04  p   75=3.05e+04  p   90=4.751e+04  p   95=6.063e+04  p   99=8.643e+04  p 99.9=1.174e+05
    above-thr: >10=99.97%  >100=99.97%  >1000=99.61%  >5000=89.97%  >10000=73.00%  >30000=25.70%  >50000= 8.76%
[309/348] mat0311  cohort2 (100<=mat<352, factor2)
  shape: K=590, V=315360, total=186,062,400, valid(non-zero)=185,095,232 (99.5%)
  [per-mat (post-CCM)] n=555,285,696  min=0  max=1.852e+05  mean=2.62e+04  median=1.867e+04  std=2.409e+04  geomean(>0)=1.723e+04
    quantiles: p    1=986.4  p    5=2882  p   10=4556  p   25=9216  p   50=1.867e+04  p   75=3.523e+04  p   90=5.959e+04  p   95=7.578e+04  p   99=1.118e+05  p 99.9=1.722e+05
    above-thr: >10=99.76%  >100=99.73%  >1000=98.98%  >5000=88.58%  >10000=72.59%  >30000=30.91%  >50000=14.16%
[310/348] mat0312  cohort2 (100<=mat<352, factor2)
  shape: K=590, V=317064, total=187,067,760, valid(non-zero)=187,047,582 (100.0%)
  [per-mat (post-CCM)] n=561,142,746  min=0  max=1.833e+05  mean=1.388e+04  median=9986  std=1.285e+04  geomean(>0)=9806
    quantiles: p    1=1111  p    5=2347  p   10=3271  p   25=5562  p   50=9986  p   75=1.775e+04  p   90=2.901e+04  p   95=3.857e+04  p   99=6.458e+04  p 99.9=9.944e+04
    above-thr: >10=99.89%  >100=99.86%  >1000=99.18%  >5000=78.74%  >10000=49.93%  >30000= 9.27%  >50000= 2.37%
[311/348] mat0313  cohort2 (100<=mat<352, factor2)
  shape: K=590, V=242776, total=143,237,840, valid(non-zero)=142,443,706 (99.4%)
  [per-mat (post-CCM)] n=427,331,118  min=0  max=1.835e+05  mean=1.638e+04  median=1.214e+04  std=1.408e+04  geomean(>0)=1.248e+04
    quantiles: p    1=2539  p    5=4015  p   10=5084  p   25=7604  p   50=1.214e+04  p   75=1.983e+04  p   90=3.218e+04  p   95=4.475e+04  p   99=7.538e+04  p 99.9=1.04e+05
    above-thr: >10=99.99%  >100=99.99%  >1000=99.92%  >5000=90.44%  >10000=60.85%  >30000=11.51%  >50000= 3.85%
[312/348] mat0314  cohort2 (100<=mat<352, factor2)
  shape: K=590, V=398446, total=235,083,140, valid(non-zero)=233,393,196 (99.3%)
  [per-mat (post-CCM)] n=700,179,588  min=0  max=1.872e+05  mean=2.153e+04  median=1.383e+04  std=2.277e+04  geomean(>0)=1.365e+04
    quantiles: p    1=1278  p    5=2634  p   10=3790  p   25=6981  p   50=1.383e+04  p   75=2.73e+04  p   90=4.953e+04  p   95=6.743e+04  p   99=1.098e+05  p 99.9=1.8e+05
    above-thr: >10=99.93%  >100=99.91%  >1000=99.41%  >5000=84.27%  >10000=62.54%  >30000=22.09%  >50000= 9.83%
[313/348] mat0315  cohort2 (100<=mat<352, factor2)
  shape: K=590, V=327577, total=193,270,430, valid(non-zero)=192,215,424 (99.5%)
  [per-mat (post-CCM)] n=576,646,272  min=0  max=1.84e+05  mean=3.205e+04  median=2.632e+04  std=2.247e+04  geomean(>0)=2.495e+04
    quantiles: p    1=3603  p    5=6659  p   10=9230  p   25=1.545e+04  p   50=2.632e+04  p   75=4.29e+04  p   90=6.383e+04  p   95=7.768e+04  p   99=1.042e+05  p 99.9=1.454e+05
    above-thr: >10=100.00%  >100=100.00%  >1000=99.94%  >5000=97.52%  >10000=88.31%  >30000=43.09%  >50000=18.33%
[314/348] mat0316  cohort2 (100<=mat<352, factor2)
  shape: K=590, V=351752, total=207,533,680, valid(non-zero)=207,517,479 (100.0%)
  [per-mat (post-CCM)] n=622,552,437  min=0  max=1.851e+05  mean=3.555e+04  median=2.807e+04  std=2.662e+04  geomean(>0)=2.741e+04
    quantiles: p    1=4440  p    5=7804  p   10=1.038e+04  p   25=1.661e+04  p   50=2.807e+04  p   75=4.686e+04  p   90=7.089e+04  p   95=8.492e+04  p   99=1.298e+05  p 99.9=1.8e+05
    above-thr: >10=100.00%  >100=100.00%  >1000=99.97%  >5000=98.58%  >10000=90.81%  >30000=46.55%  >50000=22.37%
[315/348] mat0317  cohort2 (100<=mat<352, factor2)
  shape: K=590, V=396916, total=234,180,440, valid(non-zero)=232,579,251 (99.3%)
  [per-mat (post-CCM)] n=697,737,753  min=0  max=1.847e+05  mean=3.069e+04  median=2.649e+04  std=2.052e+04  geomean(>0)=2.376e+04
    quantiles: p    1=2249  p    5=5202  p   10=8156  p   25=1.572e+04  p   50=2.649e+04  p   75=4.133e+04  p   90=5.867e+04  p   95=7.052e+04  p   99=9.285e+04  p 99.9=1.326e+05
    above-thr: >10=99.99%  >100=99.98%  >1000=99.83%  >5000=95.32%  >10000=86.68%  >30000=42.88%  >50000=15.95%
[316/348] mat0318  cohort2 (100<=mat<352, factor2)
  shape: K=590, V=337073, total=198,873,070, valid(non-zero)=196,170,370 (98.6%)
  [per-mat (post-CCM)] n=588,511,110  min=0  max=1.837e+05  mean=3.132e+04  median=2.569e+04  std=2.121e+04  geomean(>0)=2.53e+04
    quantiles: p    1=5396  p    5=8414  p   10=1.062e+04  p   25=1.584e+04  p   50=2.569e+04  p   75=4.108e+04  p   90=6.031e+04  p   95=7.329e+04  p   99=1.035e+05  p 99.9=1.512e+05
    above-thr: >10=100.00%  >100=100.00%  >1000=99.95%  >5000=99.26%  >10000=91.55%  >30000=41.45%  >50000=16.38%
[317/348] mat0319  cohort2 (100<=mat<352, factor2)
  shape: K=590, V=331144, total=195,374,960, valid(non-zero)=193,343,218 (99.0%)
  [per-mat (post-CCM)] n=580,029,654  min=0  max=1.852e+05  mean=2.798e+04  median=2.045e+04  std=2.39e+04  geomean(>0)=2.016e+04
    quantiles: p    1=2543  p    5=4979  p   10=6843  p   25=1.15e+04  p   50=2.045e+04  p   75=3.663e+04  p   90=6.079e+04  p   95=7.633e+04  p   99=1.139e+05  p 99.9=1.755e+05
    above-thr: >10=99.98%  >100=99.97%  >1000=99.85%  >5000=94.95%  >10000=79.93%  >30000=32.94%  >50000=14.80%
[318/348] mat0320  cohort2 (100<=mat<352, factor2)
  shape: K=590, V=355117, total=209,519,030, valid(non-zero)=208,033,215 (99.3%)
  [per-mat (post-CCM)] n=624,099,645  min=0  max=1.865e+05  mean=2.901e+04  median=2.119e+04  std=2.607e+04  geomean(>0)=1.933e+04
    quantiles: p    1=1654  p    5=3403  p   10=5085  p   25=1.018e+04  p   50=2.119e+04  p   75=3.972e+04  p   90=6.516e+04  p   95=7.924e+04  p   99=1.172e+05  p 99.9=1.8e+05
    above-thr: >10=99.97%  >100=99.97%  >1000=99.76%  >5000=90.26%  >10000=75.48%  >30000=36.01%  >50000=17.10%
[319/348] mat0321  cohort2 (100<=mat<352, factor2)
  shape: K=590, V=248999, total=146,909,410, valid(non-zero)=145,641,912 (99.1%)
  [per-mat (post-CCM)] n=436,925,736  min=0  max=1.852e+05  mean=1.937e+04  median=1.368e+04  std=1.747e+04  geomean(>0)=1.414e+04
    quantiles: p    1=2316  p    5=4085  p   10=5356  p   25=8382  p   50=1.368e+04  p   75=2.32e+04  p   90=4.202e+04  p   95=5.724e+04  p   99=8.445e+04  p 99.9=1.212e+05
    above-thr: >10=99.99%  >100=99.99%  >1000=99.82%  >5000=91.54%  >10000=66.73%  >30000=17.26%  >50000= 7.00%
[320/348] mat0322  cohort2 (100<=mat<352, factor2)
  shape: K=590, V=346277, total=204,303,430, valid(non-zero)=203,258,514 (99.5%)
  [per-mat (post-CCM)] n=609,775,542  min=0  max=1.933e+05  mean=2.95e+04  median=2.168e+04  std=2.633e+04  geomean(>0)=2.005e+04
    quantiles: p    1=1578  p    5=3766  p   10=5723  p   25=1.102e+04  p   50=2.168e+04  p   75=3.98e+04  p   90=6.485e+04  p   95=7.891e+04  p   99=1.219e+05  p 99.9=1.801e+05
    above-thr: >10=99.95%  >100=99.94%  >1000=99.55%  >5000=91.94%  >10000=77.86%  >30000=36.37%  >50000=17.06%
[321/348] mat0323  cohort2 (100<=mat<352, factor2)
  shape: K=590, V=341948, total=201,749,320, valid(non-zero)=200,900,306 (99.6%)
  [per-mat (post-CCM)] n=602,700,918  min=0  max=1.834e+05  mean=3.394e+04  median=2.691e+04  std=2.516e+04  geomean(>0)=2.619e+04
    quantiles: p    1=4078  p    5=7303  p   10=9848  p   25=1.599e+04  p   50=2.691e+04  p   75=4.499e+04  p   90=6.769e+04  p   95=8.103e+04  p   99=1.177e+05  p 99.9=1.8e+05
    above-thr: >10=100.00%  >100=100.00%  >1000=99.96%  >5000=98.20%  >10000=89.67%  >30000=44.40%  >50000=20.70%
[322/348] mat0324  cohort2 (100<=mat<352, factor2)
  shape: K=590, V=332545, total=196,201,550, valid(non-zero)=193,127,863 (98.4%)
  [per-mat (post-CCM)] n=579,383,589  min=0  max=1.856e+05  mean=4.44e+04  median=3.769e+04  std=3.046e+04  geomean(>0)=3.464e+04
    quantiles: p    1=4296  p    5=8877  p   10=1.262e+04  p   25=2.173e+04  p   50=3.769e+04  p   75=6.123e+04  p   90=8.131e+04  p   95=1.051e+05  p   99=1.586e+05  p 99.9=1.801e+05
    above-thr: >10=99.99%  >100=99.99%  >1000=99.95%  >5000=98.58%  >10000=93.63%  >30000=61.33%  >50000=35.13%
[323/348] mat0325  cohort2 (100<=mat<352, factor2)
  shape: K=590, V=379805, total=224,084,950, valid(non-zero)=223,284,619 (99.6%)
  [per-mat (post-CCM)] n=669,853,857  min=0  max=1.878e+05  mean=3.707e+04  median=3.286e+04  std=2.334e+04  geomean(>0)=2.964e+04
    quantiles: p    1=3385  p    5=7689  p   10=1.133e+04  p   25=1.963e+04  p   50=3.286e+04  p   75=4.976e+04  p   90=6.825e+04  p   95=7.941e+04  p   99=1.127e+05  p 99.9=1.614e+05
    above-thr: >10=99.99%  >100=99.98%  >1000=99.87%  >5000=97.80%  >10000=91.97%  >30000=55.28%  >50000=24.74%
[324/348] mat0326  cohort2 (100<=mat<352, factor2)
  shape: K=590, V=286724, total=169,167,160, valid(non-zero)=168,010,391 (99.3%)
  [per-mat (post-CCM)] n=504,031,173  min=0  max=1.858e+05  mean=2.464e+04  median=1.534e+04  std=2.493e+04  geomean(>0)=1.561e+04
    quantiles: p    1=1662  p    5=3125  p   10=4351  p   25=7686  p   50=1.534e+04  p   75=3.306e+04  p   90=5.987e+04  p   95=7.544e+04  p   99=1.132e+05  p 99.9=1.8e+05
    above-thr: >10=99.98%  >100=99.98%  >1000=99.73%  >5000=87.08%  >10000=65.82%  >30000=27.84%  >50000=14.01%
[325/348] mat0327  cohort2 (100<=mat<352, factor2)
  shape: K=590, V=425883, total=251,270,970, valid(non-zero)=250,813,566 (99.8%)
  [per-mat (post-CCM)] n=752,440,698  min=0  max=1.869e+05  mean=1.806e+04  median=1.41e+04  std=1.498e+04  geomean(>0)=1.389e+04
    quantiles: p    1=2209  p    5=4135  p   10=5535  p   25=8772  p   50=1.41e+04  p   75=2.225e+04  p   90=3.437e+04  p   95=4.561e+04  p   99=7.667e+04  p 99.9=1.333e+05
    above-thr: >10=99.99%  >100=99.98%  >1000=99.84%  >5000=92.08%  >10000=68.92%  >30000=13.61%  >50000= 3.93%
[326/348] mat0328  cohort2 (100<=mat<352, factor2)
  shape: K=590, V=248994, total=146,906,460, valid(non-zero)=145,643,127 (99.1%)
  [per-mat (post-CCM)] n=436,929,381  min=0  max=1.845e+05  mean=1.3e+04  median=9102  std=1.35e+04  geomean(>0)=8186
    quantiles: p    1=262  p    5=1171  p   10=2031  p   25=4486  p   50=9102  p   75=1.633e+04  p   90=2.805e+04  p   95=3.965e+04  p   99=6.777e+04  p 99.9=1.041e+05
    above-thr: >10=99.58%  >100=99.41%  >1000=95.90%  >5000=71.98%  >10000=45.88%  >30000= 8.80%  >50000= 2.87%
[327/348] mat0329  cohort2 (100<=mat<352, factor2)
  shape: K=590, V=408263, total=240,875,170, valid(non-zero)=238,013,900 (98.8%)
  [per-mat (post-CCM)] n=714,041,700  min=0  max=1.888e+05  mean=3.14e+04  median=2.524e+04  std=2.38e+04  geomean(>0)=2.366e+04
    quantiles: p    1=2475  p    5=5743  p   10=8351  p   25=1.462e+04  p   50=2.524e+04  p   75=4.165e+04  p   90=6.273e+04  p   95=7.627e+04  p   99=1.123e+05  p 99.9=1.8e+05
    above-thr: >10=99.98%  >100=99.97%  >1000=99.79%  >5000=96.17%  >10000=86.33%  >30000=41.03%  >50000=17.41%
[328/348] mat0330  cohort2 (100<=mat<352, factor2)
  shape: K=589, V=270550, total=159,353,950, valid(non-zero)=159,349,886 (100.0%)
  [per-mat (post-CCM)] n=478,049,658  min=0  max=1.951e+05  mean=3.4e+04  median=2.624e+04  std=2.797e+04  geomean(>0)=2.428e+04
    quantiles: p    1=2360  p    5=5085  p   10=7469  p   25=1.388e+04  p   50=2.624e+04  p   75=4.61e+04  p   90=7.017e+04  p   95=8.627e+04  p   99=1.37e+05  p 99.9=1.801e+05
    above-thr: >10=99.97%  >100=99.97%  >1000=99.82%  >5000=95.16%  >10000=84.12%  >30000=43.92%  >50000=21.82%
[329/348] mat0331  cohort2 (100<=mat<352, factor2)
  shape: K=589, V=342285, total=201,605,865, valid(non-zero)=200,917,272 (99.7%)
  [per-mat (post-CCM)] n=602,751,816  min=0  max=1.876e+05  mean=3.458e+04  median=2.897e+04  std=2.314e+04  geomean(>0)=2.816e+04
    quantiles: p    1=5128  p    5=8931  p   10=1.198e+04  p   25=1.857e+04  p   50=2.897e+04  p   75=4.448e+04  p   90=6.48e+04  p   95=7.719e+04  p   99=1.137e+05  p 99.9=1.8e+05
    above-thr: >10=100.00%  >100=100.00%  >1000=99.98%  >5000=99.08%  >10000=93.42%  >30000=47.84%  >50000=19.41%
[330/348] mat0332  cohort2 (100<=mat<352, factor2)
  shape: K=589, V=358684, total=211,264,876, valid(non-zero)=209,467,119 (99.1%)
  [per-mat (post-CCM)] n=628,401,357  min=0  max=1.859e+05  mean=3.924e+04  median=3.194e+04  std=2.931e+04  geomean(>0)=2.95e+04
    quantiles: p    1=3095  p    5=6869  p   10=1.009e+04  p   25=1.812e+04  p   50=3.194e+04  p   75=5.284e+04  p   90=7.629e+04  p   95=9.665e+04  p   99=1.481e+05  p 99.9=1.801e+05
    above-thr: >10=99.99%  >100=99.99%  >1000=99.87%  >5000=97.33%  >10000=90.15%  >30000=53.17%  >50000=27.45%
[331/348] mat0333  cohort2 (100<=mat<352, factor2)
  shape: K=589, V=367218, total=216,291,402, valid(non-zero)=215,915,636 (99.8%)
  [per-mat (post-CCM)] n=647,746,908  min=0  max=1.901e+05  mean=2.965e+04  median=2.26e+04  std=2.524e+04  geomean(>0)=2.064e+04
    quantiles: p    1=1520  p    5=3945  p   10=6067  p   25=1.183e+04  p   50=2.26e+04  p   75=3.978e+04  p   90=6.29e+04  p   95=7.87e+04  p   99=1.173e+05  p 99.9=1.8e+05
    above-thr: >10=99.95%  >100=99.93%  >1000=99.49%  >5000=92.61%  >10000=79.80%  >30000=37.12%  >50000=16.62%
[332/348] mat0334  cohort2 (100<=mat<352, factor2)
  shape: K=589, V=383118, total=225,656,502, valid(non-zero)=222,964,318 (98.8%)
  [per-mat (post-CCM)] n=668,892,954  min=0  max=1.926e+05  mean=2.939e+04  median=2.329e+04  std=2.347e+04  geomean(>0)=2.083e+04
    quantiles: p    1=1162  p    5=3929  p   10=6238  p   25=1.224e+04  p   50=2.329e+04  p   75=4.004e+04  p   90=6.106e+04  p   95=7.547e+04  p   99=1.084e+05  p 99.9=1.586e+05
    above-thr: >10=99.82%  >100=99.78%  >1000=99.15%  >5000=92.82%  >10000=80.65%  >30000=38.13%  >50000=16.30%
[333/348] mat0335  cohort2 (100<=mat<352, factor2)
  shape: K=589, V=352877, total=207,844,553, valid(non-zero)=207,482,469 (99.8%)
  [per-mat (post-CCM)] n=622,447,407  min=0  max=1.881e+05  mean=2.809e+04  median=2.077e+04  std=2.477e+04  geomean(>0)=1.91e+04
    quantiles: p    1=1319  p    5=3548  p   10=5472  p   25=1.059e+04  p   50=2.077e+04  p   75=3.789e+04  p   90=6.094e+04  p   95=7.626e+04  p   99=1.142e+05  p 99.9=1.8e+05
    above-thr: >10=99.93%  >100=99.91%  >1000=99.33%  >5000=91.30%  >10000=76.70%  >30000=34.41%  >50000=15.42%
[334/348] mat0336  cohort2 (100<=mat<352, factor2)
  shape: K=589, V=340162, total=200,355,418, valid(non-zero)=197,969,355 (98.8%)
  [per-mat (post-CCM)] n=593,908,065  min=0  max=1.891e+05  mean=2.985e+04  median=2.331e+04  std=2.398e+04  geomean(>0)=2.178e+04
    quantiles: p    1=2194  p    5=4956  p   10=7191  p   25=1.284e+04  p   50=2.331e+04  p   75=3.987e+04  p   90=6.127e+04  p   95=7.579e+04  p   99=1.125e+05  p 99.9=1.774e+05
    above-thr: >10=99.97%  >100=99.97%  >1000=99.74%  >5000=94.91%  >10000=82.66%  >30000=37.93%  >50000=16.21%
[335/348] mat0337  cohort2 (100<=mat<352, factor2)
  shape: K=589, V=334231, total=196,862,059, valid(non-zero)=192,805,896 (97.9%)
  [per-mat (post-CCM)] n=578,417,688  min=0  max=1.954e+05  mean=3.502e+04  median=2.801e+04  std=2.811e+04  geomean(>0)=2.491e+04
    quantiles: p    1=1817  p    5=4657  p   10=7336  p   25=1.473e+04  p   50=2.801e+04  p   75=4.75e+04  p   90=7.066e+04  p   95=8.831e+04  p   99=1.37e+05  p 99.9=1.801e+05
    above-thr: >10=99.96%  >100=99.95%  >1000=99.64%  >5000=94.40%  >10000=84.64%  >30000=46.74%  >50000=22.81%
[336/348] mat0338  cohort2 (100<=mat<352, factor2)
  shape: K=589, V=411373, total=242,298,697, valid(non-zero)=241,045,242 (99.5%)
  [per-mat (post-CCM)] n=723,135,726  min=0  max=1.932e+05  mean=3.757e+04  median=2.999e+04  std=2.882e+04  geomean(>0)=2.819e+04
    quantiles: p    1=3287  p    5=6743  p   10=9715  p   25=1.714e+04  p   50=2.999e+04  p   75=5.008e+04  p   90=7.389e+04  p   95=9.305e+04  p   99=1.49e+05  p 99.9=1.801e+05
    above-thr: >10=99.99%  >100=99.99%  >1000=99.95%  >5000=97.34%  >10000=89.47%  >30000=49.98%  >50000=25.06%
[337/348] mat0339  cohort2 (100<=mat<352, factor2)
  shape: K=589, V=339613, total=200,032,057, valid(non-zero)=199,544,427 (99.8%)
  [per-mat (post-CCM)] n=598,633,281  min=0  max=1.848e+05  mean=5.338e+04  median=4.787e+04  std=2.92e+04  geomean(>0)=4.595e+04
    quantiles: p    1=9713  p    5=1.717e+04  p   10=2.208e+04  p   25=3.242e+04  p   50=4.787e+04  p   75=6.788e+04  p   90=9.137e+04  p   95=1.079e+05  p   99=1.573e+05  p 99.9=1.801e+05
    above-thr: >10=100.00%  >100=100.00%  >1000=99.99%  >5000=99.83%  >10000=98.91%  >30000=78.88%  >50000=46.90%
[338/348] mat0340  cohort2 (100<=mat<352, factor2)
  shape: K=589, V=338150, total=199,170,350, valid(non-zero)=197,428,650 (99.1%)
  [per-mat (post-CCM)] n=592,285,950  min=0  max=2.161e+05  mean=2.68e+04  median=1.544e+04  std=3.106e+04  geomean(>0)=1.364e+04
    quantiles: p    1=0  p    5=1057  p   10=2113  p   25=5562  p   50=1.544e+04  p   75=3.646e+04  p   90=6.751e+04  p   95=9.189e+04  p   99=1.477e+05  p 99.9=1.889e+05
    above-thr: >10=98.80%  >100=98.59%  >1000=95.26%  >5000=77.17%  >10000=61.49%  >30000=30.56%  >50000=16.67%
[339/348] mat0341  cohort2 (100<=mat<352, factor2)
  shape: K=589, V=380114, total=223,887,146, valid(non-zero)=223,404,077 (99.8%)
  [per-mat (post-CCM)] n=670,212,231  min=0  max=2.179e+05  mean=2.457e+04  median=1.481e+04  std=2.663e+04  geomean(>0)=1.354e+04
    quantiles: p    1=0  p    5=1160  p   10=2328  p   25=5755  p   50=1.481e+04  p   75=3.489e+04  p   90=6.029e+04  p   95=7.847e+04  p   99=1.209e+05  p 99.9=1.807e+05
    above-thr: >10=98.39%  >100=98.21%  >1000=95.59%  >5000=78.04%  >10000=60.92%  >30000=29.80%  >50000=14.46%
[340/348] mat0342  cohort2 (100<=mat<352, factor2)
  shape: K=589, V=345573, total=203,542,497, valid(non-zero)=202,492,271 (99.5%)
  [per-mat (post-CCM)] n=607,476,813  min=0  max=2.031e+05  mean=3.394e+04  median=2.676e+04  std=2.766e+04  geomean(>0)=2.391e+04
    quantiles: p    1=2196  p    5=4633  p   10=6809  p   25=1.334e+04  p   50=2.676e+04  p   75=4.69e+04  p   90=7.021e+04  p   95=8.47e+04  p   99=1.306e+05  p 99.9=1.801e+05
    above-thr: >10=99.98%  >100=99.98%  >1000=99.80%  >5000=94.21%  >10000=82.42%  >30000=44.96%  >50000=22.37%
[341/348] mat0343  cohort2 (100<=mat<352, factor2)
  shape: K=588, V=355600, total=209,092,800, valid(non-zero)=209,004,175 (100.0%)
  [per-mat (post-CCM)] n=627,012,525  min=0  max=1.867e+05  mean=4.875e+04  median=4.38e+04  std=3.105e+04  geomean(>0)=3.821e+04
    quantiles: p    1=3768  p    5=8758  p   10=1.319e+04  p   25=2.492e+04  p   50=4.38e+04  p   75=6.671e+04  p   90=8.782e+04  p   95=1.071e+05  p   99=1.49e+05  p 99.9=1.801e+05
    above-thr: >10=99.99%  >100=99.98%  >1000=99.90%  >5000=98.27%  >10000=93.68%  >30000=68.16%  >50000=42.66%
[342/348] mat0344  cohort2 (100<=mat<352, factor2)
  shape: K=588, V=395098, total=232,317,624, valid(non-zero)=230,716,069 (99.3%)
  [per-mat (post-CCM)] n=692,148,207  min=0  max=1.842e+05  mean=3.137e+04  median=2.531e+04  std=2.351e+04  geomean(>0)=2.368e+04
    quantiles: p    1=2726  p    5=5648  p   10=8244  p   25=1.453e+04  p   50=2.531e+04  p   75=4.17e+04  p   90=6.36e+04  p   95=7.665e+04  p   99=1.107e+05  p 99.9=1.708e+05
    above-thr: >10=100.00%  >100=100.00%  >1000=99.91%  >5000=96.07%  >10000=86.11%  >30000=41.10%  >50000=17.66%
[343/348] mat0345  cohort2 (100<=mat<352, factor2)
  shape: K=588, V=343703, total=202,097,364, valid(non-zero)=200,666,816 (99.3%)
  [per-mat (post-CCM)] n=602,000,448  min=0  max=1.848e+05  mean=2.219e+04  median=1.772e+04  std=1.747e+04  geomean(>0)=1.718e+04
    quantiles: p    1=2691  p    5=4926  p   10=6686  p   25=1.085e+04  p   50=1.772e+04  p   75=2.799e+04  p   90=4.211e+04  p   95=5.496e+04  p   99=8.655e+04  p 99.9=1.533e+05
    above-thr: >10=100.00%  >100=99.99%  >1000=99.91%  >5000=94.82%  >10000=78.25%  >30000=21.80%  >50000= 6.43%
[344/348] mat0346  cohort2 (100<=mat<352, factor2)
  shape: K=588, V=344582, total=202,614,216, valid(non-zero)=201,225,027 (99.3%)
  [per-mat (post-CCM)] n=603,675,081  min=0  max=1.842e+05  mean=5.053e+04  median=4.519e+04  std=2.994e+04  geomean(>0)=4.182e+04
    quantiles: p    1=6836  p    5=1.28e+04  p   10=1.737e+04  p   25=2.799e+04  p   50=4.519e+04  p   75=6.717e+04  p   90=8.836e+04  p   95=1.075e+05  p   99=1.497e+05  p 99.9=1.801e+05
    above-thr: >10=100.00%  >100=100.00%  >1000=99.98%  >5000=99.56%  >10000=97.29%  >30000=71.94%  >50000=43.93%
[345/348] mat0347  cohort2 (100<=mat<352, factor2)
  shape: K=589, V=355703, total=209,509,067, valid(non-zero)=209,044,943 (99.8%)
  [per-mat (post-CCM)] n=627,134,829  min=0  max=2.105e+05  mean=3.42e+04  median=2.542e+04  std=3.017e+04  geomean(>0)=2.281e+04
    quantiles: p    1=1387  p    5=3697  p   10=6002  p   25=1.258e+04  p   50=2.542e+04  p   75=4.68e+04  p   90=7.319e+04  p   95=9.398e+04  p   99=1.497e+05  p 99.9=1.801e+05
    above-thr: >10=99.92%  >100=99.91%  >1000=99.42%  >5000=92.23%  >10000=80.84%  >30000=43.05%  >50000=22.59%
[346/348] mat0348  cohort2 (100<=mat<352, factor2)
  shape: K=589, V=377759, total=222,500,051, valid(non-zero)=222,358,379 (99.9%)
  [per-mat (post-CCM)] n=667,075,137  min=0  max=2.104e+05  mean=2.35e+04  median=1.431e+04  std=2.61e+04  geomean(>0)=1.254e+04
    quantiles: p    1=452.9  p    5=1336  p   10=2196  p   25=5307  p   50=1.431e+04  p   75=3.24e+04  p   90=5.778e+04  p   95=7.62e+04  p   99=1.214e+05  p 99.9=1.801e+05
    above-thr: >10=99.71%  >100=99.64%  >1000=96.80%  >5000=76.23%  >10000=60.04%  >30000=27.32%  >50000=13.21%
[347/348] mat0349  cohort2 (100<=mat<352, factor2)
  shape: K=589, V=231721, total=136,483,669, valid(non-zero)=134,826,817 (98.8%)
  [per-mat (post-CCM)] n=404,480,451  min=0  max=1.972e+05  mean=9210  median=4273  std=1.342e+04  geomean(>0)=4242
    quantiles: p    1=17  p    5=386  p   10=710  p   25=1690  p   50=4273  p   75=1.161e+04  p   90=2.306e+04  p   95=3.273e+04  p   99=6.628e+04  p 99.9=1.194e+05
    above-thr: >10=99.04%  >100=98.40%  >1000=85.35%  >5000=45.75%  >10000=28.53%  >30000= 6.01%  >50000= 1.88%
[348/348] mat0350  cohort2 (100<=mat<352, factor2)
  shape: K=589, V=296666, total=174,736,274, valid(non-zero)=172,052,891 (98.5%)
  [per-mat (post-CCM)] n=516,158,673  min=0  max=2.027e+05  mean=7926  median=3399  std=1.303e+04  geomean(>0)=3265
    quantiles: p    1=0  p    5=200.3  p   10=425.3  p   25=1120  p   50=3399  p   75=9548  p   90=1.916e+04  p   95=2.904e+04  p   99=6.688e+04  p 99.9=1.208e+05
    above-thr: >10=98.03%  >100=96.81%  >1000=77.29%  >5000=41.32%  >10000=23.81%  >30000= 4.72%  >50000= 1.84%

============================================================================
AGGREGATE STATISTICS
============================================================================
Materials processed: 348

[cohort1 (mat<100, factor1)] 99 materials, 19,800,000 samples
  [cohort1 (mat<100, factor1)] n=19,800,000  min=0  max=2.135e+05  mean=2.098e+04  median=1.501e+04  std=2.078e+04  geomean(>0)=1.265e+04
    quantiles: p    1=0  p    5=1032  p   10=2254  p   25=6315  p   50=1.501e+04  p   75=2.877e+04  p   90=4.697e+04  p   95=6.234e+04  p   99=9.931e+04  p 99.9=1.492e+05
    above-thr: >10=98.45%  >100=98.23%  >1000=95.13%  >5000=79.58%  >10000=63.32%  >30000=23.44%  >50000= 8.67%

[cohort2 (100<=mat<352, factor2)] 249 materials, 49,800,000 samples
  [cohort2 (100<=mat<352, factor2)] n=49,800,000  min=0  max=2.211e+05  mean=3.346e+04  median=2.477e+04  std=3.042e+04  geomean(>0)=2.023e+04
    quantiles: p    1=538.2  p    5=2099  p   10=3918  p   25=1.028e+04  p   50=2.477e+04  p   75=4.845e+04  p   90=7.381e+04  p   95=9.218e+04  p   99=1.391e+05  p 99.9=1.801e+05
    above-thr: >10=99.74%  >100=99.66%  >1000=97.96%  >5000=87.18%  >10000=75.59%  >30000=43.10%  >50000=23.85%

[cohort3 (mat>=352, factor3=factor2*0.4)] no materials

[ALL COHORTS] 69,600,000 samples
  [global-pool] n=69,600,000  min=0  max=2.211e+05  mean=2.991e+04  median=2.123e+04  std=2.858e+04  geomean(>0)=1.772e+04
    quantiles: p    1=250.8  p    5=1704  p   10=3307  p   25=8795  p   50=2.123e+04  p   75=4.24e+04  p   90=6.836e+04  p   95=8.463e+04  p   99=1.273e+05  p 99.9=1.801e+05
    above-thr: >10=99.37%  >100=99.25%  >1000=97.15%  >5000=85.02%  >10000=72.10%  >30000=37.51%  >50000=19.53%

Distribution of per-material medians (post-CCM):
  [per-mat-medians] n=       348  min=936.3  max=6.925e+04  mean=2.437e+04  median=2.237e+04  std=1.578e+04  geomean(>0)=1.858e+04
    quantiles: p    1=2087  p    5=3506  p   10=5737  p   25=1.12e+04  p   50=2.237e+04  p   75=3.446e+04  p   90=4.683e+04  p   95=5.277e+04  p   99=6.647e+04  p 99.9=6.867e+04
    above-thr: >10=100.00%  >100=100.00%  >1000=99.71%  >5000=91.38%  >10000=77.30%  >30000=31.32%  >50000= 7.18%

Distribution of per-material means:
  [per-mat-means] n=       348  min=1921  max=7.462e+04  mean=2.991e+04  median=2.904e+04  std=1.618e+04  geomean(>0)=2.491e+04
    quantiles: p    1=4863  p    5=6938  p   10=9877  p   25=1.628e+04  p   50=2.904e+04  p   75=4.091e+04  p   90=5.268e+04  p   95=5.805e+04  p   99=7.041e+04  p 99.9=7.382e+04
    above-thr: >10=100.00%  >100=100.00%  >1000=100.00%  >5000=98.56%  >10000=89.66%  >30000=45.98%  >50000=13.51%

Distribution of per-material geomeans (positive only):
  [per-mat-geomeans] n=       348  min=990.5  max=6.674e+04  mean=2.271e+04  median=2.064e+04  std=1.454e+04  geomean(>0)=1.759e+04
    quantiles: p    1=2666  p    5=4020  p   10=5621  p   25=1.067e+04  p   50=2.064e+04  p   75=3.156e+04  p   90=4.31e+04  p   95=4.9e+04  p   99=6.144e+04  p 99.9=6.6e+04
    above-thr: >10=100.00%  >100=100.00%  >1000=99.71%  >5000=91.09%  >10000=77.01%  >30000=27.59%  >50000= 4.89%

Suggested logrel_ref candidates (pick one matching loss intent):
  median(global pool)        = 2.123e+04    <- mass-balanced default
  geomean(global pool)       = 1.772e+04    <- log-symmetric (matches log_mapping)
  mean(per-mat medians)      = 2.437e+04    <- robust to one outlier material
  mean(per-mat medians, mat<100) = 1.61e+04    <- aligned with current factor1 reference cohort

----------------------------------------------------------------------------
REF POSITION  (current real ref = 30000)
----------------------------------------------------------------------------
  ref                                = 30000
  percentile inside global pool      = 62.49%   (fraction of values <= ref)
  ref / global-median                = 1.41   (median = 2.123e+04)
  ref / global-geomean               = 1.69   (geomean(>0) = 1.772e+04)
  -> ref >= median: most loss mass falls in the LINEAR regime (small-rel-error, gradient ~ 1/ref).

  per-cohort ref position (raw ref, before per-cohort scaling):
    cohort1 (mat<100, factor1)                  pct= 76.56%  ref/med=2  ref/geo=2.37
    cohort2 (100<=mat<352, factor2)             pct= 56.90%  ref/med=1.21  ref/geo=1.48
